external_gene_name,ensembl_gene_id,description,Group name,Protein,Metabolic,Lipid,HGNC_ID,HGNC_gene_name,Manning_Group,Manning_Family,Manning_Subfamily,HGNC_key,HGNC_ID_val
AAK1,ENSG00000115977,AP2 associated kinase 1,,N,N,N,HGNC:19679,AAK1,Other,NAK,,AAK1,HGNC:19679
AATK,ENSG00000181409,apoptosis associated tyrosine kinase,Receptor tyrosine kinases,Y,N,N,HGNC:21,AATK,,,,AATK,HGNC:21
ABL1,ENSG00000097007,"ABL proto-oncogene 1, non-receptor tyrosine kinase",Abl family tyrosine kinases,Y,N,N,HGNC:76,ABL1,TK,Abl,,ABL1,HGNC:76
ABL2,ENSG00000143322,"ABL proto-oncogene 2, non-receptor tyrosine kinase",Abl family tyrosine kinases,Y,N,N,HGNC:77,ABL2,TK,Abl,,ABL2,HGNC:77
ABR,ENSG00000159842,ABR activator of RhoGEF and GTPase,,N,N,N,HGNC:81,ABR,,,,ABR,HGNC:81
ACVR1,ENSG00000115170,activin A receptor type 1,Type 1 receptor serine/threonine kinases,Y,N,N,HGNC:171,ACVR1,,,,ACVR1,HGNC:171
ACVR1B,ENSG00000135503,activin A receptor type 1B,Type 1 receptor serine/threonine kinases,Y,N,N,HGNC:172,ACVR1B,,,,ACVR1B,HGNC:172
ACVR1C,ENSG00000123612,activin A receptor type 1C,Type 1 receptor serine/threonine kinases,Y,N,N,HGNC:18123,ACVR1C,,,,ACVR1C,HGNC:18123
ACVR2A,ENSG00000121989,activin A receptor type 2A,Type 2 receptor serine/threonine kinases,Y,N,N,HGNC:173,ACVR2A,,,,ACVR2A,HGNC:173
ACVR2B,ENSG00000114739,activin A receptor type 2B,Type 2 receptor serine/threonine kinases,Y,N,N,HGNC:174,ACVR2B,,,,ACVR2B,HGNC:174
ACVRL1,ENSG00000139567,activin A receptor like type 1,Type 1 receptor serine/threonine kinases,Y,N,N,HGNC:175,ACVRL1,,,,ACVRL1,HGNC:175
ADCK1,ENSG00000063761,aarF domain containing kinase 1,,N,N,N,HGNC:19038,ADCK1,Atypical,ABC1,ABC1-B,ADCK1,HGNC:19038
ADCK2,ENSG00000133597,aarF domain containing kinase 2,,N,N,N,HGNC:19039,ADCK2,Atypical,ABC1,ABC1-C,ADCK2,HGNC:19039
ADCK5,ENSG00000173137,aarF domain containing kinase 5,,N,N,N,HGNC:21738,ADCK5,Atypical,ABC1,ABC1-B,ADCK5,HGNC:21738
ADK,ENSG00000156110,adenosine kinase,,N,Y,N,HGNC:257,ADK,,,,ADK,HGNC:257
ADPGK,ENSG00000159322,ADP dependent glucokinase,,N,N,N,HGNC:25250,ADPGK,,,,ADPGK,HGNC:25250
AGK,ENSG00000006530,acylglycerol kinase,,N,Y,Y,HGNC:21869,AGK,,,,AGK,HGNC:21869
AK1,ENSG00000106992,adenylate kinase 1,Adenylate kinases,Y,Y,N,HGNC:361,AK1,,,,AK1,HGNC:361
AK2,ENSG00000004455,adenylate kinase 2,Adenylate kinases,Y,Y,N,HGNC:362,AK2,,,,AK2,HGNC:362
AK3,ENSG00000147853,adenylate kinase 3,Adenylate kinases,Y,Y,N,HGNC:17376,AK3,,,,AK3,HGNC:17376
AK4,ENSG00000162433,adenylate kinase 4,Adenylate kinases,Y,Y,N,HGNC:363,AK4,,,,AK4,HGNC:363
AK4P3,ENSG00000233381,adenylate kinase 4 pseudogene 3,,N,N,N,HGNC:21596,AK4P3,,,,AK4P3,HGNC:21596
AK5,ENSG00000154027,adenylate kinase 5,Adenylate kinases,Y,Y,N,HGNC:365,AK5,,,,AK5,HGNC:365
AK6,ENSG00000085231,adenylate kinase 6,Adenylate kinases,Y,Y,N,HGNC:49151,AK6,,,,AK6,HGNC:49151
AK7,ENSG00000140057,adenylate kinase 7,Adenylate kinases,Y,Y,N,HGNC:20091,AK7,,,,AK7,HGNC:20091
AK8,ENSG00000165695,adenylate kinase 8,Adenylate kinases,Y,Y,N,HGNC:26526,AK8,,,,AK8,HGNC:26526
AK9,ENSG00000155085,adenylate kinase 9,Adenylate kinases,Y,Y,N,HGNC:33814,AK9,,,,AK9,HGNC:33814
AKAP10,ENSG00000108599,A-kinase anchoring protein 10,A-kinase anchoring proteins,Y,N,N,HGNC:368,AKAP10,,,,AKAP10,HGNC:368
AKAP4,ENSG00000147081,A-kinase anchoring protein 4,A-kinase anchoring proteins,Y,N,N,HGNC:374,AKAP4,,,,AKAP4,HGNC:374
AKAP7,ENSG00000118507,A-kinase anchoring protein 7,A-kinase anchoring proteins,Y,N,N,HGNC:377,AKAP7,,,,AKAP7,HGNC:377
AKAP8L,ENSG00000011243,A-kinase anchoring protein 8 like,,N,N,N,HGNC:29857,AKAP8L,,,,AKAP8L,HGNC:29857
AKT1,ENSG00000142208,AKT serine/threonine kinase 1,AKT kinase family,Y,Y,Y,HGNC:391,AKT1,AGC,AKT,,AKT1,HGNC:391
AKT2,ENSG00000105221,AKT serine/threonine kinase 2,AKT kinase family,Y,Y,Y,HGNC:392,AKT2,AGC,AKT,,AKT2,HGNC:392
AKT3,ENSG00000117020,AKT serine/threonine kinase 3,AKT kinase family,Y,Y,Y,HGNC:393,AKT3,AGC,AKT,,AKT3,HGNC:393
ALDH18A1,ENSG00000059573,aldehyde dehydrogenase 18 family member A1,,N,Y,N,HGNC:9722,ALDH18A1,,,,ALDH18A1,HGNC:9722
ALK,ENSG00000171094,ALK receptor tyrosine kinase,Receptor tyrosine kinases,Y,N,N,HGNC:427,ALK,TK,Alk,,ALK,HGNC:427
ALPK1,ENSG00000073331,alpha kinase 1,,N,N,N,HGNC:20917,ALPK1,,,,ALPK1,HGNC:20917
ALPK2,ENSG00000198796,alpha kinase 2,,N,N,N,HGNC:20565,ALPK2,,,,ALPK2,HGNC:20565
ALPK3,ENSG00000136383,alpha kinase 3,,N,N,N,HGNC:17574,ALPK3,,,,ALPK3,HGNC:17574
AMHR2,ENSG00000135409,anti-Mullerian hormone receptor type 2,Type 2 receptor serine/threonine kinases,Y,N,N,HGNC:465,AMHR2,,,,AMHR2,HGNC:465
ANKK1,ENSG00000170209,ankyrin repeat and kinase domain containing 1,,N,N,N,HGNC:21027,ANKK1,,,,ANKK1,HGNC:21027
ARAF,ENSG00000078061,"A-Raf proto-oncogene, serine/threonine kinase",Mitogen-activated protein kinase kinase kinases,Y,N,N,HGNC:646,ARAF,TKL,RAF,,ARAF,HGNC:646
ATM,ENSG00000149311,ATM serine/threonine kinase,,N,N,N,HGNC:795,ATM,Atypical,PIKK,ATM,ATM,HGNC:795
ATR,ENSG00000175054,ATR serine/threonine kinase,,N,N,N,HGNC:882,ATR,Atypical,PIKK,ATR,ATR,HGNC:882
AURKA,ENSG00000087586,aurora kinase A,Aurora kinase family,Y,N,N,HGNC:11393,AURKA,,,,AURKA,HGNC:11393
AURKB,ENSG00000178999,aurora kinase B,Aurora kinase family,Y,N,N,HGNC:11390,AURKB,,,,AURKB,HGNC:11390
AURKC,ENSG00000105146,aurora kinase C,Aurora kinase family,Y,N,N,HGNC:11391,AURKC,,,,AURKC,HGNC:11391
AVP,ENSG00000101200,arginine vasopressin,,N,N,N,HGNC:894,AVP,,,,AVP,HGNC:894
AXL,ENSG00000167601,AXL receptor tyrosine kinase,Receptor tyrosine kinases,Y,N,N,HGNC:905,AXL,TK,Axl,,AXL,HGNC:905
BAZ1B,ENSG00000009954,bromodomain adjacent to zinc finger domain 1B,,N,N,N,HGNC:961,BAZ1B,,,,BAZ1B,HGNC:961
BCKDK,ENSG00000103507,branched chain keto acid dehydrogenase kinase,,N,N,N,HGNC:16902,BCKDK,Atypical,PDHK,,BCKDK,HGNC:16902
BCR,ENSG00000186716,BCR activator of RhoGEF and GTPase,,N,N,N,HGNC:1014,BCR,Atypical,BCR,,BCR,HGNC:1014
BEGAIN,ENSG00000183092,brain enriched guanylate kinase associated,,N,N,N,HGNC:24163,BEGAIN,,,,BEGAIN,HGNC:24163
BLK,ENSG00000136573,"BLK proto-oncogene, Src family tyrosine kinase",Src family tyrosine kinases,Y,N,N,HGNC:1057,BLK,TK,Src,,BLK,HGNC:1057
BLVRA,ENSG00000106605,biliverdin reductase A,,N,Y,N,HGNC:1062,BLVRA,,,,BLVRA,HGNC:1062
BMP2K,ENSG00000138756,BMP2 inducible kinase,,N,N,N,HGNC:18041,BMP2K,,,,BMP2K,HGNC:18041
BMPR1A,ENSG00000107779,bone morphogenetic protein receptor type 1A,Type 1 receptor serine/threonine kinases,Y,N,N,HGNC:1076,BMPR1A,TKL,STKR,Type1,BMPR1A,HGNC:1076
BMPR1B,ENSG00000138696,bone morphogenetic protein receptor type 1B,Type 1 receptor serine/threonine kinases,Y,N,N,HGNC:1077,BMPR1B,TKL,STKR,Type1,BMPR1B,HGNC:1077
BMPR2,ENSG00000204217,bone morphogenetic protein receptor type 2,Type 2 receptor serine/threonine kinases,Y,N,N,HGNC:1078,BMPR2,TKL,STKR,Type2,BMPR2,HGNC:1078
BMX,ENSG00000102010,BMX non-receptor tyrosine kinase,Tec family tyrosine kinases,Y,N,N,HGNC:1079,BMX,TK,Tec,,BMX,HGNC:1079
BRAF,ENSG00000157764,"B-Raf proto-oncogene, serine/threonine kinase",Mitogen-activated protein kinase kinase kinases,Y,N,N,HGNC:1097,BRAF,TKL,RAF,,BRAF,HGNC:1097
BRD2,ENSG00000204256,bromodomain containing 2,,N,N,N,HGNC:1103,BRD2,Atypical,BRD,,BRD2,HGNC:1103
BRD3,ENSG00000169925,bromodomain containing 3,,N,N,N,HGNC:1104,BRD3,Atypical,BRD,,BRD3,HGNC:1104
BRD4,ENSG00000141867,bromodomain containing 4,,N,N,N,HGNC:13575,BRD4,Atypical,BRD,,BRD4,HGNC:13575
BRDT,ENSG00000137948,bromodomain testis associated,,N,N,N,HGNC:1105,BRDT,Atypical,BRD,,BRDT,HGNC:1105
BRSK1,ENSG00000160469,BR serine/threonine kinase 1,BR serine/threonine kinases,Y,N,N,HGNC:18994,BRSK1,CAMK,CAMKL,BRSK,BRSK1,HGNC:18994
BRSK2,ENSG00000174672,BR serine/threonine kinase 2,BR serine/threonine kinases,Y,N,N,HGNC:11405,BRSK2,CAMK,CAMKL,BRSK,BRSK2,HGNC:11405
BTK,ENSG00000010671,Bruton tyrosine kinase,Tec family tyrosine kinases,Y,N,N,HGNC:1133,BTK,TK,Tec,,BTK,HGNC:1133
BUB1,ENSG00000169679,BUB1 mitotic checkpoint serine/threonine kinase,BUB1 mitotic checkpoint serine/threonine kinase family,Y,N,N,HGNC:1148,BUB1,Other,BUB,,BUB1,HGNC:1148
BUB1B,ENSG00000156970,BUB1 mitotic checkpoint serine/threonine kinase B,BUB1 mitotic checkpoint serine/threonine kinase family,Y,N,N,HGNC:1149,BUB1B,Other,BUB,,BUB1B,HGNC:1149
C8orf44-SGK3,ENSG00000288602,C8orf44-SGK3 readthrough,,N,N,N,HGNC:48354,C8orf44-SGK3,,,,C8ORF44-SGK3,HGNC:48354
CAD,ENSG00000084774,"carbamoyl-phosphate synthetase 2, aspartate transcarbamylase, and dihydroorotase",,N,Y,N,HGNC:1424,CAD,,,,CAD,HGNC:1424
CALM1,ENSG00000198668,calmodulin 1,Phosphorylase kinase subunits,Y,N,Y,HGNC:1442,CALM1,,,,CALM1,HGNC:1442
CALM2,ENSG00000143933,calmodulin 2,Phosphorylase kinase subunits,Y,N,Y,HGNC:1445,CALM2,,,,CALM2,HGNC:1445
CALM3,ENSG00000160014,calmodulin 3,Phosphorylase kinase subunits,Y,N,Y,HGNC:1449,CALM3,,,,CALM3,HGNC:1449
CAMK1,ENSG00000134072,calcium/calmodulin dependent protein kinase I,,N,N,N,HGNC:1459,CAMK1,CAMK,CAMK1,,CAMK1,HGNC:1459
CAMK1D,ENSG00000183049,calcium/calmodulin dependent protein kinase ID,,N,N,N,HGNC:19341,CAMK1D,CAMK,CAMK1,,CAMK1D,HGNC:19341
CAMK1G,ENSG00000008118,calcium/calmodulin dependent protein kinase IG,,N,N,N,HGNC:14585,CAMK1G,CAMK,CAMK1,,CAMK1G,HGNC:14585
CAMK2A,ENSG00000070808,calcium/calmodulin dependent protein kinase II alpha,,N,N,Y,HGNC:1460,CAMK2A,CAMK,CAMK2,,CAMK2A,HGNC:1460
CAMK2B,ENSG00000058404,calcium/calmodulin dependent protein kinase II beta,,N,N,Y,HGNC:1461,CAMK2B,CAMK,CAMK2,,CAMK2B,HGNC:1461
CAMK2D,ENSG00000145349,calcium/calmodulin dependent protein kinase II delta,,N,N,Y,HGNC:1462,CAMK2D,CAMK,CAMK2,,CAMK2D,HGNC:1462
CAMK2G,ENSG00000148660,calcium/calmodulin dependent protein kinase II gamma,,N,N,Y,HGNC:1463,CAMK2G,CAMK,CAMK2,,CAMK2G,HGNC:1463
CAMK4,ENSG00000152495,calcium/calmodulin dependent protein kinase IV,,N,N,N,HGNC:1464,CAMK4,CAMK,CAMK1,,CAMK4,HGNC:1464
CAMKK1,ENSG00000004660,calcium/calmodulin dependent protein kinase kinase 1,,N,N,N,HGNC:1469,CAMKK1,Other,CAMKK,Meta,CAMKK1,HGNC:1469
CAMKK2,ENSG00000110931,calcium/calmodulin dependent protein kinase kinase 2,,N,N,N,HGNC:1470,CAMKK2,Other,CAMKK,Meta,CAMKK2,HGNC:1470
CAMKV,ENSG00000164076,CaM kinase like vesicle associated,,N,N,N,HGNC:28788,CAMKV,,,,CAMKV,HGNC:28788
CASK,ENSG00000147044,calcium/calmodulin dependent serine protein kinase,Membrane associated guanylate kinases,Y,N,N,HGNC:1497,CASK,CAMK,CASK,,CASK,HGNC:1497
CCL2,ENSG00000108691,C-C motif chemokine ligand 2,,N,N,Y,HGNC:10618,CCL2,,,,CCL2,HGNC:10618
CCL3,ENSG00000274221,C-C motif chemokine ligand 3,,N,N,Y,HGNC:10627,CCL3,,,,CCL3,HGNC:10627
CCL5,ENSG00000271503,C-C motif chemokine ligand 5,,N,N,Y,HGNC:10632,CCL5,,,,CCL5,HGNC:10632
CCL8,ENSG00000108700,C-C motif chemokine ligand 8,,N,N,N,HGNC:10635,CCL8,,,,CCL8,HGNC:10635
CCND1,ENSG00000110092,cyclin D1,,N,N,N,HGNC:1582,CCND1,,,,CCND1,HGNC:1582
CCNE1,ENSG00000105173,cyclin E1,,N,N,N,HGNC:1589,CCNE1,,,,CCNE1,HGNC:1589
CCNH,ENSG00000134480,cyclin H,CDK activating kinase complex,Y,N,N,HGNC:1594,CCNH,,,,CCNH,HGNC:1594
CDC42BPA,ENSG00000143776,CDC42 binding protein kinase alpha,CDC42 binding protein kinase family,Y,N,N,HGNC:1737,CDC42BPA,,,,CDC42BPA,HGNC:1737
CDC42BPB,ENSG00000198752,CDC42 binding protein kinase beta,CDC42 binding protein kinase family,Y,N,N,HGNC:1738,CDC42BPB,,,,CDC42BPB,HGNC:1738
CDC42BPG,ENSG00000171219,CDC42 binding protein kinase gamma,CDC42 binding protein kinase family,Y,N,N,HGNC:29829,CDC42BPG,,,,CDC42BPG,HGNC:29829
CDC7,ENSG00000097046,cell division cycle 7,CDC7 kinase family,Y,N,N,HGNC:1745,CDC7,Other,CDC7,,CDC7,HGNC:1745
CDK1,ENSG00000170312,cyclin dependent kinase 1,Cyclin dependent kinases,Y,N,N,HGNC:1722,CDK1,CMGC,CDK,CDK10,CDK1,HGNC:1722
CDK10,ENSG00000185324,cyclin dependent kinase 10,Cyclin dependent kinases,Y,N,N,HGNC:1770,CDK10,CMGC,CDK,CDK10,CDK10,HGNC:1770
CDK11A,ENSG00000008128,cyclin dependent kinase 11A,Cyclin dependent kinases,Y,N,N,HGNC:1730,CDK11A,CMGC,CDK,CDK8,CDK11A,HGNC:1730
CDK11B,ENSG00000248333,cyclin dependent kinase 11B,Cyclin dependent kinases,Y,N,N,HGNC:1729,CDK11B,CMGC,CDK,CDK8,CDK11B,HGNC:1729
CDK12,ENSG00000167258,cyclin dependent kinase 12,Cyclin dependent kinases,Y,N,N,HGNC:24224,CDK12,,,,CDK12,HGNC:24224
CDK13,ENSG00000065883,cyclin dependent kinase 13,Cyclin dependent kinases,Y,N,N,HGNC:1733,CDK13,,,,CDK13,HGNC:1733
CDK14,ENSG00000058091,cyclin dependent kinase 14,Cyclin dependent kinases,Y,N,N,HGNC:8883,CDK14,,,,CDK14,HGNC:8883
CDK15,ENSG00000138395,cyclin dependent kinase 15,Cyclin dependent kinases,Y,N,N,HGNC:14434,CDK15,,,,CDK15,HGNC:14434
CDK16,ENSG00000102225,cyclin dependent kinase 16,Cyclin dependent kinases,Y,N,N,HGNC:8749,CDK16,,,,CDK16,HGNC:8749
CDK17,ENSG00000059758,cyclin dependent kinase 17,Cyclin dependent kinases,Y,N,N,HGNC:8750,CDK17,,,,CDK17,HGNC:8750
CDK18,ENSG00000117266,cyclin dependent kinase 18,Cyclin dependent kinases,Y,N,N,HGNC:8751,CDK18,,,,CDK18,HGNC:8751
CDK19,ENSG00000155111,cyclin dependent kinase 19,Cyclin dependent kinases,Y,N,N,HGNC:19338,CDK19,,,,CDK19,HGNC:19338
CDK2,ENSG00000123374,cyclin dependent kinase 2,Cyclin dependent kinases,Y,N,N,HGNC:1771,CDK2,CMGC,CDK,CDC2,CDK2,HGNC:1771
CDK20,ENSG00000156345,cyclin dependent kinase 20,Cyclin dependent kinases,Y,N,N,HGNC:21420,CDK20,CMGC,CDK,CDC2,CDK20,HGNC:21420
CDK2AP2,ENSG00000167797,cyclin dependent kinase 2 associated protein 2,,N,N,N,HGNC:30833,CDK2AP2,CMGC,CDK,CDC2,CDK2AP2,HGNC:30833
CDK3,ENSG00000250506,cyclin dependent kinase 3,Cyclin dependent kinases,Y,N,N,HGNC:1772,CDK3,CMGC,CDK,CDC2,CDK3,HGNC:1772
CDK4,ENSG00000135446,cyclin dependent kinase 4,Cyclin dependent kinases,Y,N,N,HGNC:1773,CDK4,CMGC,CDK,CDK4,CDK4,HGNC:1773
CDK5,ENSG00000164885,cyclin dependent kinase 5,Cyclin dependent kinases,Y,N,N,HGNC:1774,CDK5,CMGC,CDK,CDK5,CDK5,HGNC:1774
CDK5R1,ENSG00000176749,cyclin dependent kinase 5 regulatory subunit 1,,N,N,N,HGNC:1775,CDK5R1,CMGC,CDK,CDK5,CDK5R1,HGNC:1775
CDK6,ENSG00000105810,cyclin dependent kinase 6,Cyclin dependent kinases,Y,N,N,HGNC:1777,CDK6,CMGC,CDK,CDK4,CDK6,HGNC:1777
CDK7,ENSG00000134058,cyclin dependent kinase 7,CDK activating kinase complex,Y,N,N,HGNC:1778,CDK7,CMGC,CDK,CDK7,CDK7,HGNC:1778
CDK8,ENSG00000132964,cyclin dependent kinase 8,Cyclin dependent kinases,Y,N,N,HGNC:1779,CDK8,CMGC,CDK,CDK8,CDK8,HGNC:1779
CDK9,ENSG00000136807,cyclin dependent kinase 9,Cyclin dependent kinases,Y,N,N,HGNC:1780,CDK9,CMGC,CDK,CDK9,CDK9,HGNC:1780
CDKL1,ENSG00000100490,cyclin dependent kinase like 1,Cyclin dependent kinases,Y,N,N,HGNC:1781,CDKL1,CMGC,CDKL,,CDKL1,HGNC:1781
CDKL2,ENSG00000138769,cyclin dependent kinase like 2,Cyclin dependent kinases,Y,N,N,HGNC:1782,CDKL2,CMGC,CDKL,,CDKL2,HGNC:1782
CDKL3,ENSG00000006837,cyclin dependent kinase like 3,Cyclin dependent kinases,Y,N,N,HGNC:15483,CDKL3,CMGC,CDKL,,CDKL3,HGNC:15483
CDKL4,ENSG00000205111,cyclin dependent kinase like 4,Cyclin dependent kinases,Y,N,N,HGNC:19287,CDKL4,CMGC,CDKL,,CDKL4,HGNC:19287
CDKL5,ENSG00000008086,cyclin dependent kinase like 5,Cyclin dependent kinases,Y,N,N,HGNC:11411,CDKL5,CMGC,CDKL,,CDKL5,HGNC:11411
CERK,ENSG00000100422,ceramide kinase,,N,Y,Y,HGNC:19256,CERK,,,,CERK,HGNC:19256
CERKL,ENSG00000188452,CERK like autophagy regulator,,N,N,N,HGNC:21699,CERKL,,,,CERKL,HGNC:21699
CERT1,ENSG00000113163,ceramide transporter 1,,N,N,N,HGNC:2205,CERT1,,,,CERT1,HGNC:2205
CHEK1,ENSG00000149554,checkpoint kinase 1,Checkpoint kinase 1 family,Y,N,N,HGNC:1925,CHEK1,,,,CHEK1,HGNC:1925
CHEK2,ENSG00000183765,checkpoint kinase 2,Checkpoint kinase 2 family,Y,N,N,HGNC:16627,CHEK2,,,,CHEK2,HGNC:16627
CHKA,ENSG00000110721,choline kinase alpha,Choline kinase family,Y,Y,Y,HGNC:1937,CHKA,,,,CHKA,HGNC:1937
CHKB,ENSG00000100288,choline kinase beta,Choline kinase family,Y,Y,Y,HGNC:1938,CHKB,,,,CHKB,HGNC:1938
CHUK,ENSG00000213341,component of inhibitor of nuclear factor kappa B kinase complex,I kappa B kinases,Y,N,Y,HGNC:1974,CHUK,,,,CHUK,HGNC:1974
CIITA,ENSG00000179583,class II major histocompatibility complex transactivator,,N,N,N,HGNC:7067,CIITA,,,,CIITA,HGNC:7067
CILK1,ENSG00000112144,ciliogenesis associated kinase 1,"CILK1, MAK, MOK protein kinase family",Y,N,N,HGNC:21219,CILK1,,,,CILK1,HGNC:21219
CIT,ENSG00000122966,citron rho-interacting serine/threonine kinase,DMPK kinase family,Y,N,N,HGNC:1985,CIT,,,,CIT,HGNC:1985
CKB,ENSG00000166165,creatine kinase B,Creatine kinase family,Y,Y,N,HGNC:1991,CKB,,,,CKB,HGNC:1991
CKM,ENSG00000104879,"creatine kinase, M-type",Creatine kinase family,Y,Y,N,HGNC:1994,CKM,,,,CKM,HGNC:1994
CKMT1A,ENSG00000223572,"creatine kinase, mitochondrial 1A",Creatine kinase family,Y,Y,N,HGNC:31736,CKMT1A,,,,CKMT1A,HGNC:31736
CKMT1B,ENSG00000237289,"creatine kinase, mitochondrial 1B",Creatine kinase family,Y,Y,N,HGNC:1995,CKMT1B,,,,CKMT1B,HGNC:1995
CKMT2,ENSG00000131730,"creatine kinase, mitochondrial 2",Creatine kinase family,Y,Y,N,HGNC:1996,CKMT2,,,,CKMT2,HGNC:1996
CKS1B,ENSG00000173207,CDC28 protein kinase regulatory subunit 1B,,N,N,N,HGNC:19083,CKS1B,,,,CKS1B,HGNC:19083
CLK1,ENSG00000013441,CDC like kinase 1,CDC like kinases,Y,N,N,HGNC:2068,CLK1,CMGC,CLK,,CLK1,HGNC:2068
CLK2,ENSG00000176444,CDC like kinase 2,CDC like kinases,Y,N,N,HGNC:2069,CLK2,CMGC,CLK,,CLK2,HGNC:2069
CLK3,ENSG00000179335,CDC like kinase 3,CDC like kinases,Y,N,N,HGNC:2071,CLK3,CMGC,CLK,,CLK3,HGNC:2071
CLK4,ENSG00000113240,CDC like kinase 4,CDC like kinases,Y,N,N,HGNC:13659,CLK4,CMGC,CLK,,CLK4,HGNC:13659
CLP1,ENSG00000172409,cleavage factor polyribonucleotide kinase subunit 1,,N,N,N,HGNC:16999,CLP1,,,,CLP1,HGNC:16999
CMPK1,ENSG00000162368,cytidine/uridine monophosphate kinase 1,,N,Y,N,HGNC:18170,CMPK1,,,,CMPK1,HGNC:18170
CMPK2,ENSG00000134326,cytidine/uridine monophosphate kinase 2,,N,Y,N,HGNC:27015,CMPK2,,,,CMPK2,HGNC:27015
CNKSR1,ENSG00000142675,connector enhancer of kinase suppressor of Ras 1,,N,N,N,HGNC:19700,CNKSR1,,,,CNKSR1,HGNC:19700
COASY,ENSG00000068120,Coenzyme A synthase,,N,N,N,HGNC:29932,COASY,,,,COASY,HGNC:29932
COQ8A,ENSG00000163050,coenzyme Q8A,,N,N,N,HGNC:16812,COQ8A,,,,COQ8A,HGNC:16812
COQ8B,ENSG00000123815,coenzyme Q8B,,N,N,N,HGNC:19041,COQ8B,,,,COQ8B,HGNC:19041
CPNE3,ENSG00000085719,copine 3,,N,N,N,HGNC:2316,CPNE3,,,,CPNE3,HGNC:2316
CSF1R,ENSG00000182578,colony stimulating factor 1 receptor,Receptor tyrosine kinases,Y,N,N,HGNC:2433,CSF1R,,,,CSF1R,HGNC:2433
CSK,ENSG00000103653,C-terminal Src kinase,Csk family tyrosine kinases,Y,N,N,HGNC:2444,CSK,TK,Csk,,CSK,HGNC:2444
CSNK1A1,ENSG00000113712,casein kinase 1 alpha 1,Casein kinase 1 family,Y,N,N,HGNC:2451,CSNK1A1,,,,CSNK1A1,HGNC:2451
CSNK1A1L,ENSG00000180138,casein kinase 1 alpha 1 like,Casein kinase 1 family,Y,N,N,HGNC:20289,CSNK1A1L,,,,CSNK1A1L,HGNC:20289
CSNK1D,ENSG00000141551,casein kinase 1 delta,Casein kinase 1 family,Y,N,N,HGNC:2452,CSNK1D,,,,CSNK1D,HGNC:2452
CSNK1E,ENSG00000213923,casein kinase 1 epsilon,Casein kinase 1 family,Y,N,N,HGNC:2453,CSNK1E,,,,CSNK1E,HGNC:2453
CSNK1G1,ENSG00000169118,casein kinase 1 gamma 1,Casein kinase 1 family,Y,N,N,HGNC:2454,CSNK1G1,,,,CSNK1G1,HGNC:2454
CSNK1G2,ENSG00000133275,casein kinase 1 gamma 2,Casein kinase 1 family,Y,N,N,HGNC:2455,CSNK1G2,,,,CSNK1G2,HGNC:2455
CSNK1G3,ENSG00000151292,casein kinase 1 gamma 3,Casein kinase 1 family,Y,N,N,HGNC:2456,CSNK1G3,,,,CSNK1G3,HGNC:2456
CSNK2A1,ENSG00000101266,casein kinase 2 alpha 1,,N,N,N,HGNC:2457,CSNK2A1,,,,CSNK2A1,HGNC:2457
CSNK2A2,ENSG00000070770,casein kinase 2 alpha 2,,N,N,N,HGNC:2459,CSNK2A2,,,,CSNK2A2,HGNC:2459
CSNK2A3,ENSG00000254598,casein kinase 2 alpha 3,,N,N,N,HGNC:2458,CSNK2A3,,,,CSNK2A3,HGNC:2458
CSNK2B,ENSG00000204435,casein kinase 2 beta,,N,N,N,HGNC:2460,CSNK2B,,,,CSNK2B,HGNC:2460
DAPK1,ENSG00000196730,death associated protein kinase 1,Death associated protein kinases,Y,N,N,HGNC:2674,DAPK1,CAMK,DAPK,,DAPK1,HGNC:2674
DAPK2,ENSG00000035664,death associated protein kinase 2,Death associated protein kinases,Y,N,N,HGNC:2675,DAPK2,CAMK,DAPK,,DAPK2,HGNC:2675
DAPK3,ENSG00000167657,death associated protein kinase 3,Death associated protein kinases,Y,N,N,HGNC:2676,DAPK3,CAMK,DAPK,,DAPK3,HGNC:2676
DCAF1,ENSG00000145041,DDB1 and CUL4 associated factor 1,,N,N,N,HGNC:30911,DCAF1,,,,DCAF1,HGNC:30911
DCK,ENSG00000156136,deoxycytidine kinase,Deoxyribonucleoside kinases,Y,Y,N,HGNC:2704,DCK,,,,DCK,HGNC:2704
DCLK1,ENSG00000133083,doublecortin like kinase 1,Doublecortin like kinase family,Y,N,N,HGNC:2700,DCLK1,,,,DCLK1,HGNC:2700
DCLK2,ENSG00000170390,doublecortin like kinase 2,Doublecortin like kinase family,Y,N,N,HGNC:19002,DCLK2,,,,DCLK2,HGNC:19002
DCLK3,ENSG00000163673,doublecortin like kinase 3,Doublecortin like kinase family,Y,N,N,HGNC:19005,DCLK3,,,,DCLK3,HGNC:19005
DDR1,ENSG00000137332,discoidin domain receptor tyrosine kinase 1,Receptor tyrosine kinases,Y,N,N,HGNC:2730,DDR1,TK,DDR,,DDR1,HGNC:2730
DDR2,ENSG00000162733,discoidin domain receptor tyrosine kinase 2,Receptor tyrosine kinases,Y,N,N,HGNC:2731,DDR2,TK,DDR,,DDR2,HGNC:2731
DGKA,ENSG00000065357,diacylglycerol kinase alpha,Diacylglycerol kinases,Y,Y,Y,HGNC:2849,DGKA,,,,DGKA,HGNC:2849
DGKB,ENSG00000136267,diacylglycerol kinase beta,Diacylglycerol kinases,Y,Y,Y,HGNC:2850,DGKB,,,,DGKB,HGNC:2850
DGKD,ENSG00000077044,diacylglycerol kinase delta,Diacylglycerol kinases,Y,Y,Y,HGNC:2851,DGKD,,,,DGKD,HGNC:2851
DGKE,ENSG00000153933,diacylglycerol kinase epsilon,Diacylglycerol kinases,Y,Y,Y,HGNC:2852,DGKE,,,,DGKE,HGNC:2852
DGKG,ENSG00000058866,diacylglycerol kinase gamma,Diacylglycerol kinases,Y,Y,Y,HGNC:2853,DGKG,,,,DGKG,HGNC:2853
DGKH,ENSG00000102780,diacylglycerol kinase eta,Diacylglycerol kinases,Y,Y,Y,HGNC:2854,DGKH,,,,DGKH,HGNC:2854
DGKI,ENSG00000157680,diacylglycerol kinase iota,Diacylglycerol kinases,Y,Y,Y,HGNC:2855,DGKI,,,,DGKI,HGNC:2855
DGKK,ENSG00000274588,diacylglycerol kinase kappa,Diacylglycerol kinases,Y,Y,Y,HGNC:32395,DGKK,,,,DGKK,HGNC:32395
DGKQ,ENSG00000145214,diacylglycerol kinase theta,Diacylglycerol kinases,Y,Y,Y,HGNC:2856,DGKQ,,,,DGKQ,HGNC:2856
DGKZ,ENSG00000149091,diacylglycerol kinase zeta,Diacylglycerol kinases,Y,Y,Y,HGNC:2857,DGKZ,,,,DGKZ,HGNC:2857
DGUOK,ENSG00000114956,deoxyguanosine kinase,Deoxyribonucleoside kinases,Y,Y,N,HGNC:2858,DGUOK,,,,DGUOK,HGNC:2858
DMPK,ENSG00000104936,DM1 protein kinase,DMPK kinase family,Y,N,N,HGNC:2933,DMPK,AGC,DMPK,GEK,DMPK,HGNC:2933
DOLK,ENSG00000175283,dolichol kinase,,N,N,N,HGNC:23406,DOLK,,,,DOLK,HGNC:23406
DSTYK,ENSG00000133059,dual serine/threonine and tyrosine protein kinase,,N,N,N,HGNC:29043,DSTYK,,,,DSTYK,HGNC:29043
DTYMK,ENSG00000168393,deoxythymidylate kinase,,N,Y,N,HGNC:3061,DTYMK,,,,DTYMK,HGNC:3061
DYRK1A,ENSG00000157540,dual specificity tyrosine phosphorylation regulated kinase 1A,Dual-specificity tyrosine-regulated kinase family,Y,N,N,HGNC:3091,DYRK1A,CMGC,DYRK,Dyrk1,DYRK1A,HGNC:3091
DYRK1B,ENSG00000105204,dual specificity tyrosine phosphorylation regulated kinase 1B,Dual-specificity tyrosine-regulated kinase family,Y,N,N,HGNC:3092,DYRK1B,CMGC,DYRK,Dyrk1,DYRK1B,HGNC:3092
DYRK2,ENSG00000127334,dual specificity tyrosine phosphorylation regulated kinase 2,Dual-specificity tyrosine-regulated kinase family,Y,N,N,HGNC:3093,DYRK2,CMGC,DYRK,Dyrk2,DYRK2,HGNC:3093
DYRK3,ENSG00000143479,dual specificity tyrosine phosphorylation regulated kinase 3,Dual-specificity tyrosine-regulated kinase family,Y,N,N,HGNC:3094,DYRK3,CMGC,DYRK,Dyrk2,DYRK3,HGNC:3094
DYRK4,ENSG00000010219,dual specificity tyrosine phosphorylation regulated kinase 4,Dual-specificity tyrosine-regulated kinase family,Y,N,N,HGNC:3095,DYRK4,CMGC,DYRK,Dyrk2,DYRK4,HGNC:3095
EEF2K,ENSG00000103319,eukaryotic elongation factor 2 kinase,,N,N,N,HGNC:24615,EEF2K,Atypical,Alpha,eEF2K,EEF2K,HGNC:24615
EGFR,ENSG00000146648,epidermal growth factor receptor,Erb-b2 receptor tyrosine kinases,Y,Y,N,HGNC:3236,EGFR,TK,EGFR,,EGFR,HGNC:3236
EIF2AK1,ENSG00000086232,eukaryotic translation initiation factor 2 alpha kinase 1,Eukaryotic translation initiation factor 2 alpha kinases,Y,N,N,HGNC:24921,EIF2AK1,,,,EIF2AK1,HGNC:24921
EIF2AK2,ENSG00000055332,eukaryotic translation initiation factor 2 alpha kinase 2,Eukaryotic translation initiation factor 2 alpha kinases,Y,N,N,HGNC:9437,EIF2AK2,,,,EIF2AK2,HGNC:9437
EIF2AK3,ENSG00000172071,eukaryotic translation initiation factor 2 alpha kinase 3,Eukaryotic translation initiation factor 2 alpha kinases,Y,N,Y,HGNC:3255,EIF2AK3,,,,EIF2AK3,HGNC:3255
EIF2AK4,ENSG00000128829,eukaryotic translation initiation factor 2 alpha kinase 4,Eukaryotic translation initiation factor 2 alpha kinases,Y,N,N,HGNC:19687,EIF2AK4,,,,EIF2AK4,HGNC:19687
EPHA1,ENSG00000146904,EPH receptor A1,,N,N,N,HGNC:3385,EPHA1,TK,Eph,,EPHA1,HGNC:3385
EPHA10,ENSG00000183317,EPH receptor A10,,N,N,N,HGNC:19987,EPHA10,TK,Eph,,EPHA10,HGNC:19987
EPHA2,ENSG00000142627,EPH receptor A2,,N,N,N,HGNC:3386,EPHA2,TK,Eph,,EPHA2,HGNC:3386
EPHA3,ENSG00000044524,EPH receptor A3,,N,N,N,HGNC:3387,EPHA3,TK,Eph,,EPHA3,HGNC:3387
EPHA4,ENSG00000116106,EPH receptor A4,,N,N,N,HGNC:3388,EPHA4,TK,Eph,,EPHA4,HGNC:3388
EPHA5,ENSG00000145242,EPH receptor A5,,N,N,N,HGNC:3389,EPHA5,TK,Eph,,EPHA5,HGNC:3389
EPHA6,ENSG00000080224,EPH receptor A6,,N,N,N,HGNC:19296,EPHA6,TK,Eph,,EPHA6,HGNC:19296
EPHA7,ENSG00000135333,EPH receptor A7,,N,N,N,HGNC:3390,EPHA7,TK,Eph,,EPHA7,HGNC:3390
EPHA8,ENSG00000070886,EPH receptor A8,,N,N,N,HGNC:3391,EPHA8,TK,Eph,,EPHA8,HGNC:3391
EPHB1,ENSG00000154928,EPH receptor B1,,N,N,N,HGNC:3392,EPHB1,TK,Eph,,EPHB1,HGNC:3392
EPHB2,ENSG00000133216,EPH receptor B2,,N,N,N,HGNC:3393,EPHB2,TK,Eph,,EPHB2,HGNC:3393
EPHB3,ENSG00000182580,EPH receptor B3,,N,N,N,HGNC:3394,EPHB3,TK,Eph,,EPHB3,HGNC:3394
EPHB4,ENSG00000196411,EPH receptor B4,,N,N,N,HGNC:3395,EPHB4,TK,Eph,,EPHB4,HGNC:3395
EPHB6,ENSG00000106123,EPH receptor B6,,N,N,N,HGNC:3396,EPHB6,TK,Eph,,EPHB6,HGNC:3396
EPS8L1,ENSG00000131037,EPS8 signaling adaptor L1,,N,N,N,HGNC:21295,EPS8L1,,,,EPS8L1,HGNC:21295
ERBB2,ENSG00000141736,erb-b2 receptor tyrosine kinase 2,Erb-b2 receptor tyrosine kinases,Y,Y,N,HGNC:3430,ERBB2,,,,ERBB2,HGNC:3430
ERBB3,ENSG00000065361,erb-b2 receptor tyrosine kinase 3,Erb-b2 receptor tyrosine kinases,Y,N,N,HGNC:3431,ERBB3,,,,ERBB3,HGNC:3431
ERBB4,ENSG00000178568,erb-b2 receptor tyrosine kinase 4,Erb-b2 receptor tyrosine kinases,Y,N,N,HGNC:3432,ERBB4,,,,ERBB4,HGNC:3432
ERN1,ENSG00000178607,endoplasmic reticulum to nucleus signaling 1,,N,N,Y,HGNC:3449,ERN1,,,,ERN1,HGNC:3449
ERN2,ENSG00000134398,endoplasmic reticulum to nucleus signaling 2,,N,N,N,HGNC:16942,ERN2,,,,ERN2,HGNC:16942
ETNK1,ENSG00000139163,ethanolamine kinase 1,Ethanolamine kinase family,Y,Y,Y,HGNC:24649,ETNK1,,,,ETNK1,HGNC:24649
ETNK2,ENSG00000143845,ethanolamine kinase 2,Ethanolamine kinase family,Y,Y,Y,HGNC:25575,ETNK2,,,,ETNK2,HGNC:25575
FAM20B,ENSG00000116199,FAM20B glycosaminoglycan xylosylkinase,Golgi associated kinase family,Y,N,N,HGNC:23017,FAM20B,,,,FAM20B,HGNC:23017
FAM20C,ENSG00000177706,FAM20C golgi associated secretory pathway kinase,Golgi associated kinase family,Y,N,N,HGNC:22140,FAM20C,,,,FAM20C,HGNC:22140
FASTK,ENSG00000164896,Fas activated serine/threonine kinase,,N,N,N,HGNC:24676,FASTK,Atypical,FAST,,FASTK,HGNC:24676
FCSK,ENSG00000157353,fucose kinase,,N,Y,N,HGNC:29500,FCSK,,,,FCSK,HGNC:29500
FER,ENSG00000151422,FER tyrosine kinase,Fes family tyrosine kinases,Y,N,N,HGNC:3655,FER,TK,Fer,,FER,HGNC:3655
FES,ENSG00000182511,"FES proto-oncogene, tyrosine kinase",Fes family tyrosine kinases,Y,N,N,HGNC:3657,FES,TK,Fer,,FES,HGNC:3657
FGFR1,ENSG00000077782,fibroblast growth factor receptor 1,Receptor tyrosine kinases,Y,Y,N,HGNC:3688,FGFR1,TK,FGFR,,FGFR1,HGNC:3688
FGFR2,ENSG00000066468,fibroblast growth factor receptor 2,Receptor tyrosine kinases,Y,Y,N,HGNC:3689,FGFR2,TK,FGFR,,FGFR2,HGNC:3689
FGFR3,ENSG00000068078,fibroblast growth factor receptor 3,Receptor tyrosine kinases,Y,Y,N,HGNC:3690,FGFR3,TK,FGFR,,FGFR3,HGNC:3690
FGFR4,ENSG00000160867,fibroblast growth factor receptor 4,Receptor tyrosine kinases,Y,N,N,HGNC:3691,FGFR4,TK,FGFR,,FGFR4,HGNC:3691
FGGY,ENSG00000172456,FGGY carbohydrate kinase domain containing,,N,N,N,HGNC:25610,FGGY,,,,FGGY,HGNC:25610
FGR,ENSG00000000938,"FGR proto-oncogene, Src family tyrosine kinase",Src family tyrosine kinases,Y,N,N,HGNC:3697,FGR,TK,Src,,FGR,HGNC:3697
FLT1,ENSG00000102755,fms related receptor tyrosine kinase 1,Receptor tyrosine kinases,Y,N,N,HGNC:3763,FLT1,TK,VEGFR,,FLT1,HGNC:3763
FLT3,ENSG00000122025,fms related receptor tyrosine kinase 3,Receptor tyrosine kinases,Y,Y,N,HGNC:3765,FLT3,TK,PDGFR,,FLT3,HGNC:3765
FLT4,ENSG00000037280,fms related receptor tyrosine kinase 4,Receptor tyrosine kinases,Y,N,N,HGNC:3767,FLT4,TK,VEGFR,,FLT4,HGNC:3767
FN3K,ENSG00000167363,fructosamine 3 kinase,,N,N,N,HGNC:24822,FN3K,,,,FN3K,HGNC:24822
FN3KRP,ENSG00000141560,fructosamine 3 kinase related protein,,N,N,N,HGNC:25700,FN3KRP,,,,FN3KRP,HGNC:25700
FPGT-TNNI3K,ENSG00000259030,FPGT-TNNI3K readthrough,,N,N,N,HGNC:42952,FPGT-TNNI3K,,,,FPGT-TNNI3K,HGNC:42952
FRK,ENSG00000111816,fyn related Src family tyrosine kinase,Src family tyrosine kinases,Y,N,N,HGNC:3955,FRK,TK,Src,,FRK,HGNC:3955
FYN,ENSG00000010810,"FYN proto-oncogene, Src family tyrosine kinase",Src family tyrosine kinases,Y,N,Y,HGNC:4037,FYN,TK,Src,,FYN,HGNC:4037
G6PC1,ENSG00000131482,glucose-6-phosphatase catalytic subunit 1,,N,Y,N,HGNC:4056,G6PC1,,,,G6PC1,HGNC:4056
GAK,ENSG00000178950,cyclin G associated kinase,,N,N,N,HGNC:4113,GAK,Other,NAK,,GAK,HGNC:4113
GALK1,ENSG00000108479,galactokinase 1,,N,Y,N,HGNC:4118,GALK1,,,,GALK1,HGNC:4118
GALK2,ENSG00000156958,galactokinase 2,,N,Y,N,HGNC:4119,GALK2,,,,GALK2,HGNC:4119
GCK,ENSG00000106633,glucokinase,Hexokinase family,Y,Y,N,HGNC:4195,GCK,STE,STE20,KHS,GCK,HGNC:4195
GCKR,ENSG00000084734,glucokinase regulator,,N,N,N,HGNC:4196,GCKR,STE,STE20,KHS,GCKR,HGNC:4196
GIT2,ENSG00000139436,GIT ArfGAP 2,,N,N,N,HGNC:4273,GIT2,,,,GIT2,HGNC:4273
GK,ENSG00000198814,glycerol kinase,Glycerol kinase family,Y,Y,Y,HGNC:4289,GK,,,,GK,HGNC:4289
GK2,ENSG00000196475,glycerol kinase 2,Glycerol kinase family,Y,Y,Y,HGNC:4291,GK2,,,,GK2,HGNC:4291
GK3,ENSG00000229894,glycerol kinase 3,Glycerol kinase family,Y,Y,Y,HGNC:4292,GK3,,,,GK3,HGNC:4292
GK5,ENSG00000175066,glycerol kinase 5,Glycerol kinase family,Y,N,N,HGNC:28635,GK5,,,,GK5,HGNC:28635
GKAP1,ENSG00000165113,G kinase anchoring protein 1,,N,N,N,HGNC:17496,GKAP1,,,,GKAP1,HGNC:17496
GLYCTK,ENSG00000168237,glycerate kinase,,N,Y,Y,HGNC:24247,GLYCTK,,,,GLYCTK,HGNC:24247
GNE,ENSG00000159921,glucosamine (UDP-N-acetyl)-2-epimerase/N-acetylmannosamine kinase,,N,Y,N,HGNC:23657,GNE,,,,GNE,HGNC:23657
GRK1,ENSG00000185974,G protein-coupled receptor kinase 1,G protein-coupled receptor kinase family,Y,N,N,HGNC:10013,GRK1,,,,GRK1,HGNC:10013
GRK2,ENSG00000173020,G protein-coupled receptor kinase 2,G protein-coupled receptor kinase family,Y,N,N,HGNC:289,GRK2,,,,GRK2,HGNC:289
GRK3,ENSG00000100077,G protein-coupled receptor kinase 3,G protein-coupled receptor kinase family,Y,N,N,HGNC:290,GRK3,,,,GRK3,HGNC:290
GRK4,ENSG00000125388,G protein-coupled receptor kinase 4,G protein-coupled receptor kinase family,Y,N,N,HGNC:4543,GRK4,,,,GRK4,HGNC:4543
GRK5,ENSG00000198873,G protein-coupled receptor kinase 5,G protein-coupled receptor kinase family,Y,N,N,HGNC:4544,GRK5,,,,GRK5,HGNC:4544
GRK6,ENSG00000198055,G protein-coupled receptor kinase 6,G protein-coupled receptor kinase family,Y,N,N,HGNC:4545,GRK6,,,,GRK6,HGNC:4545
GRK7,ENSG00000114124,G protein-coupled receptor kinase 7,G protein-coupled receptor kinase family,Y,N,N,HGNC:17031,GRK7,,,,GRK7,HGNC:17031
GSK3A,ENSG00000105723,glycogen synthase kinase 3 alpha,Glycogen synthase kinase 3 family,Y,N,N,HGNC:4616,GSK3A,CMGC,GSK,,GSK3A,HGNC:4616
GSK3B,ENSG00000082701,glycogen synthase kinase 3 beta,Glycogen synthase kinase 3 family,Y,N,Y,HGNC:4617,GSK3B,CMGC,GSK,,GSK3B,HGNC:4617
GUCY2C,ENSG00000070019,guanylate cyclase 2C,,N,Y,N,HGNC:4688,GUCY2C,,,,GUCY2C,HGNC:4688
GUCY2D,ENSG00000132518,"guanylate cyclase 2D, retinal",,N,Y,N,HGNC:4689,GUCY2D,,,,GUCY2D,HGNC:4689
GUCY2F,ENSG00000101890,"guanylate cyclase 2F, retinal",,N,Y,N,HGNC:4691,GUCY2F,,,,GUCY2F,HGNC:4691
GUK1,ENSG00000143774,guanylate kinase 1,,N,Y,N,HGNC:4693,GUK1,,,,GUK1,HGNC:4693
HASPIN,ENSG00000177602,histone H3 associated protein kinase,,N,N,N,HGNC:19682,HASPIN,Other,Haspin,,HASPIN,HGNC:19682
HCK,ENSG00000101336,"HCK proto-oncogene, Src family tyrosine kinase",Src family tyrosine kinases,Y,N,N,HGNC:4840,HCK,TK,Src,,HCK,HGNC:4840
HGS,ENSG00000185359,hepatocyte growth factor-regulated tyrosine kinase substrate,,N,N,N,HGNC:4897,HGS,,,,HGS,HGNC:4897
HIPK1,ENSG00000163349,homeodomain interacting protein kinase 1,Homeodomain interacting protein kinase family,Y,N,N,HGNC:19006,HIPK1,CMGC,DYRK,HIPK,HIPK1,HGNC:19006
HIPK2,ENSG00000064393,homeodomain interacting protein kinase 2,Homeodomain interacting protein kinase family,Y,N,N,HGNC:14402,HIPK2,CMGC,DYRK,HIPK,HIPK2,HGNC:14402
HIPK3,ENSG00000110422,homeodomain interacting protein kinase 3,Homeodomain interacting protein kinase family,Y,N,N,HGNC:4915,HIPK3,CMGC,DYRK,HIPK,HIPK3,HGNC:4915
HIPK4,ENSG00000160396,homeodomain interacting protein kinase 4,Homeodomain interacting protein kinase family,Y,N,N,HGNC:19007,HIPK4,CMGC,DYRK,HIPK,HIPK4,HGNC:19007
HK1,ENSG00000156515,hexokinase 1,Hexokinase family,Y,Y,N,HGNC:4922,HK1,,,,HK1,HGNC:4922
HK2,ENSG00000159399,hexokinase 2,Hexokinase family,Y,Y,N,HGNC:4923,HK2,,,,HK2,HGNC:4923
HK3,ENSG00000160883,hexokinase 3,Hexokinase family,Y,Y,N,HGNC:4925,HK3,,,,HK3,HGNC:4925
HKDC1,ENSG00000156510,hexokinase domain containing 1,Hexokinase family,Y,Y,N,HGNC:23302,HKDC1,,,,HKDC1,HGNC:23302
HTATIP2,ENSG00000109854,HIV-1 Tat interactive protein 2,,N,N,N,HGNC:16637,HTATIP2,,,,HTATIP2,HGNC:16637
HUNK,ENSG00000142149,hormonally up-regulated Neu-associated kinase,HUNK family kinases,Y,N,N,HGNC:13326,HUNK,CAMK,CAMKL,HUNK,HUNK,HGNC:13326
HYKK,ENSG00000188266,hydroxylysine kinase,,N,N,N,HGNC:34403,HYKK,,,,HYKK,HGNC:34403
IDNK,ENSG00000148057,IDNK gluconokinase,,N,N,N,HGNC:31367,IDNK,,,,IDNK,HGNC:31367
IGF1R,ENSG00000140443,insulin like growth factor 1 receptor,,N,N,N,HGNC:5465,IGF1R,TK,InsR,,IGF1R,HGNC:5465
IKBKB,ENSG00000104365,inhibitor of nuclear factor kappa B kinase subunit beta,I kappa B kinases,Y,N,Y,HGNC:5960,IKBKB,,,,IKBKB,HGNC:5960
IKBKE,ENSG00000263528,inhibitor of nuclear factor kappa B kinase subunit epsilon,I kappa B kinases,Y,N,Y,HGNC:14552,IKBKE,,,,IKBKE,HGNC:14552
IKBKG,ENSG00000269335,inhibitor of nuclear factor kappa B kinase regulatory subunit gamma,,N,N,Y,HGNC:5961,IKBKG,,,,IKBKG,HGNC:5961
ILK,ENSG00000166333,integrin linked kinase,,N,N,N,HGNC:6040,ILK,TKL,MLK,ILK,ILK,HGNC:6040
ILKAP,ENSG00000132323,ILK associated serine/threonine phosphatase,,N,N,N,HGNC:15566,ILKAP,TKL,MLK,ILK,ILKAP,HGNC:15566
INSR,ENSG00000171105,insulin receptor,,N,N,N,HGNC:6091,INSR,TK,InsR,,INSR,HGNC:6091
INSRR,ENSG00000027644,insulin receptor related receptor,,N,N,N,HGNC:6093,INSRR,TK,InsR,,INSRR,HGNC:6093
IP6K1,ENSG00000176095,inositol hexakisphosphate kinase 1,,N,Y,N,HGNC:18360,IP6K1,,,,IP6K1,HGNC:18360
IP6K2,ENSG00000068745,inositol hexakisphosphate kinase 2,,N,Y,N,HGNC:17313,IP6K2,,,,IP6K2,HGNC:17313
IP6K3,ENSG00000161896,inositol hexakisphosphate kinase 3,,N,Y,N,HGNC:17269,IP6K3,,,,IP6K3,HGNC:17269
IPMK,ENSG00000151151,inositol polyphosphate multikinase,,N,Y,N,HGNC:20739,IPMK,,,,IPMK,HGNC:20739
IPPK,ENSG00000127080,inositol-pentakisphosphate 2-kinase,,N,Y,N,HGNC:14645,IPPK,,,,IPPK,HGNC:14645
IRAK1,ENSG00000184216,interleukin 1 receptor associated kinase 1,,N,N,Y,HGNC:6112,IRAK1,TKL,IRAK,,IRAK1,HGNC:6112
IRAK2,ENSG00000134070,interleukin 1 receptor associated kinase 2,,N,N,N,HGNC:6113,IRAK2,TKL,IRAK,,IRAK2,HGNC:6113
IRAK3,ENSG00000090376,interleukin 1 receptor associated kinase 3,,N,N,N,HGNC:17020,IRAK3,TKL,IRAK,,IRAK3,HGNC:17020
IRAK4,ENSG00000198001,interleukin 1 receptor associated kinase 4,,N,N,Y,HGNC:17967,IRAK4,TKL,IRAK,,IRAK4,HGNC:17967
ITK,ENSG00000113263,IL2 inducible T cell kinase,Tec family tyrosine kinases,Y,N,N,HGNC:6171,ITK,TK,Tec,,ITK,HGNC:6171
ITPK1,ENSG00000100605,inositol-tetrakisphosphate 1-kinase,,N,Y,N,HGNC:6177,ITPK1,,,,ITPK1,HGNC:6177
ITPKA,ENSG00000137825,inositol-trisphosphate 3-kinase A,,N,Y,N,HGNC:6178,ITPKA,,,,ITPKA,HGNC:6178
ITPKB,ENSG00000143772,inositol-trisphosphate 3-kinase B,,N,Y,N,HGNC:6179,ITPKB,,,,ITPKB,HGNC:6179
ITPKC,ENSG00000086544,inositol-trisphosphate 3-kinase C,,N,Y,N,HGNC:14897,ITPKC,,,,ITPKC,HGNC:14897
JAK1,ENSG00000162434,Janus kinase 1,Jak family tyrosine kinases,Y,N,N,HGNC:6190,JAK1,TK,JakA,,JAK1,HGNC:6190
JAK2,ENSG00000096968,Janus kinase 2,Jak family tyrosine kinases,Y,N,Y,HGNC:6192,JAK2,TK,JakA,,JAK2,HGNC:6192
JAK3,ENSG00000105639,Janus kinase 3,Jak family tyrosine kinases,Y,N,N,HGNC:6193,JAK3,TK,JakA,,JAK3,HGNC:6193
KALRN,ENSG00000160145,kalirin RhoGEF kinase,,N,N,N,HGNC:4814,KALRN,,,,KALRN,HGNC:4814
KDR,ENSG00000128052,kinase insert domain receptor,Receptor tyrosine kinases,Y,N,N,HGNC:6307,KDR,TK,VEGFR,,KDR,HGNC:6307
KHK,ENSG00000138030,ketohexokinase,,N,Y,N,HGNC:6315,KHK,,,,KHK,HGNC:6315
KIT,ENSG00000157404,"KIT proto-oncogene, receptor tyrosine kinase",Receptor tyrosine kinases,Y,Y,N,HGNC:6342,KIT,TK,PDGFR,,KIT,HGNC:6342
KSR1,ENSG00000141068,kinase suppressor of ras 1,,N,N,N,HGNC:6465,KSR1,TKL,RAF,,KSR1,HGNC:6465
KSR2,ENSG00000171435,kinase suppressor of ras 2,,N,N,N,HGNC:18610,KSR2,TKL,RAF,,KSR2,HGNC:18610
LATS1,ENSG00000131023,large tumor suppressor kinase 1,Large tumor suppressor kinase family,Y,N,N,HGNC:6514,LATS1,AGC,NDR,,LATS1,HGNC:6514
LATS2,ENSG00000150457,large tumor suppressor kinase 2,Large tumor suppressor kinase family,Y,N,N,HGNC:6515,LATS2,AGC,NDR,,LATS2,HGNC:6515
LCK,ENSG00000182866,"LCK proto-oncogene, Src family tyrosine kinase",Src family tyrosine kinases,Y,N,N,HGNC:6524,LCK,TK,Src,,LCK,HGNC:6524
LIMK1,ENSG00000106683,LIM domain kinase 1,LIMK/TESK kinase family,Y,N,N,HGNC:6613,LIMK1,TKL,LISK,LIMK,LIMK1,HGNC:6613
LIMK2,ENSG00000182541,LIM domain kinase 2,LIMK/TESK kinase family,Y,N,N,HGNC:6614,LIMK2,TKL,LISK,LIMK,LIMK2,HGNC:6614
LMTK2,ENSG00000164715,lemur tyrosine kinase 2,Receptor tyrosine kinases,Y,N,N,HGNC:17880,LMTK2,,,,LMTK2,HGNC:17880
LMTK3,ENSG00000142235,lemur tyrosine kinase 3,Receptor tyrosine kinases,Y,N,N,HGNC:19295,LMTK3,,,,LMTK3,HGNC:19295
LRGUK,ENSG00000155530,leucine rich repeats and guanylate kinase domain containing,,N,N,N,HGNC:21964,LRGUK,,,,LRGUK,HGNC:21964
LRRK1,ENSG00000154237,leucine rich repeat kinase 1,,N,N,N,HGNC:18608,LRRK1,TKL,LRRK,,LRRK1,HGNC:18608
LRRK2,ENSG00000188906,leucine rich repeat kinase 2,,N,N,N,HGNC:18618,LRRK2,TKL,LRRK,,LRRK2,HGNC:18618
LTK,ENSG00000062524,leukocyte receptor tyrosine kinase,Receptor tyrosine kinases,Y,N,N,HGNC:6721,LTK,TK,Alk,,LTK,HGNC:6721
LYN,ENSG00000254087,"LYN proto-oncogene, Src family tyrosine kinase",Src family tyrosine kinases,Y,N,Y,HGNC:6735,LYN,TK,Src,,LYN,HGNC:6735
MAGI2,ENSG00000187391,"membrane associated guanylate kinase, WW and PDZ domain containing 2",Membrane associated guanylate kinases,Y,N,N,HGNC:18957,MAGI2,,,,MAGI2,HGNC:18957
MAK,ENSG00000111837,male germ cell associated kinase,"CILK1, MAK, MOK protein kinase family",Y,N,N,HGNC:6816,MAK,CMGC,RCK,,MAK,HGNC:6816
MAP2K1,ENSG00000169032,mitogen-activated protein kinase kinase 1,Mitogen-activated protein kinase kinases,Y,Y,Y,HGNC:6840,MAP2K1,STE,STE7,,MAP2K1,HGNC:6840
MAP2K2,ENSG00000126934,mitogen-activated protein kinase kinase 2,Mitogen-activated protein kinase kinases,Y,Y,Y,HGNC:6842,MAP2K2,STE,STE7,,MAP2K2,HGNC:6842
MAP2K3,ENSG00000034152,mitogen-activated protein kinase kinase 3,Mitogen-activated protein kinase kinases,Y,N,Y,HGNC:6843,MAP2K3,STE,STE7,,MAP2K3,HGNC:6843
MAP2K4,ENSG00000065559,mitogen-activated protein kinase kinase 4,Mitogen-activated protein kinase kinases,Y,N,Y,HGNC:6844,MAP2K4,STE,STE7,,MAP2K4,HGNC:6844
MAP2K5,ENSG00000137764,mitogen-activated protein kinase kinase 5,Mitogen-activated protein kinase kinases,Y,N,N,HGNC:6845,MAP2K5,STE,STE7,,MAP2K5,HGNC:6845
MAP2K6,ENSG00000108984,mitogen-activated protein kinase kinase 6,Mitogen-activated protein kinase kinases,Y,N,Y,HGNC:6846,MAP2K6,STE,STE7,,MAP2K6,HGNC:6846
MAP2K7,ENSG00000076984,mitogen-activated protein kinase kinase 7,Mitogen-activated protein kinase kinases,Y,N,Y,HGNC:6847,MAP2K7,STE,STE7,,MAP2K7,HGNC:6847
MAP3K1,ENSG00000095015,mitogen-activated protein kinase kinase kinase 1,Mitogen-activated protein kinase kinase kinases,Y,N,N,HGNC:6848,MAP3K1,STE,STE11,,MAP3K1,HGNC:6848
MAP3K10,ENSG00000130758,mitogen-activated protein kinase kinase kinase 10,Mitogen-activated protein kinase kinase kinases,Y,N,N,HGNC:6849,MAP3K10,STE,STE11,,MAP3K10,HGNC:6849
MAP3K11,ENSG00000173327,mitogen-activated protein kinase kinase kinase 11,Mitogen-activated protein kinase kinase kinases,Y,N,N,HGNC:6850,MAP3K11,STE,STE11,,MAP3K11,HGNC:6850
MAP3K12,ENSG00000139625,mitogen-activated protein kinase kinase kinase 12,Mitogen-activated protein kinase kinase kinases,Y,N,N,HGNC:6851,MAP3K12,STE,STE11,,MAP3K12,HGNC:6851
MAP3K13,ENSG00000073803,mitogen-activated protein kinase kinase kinase 13,Mitogen-activated protein kinase kinase kinases,Y,N,N,HGNC:6852,MAP3K13,STE,STE11,,MAP3K13,HGNC:6852
MAP3K14,ENSG00000006062,mitogen-activated protein kinase kinase kinase 14,Mitogen-activated protein kinase kinase kinases,Y,N,N,HGNC:6853,MAP3K14,STE,STE11,,MAP3K14,HGNC:6853
MAP3K15,ENSG00000180815,mitogen-activated protein kinase kinase kinase 15,Mitogen-activated protein kinase kinase kinases,Y,N,N,HGNC:31689,MAP3K15,STE,STE11,,MAP3K15,HGNC:31689
MAP3K19,ENSG00000176601,mitogen-activated protein kinase kinase kinase 19,Mitogen-activated protein kinase kinase kinases,Y,N,N,HGNC:26249,MAP3K19,STE,STE11,,MAP3K19,HGNC:26249
MAP3K2,ENSG00000169967,mitogen-activated protein kinase kinase kinase 2,Mitogen-activated protein kinase kinase kinases,Y,N,N,HGNC:6854,MAP3K2,STE,STE11,,MAP3K2,HGNC:6854
MAP3K20,ENSG00000091436,mitogen-activated protein kinase kinase kinase 20,Mitogen-activated protein kinase kinase kinases,Y,N,N,HGNC:17797,MAP3K20,STE,STE11,,MAP3K20,HGNC:17797
MAP3K21,ENSG00000143674,mitogen-activated protein kinase kinase kinase 21,Mitogen-activated protein kinase kinase kinases,Y,N,N,HGNC:29798,MAP3K21,STE,STE11,,MAP3K21,HGNC:29798
MAP3K3,ENSG00000198909,mitogen-activated protein kinase kinase kinase 3,Mitogen-activated protein kinase kinase kinases,Y,N,N,HGNC:6855,MAP3K3,STE,STE11,,MAP3K3,HGNC:6855
MAP3K4,ENSG00000085511,mitogen-activated protein kinase kinase kinase 4,Mitogen-activated protein kinase kinase kinases,Y,N,N,HGNC:6856,MAP3K4,STE,STE11,,MAP3K4,HGNC:6856
MAP3K5,ENSG00000197442,mitogen-activated protein kinase kinase kinase 5,Mitogen-activated protein kinase kinase kinases,Y,N,Y,HGNC:6857,MAP3K5,STE,STE11,,MAP3K5,HGNC:6857
MAP3K6,ENSG00000142733,mitogen-activated protein kinase kinase kinase 6,Mitogen-activated protein kinase kinase kinases,Y,N,N,HGNC:6858,MAP3K6,STE,STE11,,MAP3K6,HGNC:6858
MAP3K7,ENSG00000135341,mitogen-activated protein kinase kinase kinase 7,Mitogen-activated protein kinase kinase kinases,Y,N,Y,HGNC:6859,MAP3K7,STE,STE11,,MAP3K7,HGNC:6859
MAP3K8,ENSG00000107968,mitogen-activated protein kinase kinase kinase 8,Mitogen-activated protein kinase kinase kinases,Y,N,N,HGNC:6860,MAP3K8,STE,STE11,,MAP3K8,HGNC:6860
MAP3K9,ENSG00000006432,mitogen-activated protein kinase kinase kinase 9,Mitogen-activated protein kinase kinase kinases,Y,N,N,HGNC:6861,MAP3K9,,,,MAP3K9,HGNC:6861
MAP4K1,ENSG00000104814,mitogen-activated protein kinase kinase kinase kinase 1,Mitogen-activated protein kinase kinase kinase kinases,Y,N,N,HGNC:6863,MAP4K1,,,,MAP4K1,HGNC:6863
MAP4K2,ENSG00000168067,mitogen-activated protein kinase kinase kinase kinase 2,Mitogen-activated protein kinase kinase kinase kinases,Y,N,N,HGNC:6864,MAP4K2,,,,MAP4K2,HGNC:6864
MAP4K3,ENSG00000011566,mitogen-activated protein kinase kinase kinase kinase 3,Mitogen-activated protein kinase kinase kinase kinases,Y,N,N,HGNC:6865,MAP4K3,,,,MAP4K3,HGNC:6865
MAP4K4,ENSG00000071054,mitogen-activated protein kinase kinase kinase kinase 4,Mitogen-activated protein kinase kinase kinase kinases,Y,N,N,HGNC:6866,MAP4K4,,,,MAP4K4,HGNC:6866
MAP4K5,ENSG00000012983,mitogen-activated protein kinase kinase kinase kinase 5,Mitogen-activated protein kinase kinase kinase kinases,Y,N,N,HGNC:6867,MAP4K5,,,,MAP4K5,HGNC:6867
MAPK1,ENSG00000100030,mitogen-activated protein kinase 1,Mitogen-activated protein kinases,Y,Y,Y,HGNC:6871,MAPK1,,,,MAPK1,HGNC:6871
MAPK10,ENSG00000109339,mitogen-activated protein kinase 10,Mitogen-activated protein kinases,Y,Y,Y,HGNC:6872,MAPK10,,,,MAPK10,HGNC:6872
MAPK11,ENSG00000185386,mitogen-activated protein kinase 11,Mitogen-activated protein kinases,Y,N,Y,HGNC:6873,MAPK11,,,,MAPK11,HGNC:6873
MAPK12,ENSG00000188130,mitogen-activated protein kinase 12,Mitogen-activated protein kinases,Y,N,Y,HGNC:6874,MAPK12,,,,MAPK12,HGNC:6874
MAPK13,ENSG00000156711,mitogen-activated protein kinase 13,Mitogen-activated protein kinases,Y,N,Y,HGNC:6875,MAPK13,,,,MAPK13,HGNC:6875
MAPK14,ENSG00000112062,mitogen-activated protein kinase 14,Mitogen-activated protein kinases,Y,N,Y,HGNC:6876,MAPK14,,,,MAPK14,HGNC:6876
MAPK15,ENSG00000181085,mitogen-activated protein kinase 15,Mitogen-activated protein kinases,Y,N,N,HGNC:24667,MAPK15,,,,MAPK15,HGNC:24667
MAPK3,ENSG00000102882,mitogen-activated protein kinase 3,Mitogen-activated protein kinases,Y,Y,Y,HGNC:6877,MAPK3,,,,MAPK3,HGNC:6877
MAPK4,ENSG00000141639,mitogen-activated protein kinase 4,Mitogen-activated protein kinases,Y,N,N,HGNC:6878,MAPK4,,,,MAPK4,HGNC:6878
MAPK6,ENSG00000069956,mitogen-activated protein kinase 6,Mitogen-activated protein kinases,Y,N,N,HGNC:6879,MAPK6,,,,MAPK6,HGNC:6879
MAPK7,ENSG00000166484,mitogen-activated protein kinase 7,Mitogen-activated protein kinases,Y,N,N,HGNC:6880,MAPK7,,,,MAPK7,HGNC:6880
MAPK8,ENSG00000107643,mitogen-activated protein kinase 8,Mitogen-activated protein kinases,Y,Y,Y,HGNC:6881,MAPK8,,,,MAPK8,HGNC:6881
MAPK9,ENSG00000050748,mitogen-activated protein kinase 9,Mitogen-activated protein kinases,Y,Y,Y,HGNC:6886,MAPK9,,,,MAPK9,HGNC:6886
MAPKAPK2,ENSG00000162889,MAPK activated protein kinase 2,MAPK activated protein kinases,Y,N,N,HGNC:6887,MAPKAPK2,CAMK,MAPKAPK,MAPKAPK,MAPKAPK2,HGNC:6887
MAPKAPK3,ENSG00000114738,MAPK activated protein kinase 3,MAPK activated protein kinases,Y,N,N,HGNC:6888,MAPKAPK3,CAMK,MAPKAPK,MAPKAPK,MAPKAPK3,HGNC:6888
MAPKAPK5,ENSG00000089022,MAPK activated protein kinase 5,MAPK activated protein kinases,Y,N,N,HGNC:6889,MAPKAPK5,CAMK,MAPKAPK,MAPKAPK,MAPKAPK5,HGNC:6889
MARK1,ENSG00000116141,microtubule affinity regulating kinase 1,Microtubule affinity regulating kinases,Y,N,N,HGNC:6896,MARK1,CAMK,CAMKL,MARK,MARK1,HGNC:6896
MARK2,ENSG00000072518,microtubule affinity regulating kinase 2,Microtubule affinity regulating kinases,Y,N,N,HGNC:3332,MARK2,CAMK,CAMKL,MARK,MARK2,HGNC:3332
MARK3,ENSG00000075413,microtubule affinity regulating kinase 3,Microtubule affinity regulating kinases,Y,N,N,HGNC:6897,MARK3,CAMK,CAMKL,MARK,MARK3,HGNC:6897
MARK4,ENSG00000007047,microtubule affinity regulating kinase 4,Microtubule affinity regulating kinases,Y,N,N,HGNC:13538,MARK4,CAMK,CAMKL,MARK,MARK4,HGNC:13538
MAST1,ENSG00000105613,microtubule associated serine/threonine kinase 1,Microtubule associated serine/threonine kinase family,Y,N,N,HGNC:19034,MAST1,AGC,MAST,,MAST1,HGNC:19034
MAST2,ENSG00000086015,microtubule associated serine/threonine kinase 2,Microtubule associated serine/threonine kinase family,Y,N,N,HGNC:19035,MAST2,AGC,MAST,,MAST2,HGNC:19035
MAST3,ENSG00000099308,microtubule associated serine/threonine kinase 3,Microtubule associated serine/threonine kinase family,Y,N,N,HGNC:19036,MAST3,AGC,MAST,,MAST3,HGNC:19036
MAST4,ENSG00000069020,microtubule associated serine/threonine kinase family member 4,Microtubule associated serine/threonine kinase family,Y,N,N,HGNC:19037,MAST4,AGC,MAST,,MAST4,HGNC:19037
MASTL,ENSG00000120539,microtubule associated serine/threonine kinase like,Microtubule associated serine/threonine kinase family,Y,N,N,HGNC:19042,MASTL,AGC,MAST,,MASTL,HGNC:19042
MATK,ENSG00000007264,megakaryocyte-associated tyrosine kinase,Csk family tyrosine kinases,Y,N,N,HGNC:6906,MATK,,,,MATK,HGNC:6906
MELK,ENSG00000165304,maternal embryonic leucine zipper kinase,MELK family kinases,Y,N,N,HGNC:16870,MELK,CAMK,CAMKL,MELK,MELK,HGNC:16870
MERTK,ENSG00000153208,"MER proto-oncogene, tyrosine kinase",Receptor tyrosine kinases,Y,N,N,HGNC:7027,MERTK,TK,Axl,,MERTK,HGNC:7027
MET,ENSG00000105976,"MET proto-oncogene, receptor tyrosine kinase",Receptor tyrosine kinases,Y,Y,N,HGNC:7029,MET,TK,Met,,MET,HGNC:7029
MINK1,ENSG00000141503,misshapen like kinase 1,,N,N,N,HGNC:17565,MINK1,,,,MINK1,HGNC:17565
MKNK1,ENSG00000079277,MAPK interacting serine/threonine kinase 1,MAPK activated protein kinases,Y,N,N,HGNC:7110,MKNK1,,,,MKNK1,HGNC:7110
MKNK2,ENSG00000099875,MAPK interacting serine/threonine kinase 2,MAPK activated protein kinases,Y,N,N,HGNC:7111,MKNK2,,,,MKNK2,HGNC:7111
MLKL,ENSG00000168404,mixed lineage kinase domain like pseudokinase,,N,N,N,HGNC:26617,MLKL,TKL,TKL-Unique,,MLKL,HGNC:26617
MMD,ENSG00000108960,monocyte to macrophage differentiation associated,,N,N,N,HGNC:7153,MMD,,,,MMD,HGNC:7153
MMD2,ENSG00000136297,monocyte to macrophage differentiation associated 2,,N,N,N,HGNC:30133,MMD2,,,,MMD2,HGNC:30133
MOK,ENSG00000080823,MOK protein kinase,"CILK1, MAK, MOK protein kinase family",Y,N,N,HGNC:9833,MOK,CMGC,RCK,,MOK,HGNC:9833
MOS,ENSG00000172680,"MOS proto-oncogene, serine/threonine kinase",,N,N,N,HGNC:7199,MOS,Other,MOS,,MOS,HGNC:7199
MST1R,ENSG00000164078,macrophage stimulating 1 receptor,Receptor tyrosine kinases,Y,N,N,HGNC:7381,MST1R,STE,STE20,MST,MST1R,HGNC:7381
MTOR,ENSG00000198793,mechanistic target of rapamycin kinase,,N,Y,N,HGNC:3942,MTOR,,,,MTOR,HGNC:3942
MUSK,ENSG00000030304,muscle associated receptor tyrosine kinase,Receptor tyrosine kinases,Y,N,N,HGNC:7525,MUSK,TK,Musk,,MUSK,HGNC:7525
MVK,ENSG00000110921,mevalonate kinase,,N,N,N,HGNC:7530,MVK,,,,MVK,HGNC:7530
MYLK,ENSG00000065534,myosin light chain kinase,Myosin light chain kinase family,Y,N,N,HGNC:7590,MYLK,,,,MYLK,HGNC:7590
MYLK2,ENSG00000101306,myosin light chain kinase 2,Myosin light chain kinase family,Y,N,N,HGNC:16243,MYLK2,,,,MYLK2,HGNC:16243
MYLK3,ENSG00000140795,myosin light chain kinase 3,Myosin light chain kinase family,Y,N,N,HGNC:29826,MYLK3,,,,MYLK3,HGNC:29826
MYLK4,ENSG00000145949,myosin light chain kinase family member 4,Myosin light chain kinase family,Y,N,N,HGNC:27972,MYLK4,,,,MYLK4,HGNC:27972
MYO3A,ENSG00000095777,myosin IIIA,,N,N,N,HGNC:7601,MYO3A,STE,STE20,NinaC,MYO3A,HGNC:7601
MYO3B,ENSG00000071909,myosin IIIB,,N,N,N,HGNC:15576,MYO3B,STE,STE20,NinaC,MYO3B,HGNC:15576
NADK,ENSG00000008130,NAD kinase,,N,Y,N,HGNC:29831,NADK,,,,NADK,HGNC:29831
NADK2,ENSG00000152620,"NAD kinase 2, mitochondrial",,N,Y,N,HGNC:26404,NADK2,,,,NADK2,HGNC:26404
NAGK,ENSG00000124357,N-acetylglucosamine kinase,,N,Y,N,HGNC:17174,NAGK,,,,NAGK,HGNC:17174
NEK1,ENSG00000137601,NIMA related kinase 1,NIMA related kinase family,Y,N,N,HGNC:7744,NEK1,Other,NEK,,NEK1,HGNC:7744
NEK10,ENSG00000163491,NIMA related kinase 10,NIMA related kinase family,Y,N,N,HGNC:18592,NEK10,Other,NEK,,NEK10,HGNC:18592
NEK11,ENSG00000114670,NIMA related kinase 11,NIMA related kinase family,Y,N,N,HGNC:18593,NEK11,Other,NEK,,NEK11,HGNC:18593
NEK2,ENSG00000117650,NIMA related kinase 2,NIMA related kinase family,Y,N,N,HGNC:7745,NEK2,Other,NEK,,NEK2,HGNC:7745
NEK3,ENSG00000136098,NIMA related kinase 3,NIMA related kinase family,Y,N,N,HGNC:7746,NEK3,Other,NEK,,NEK3,HGNC:7746
NEK4,ENSG00000114904,NIMA related kinase 4,NIMA related kinase family,Y,N,N,HGNC:11399,NEK4,Other,NEK,,NEK4,HGNC:11399
NEK5,ENSG00000197168,NIMA related kinase 5,NIMA related kinase family,Y,N,N,HGNC:7748,NEK5,Other,NEK,,NEK5,HGNC:7748
NEK6,ENSG00000119408,NIMA related kinase 6,NIMA related kinase family,Y,N,N,HGNC:7749,NEK6,Other,NEK,,NEK6,HGNC:7749
NEK7,ENSG00000151414,NIMA related kinase 7,NIMA related kinase family,Y,N,N,HGNC:13386,NEK7,Other,NEK,,NEK7,HGNC:13386
NEK8,ENSG00000160602,NIMA related kinase 8,NIMA related kinase family,Y,N,N,HGNC:13387,NEK8,Other,NEK,,NEK8,HGNC:13387
NEK9,ENSG00000119638,NIMA related kinase 9,NIMA related kinase family,Y,N,N,HGNC:18591,NEK9,Other,NEK,,NEK9,HGNC:18591
NIM1K,ENSG00000177453,NIM1 serine/threonine protein kinase,NIM1K family kinases,Y,N,N,HGNC:28646,NIM1K,CAMK,CAMKL,NIM1,NIM1K,HGNC:28646
NLK,ENSG00000087095,nemo like kinase,Mitogen-activated protein kinases,Y,N,N,HGNC:29858,NLK,CMGC,MAPK,nmo,NLK,HGNC:29858
NME1,ENSG00000239672,NME/NM23 nucleoside diphosphate kinase 1,,N,Y,N,HGNC:7849,NME1,,,,NME1,HGNC:7849
NME1-NME2,ENSG00000011052,NME1-NME2 readthrough,,N,Y,N,HGNC:33531,NME1-NME2,,,,NME1-NME2,HGNC:33531
NME2,ENSG00000243678,NME/NM23 nucleoside diphosphate kinase 2,,N,Y,N,HGNC:7850,NME2,,,,NME2,HGNC:7850
NME3,ENSG00000103024,NME/NM23 nucleoside diphosphate kinase 3,,N,Y,N,HGNC:7851,NME3,,,,NME3,HGNC:7851
NME4,ENSG00000103202,NME/NM23 nucleoside diphosphate kinase 4,,N,Y,N,HGNC:7852,NME4,,,,NME4,HGNC:7852
NME6,ENSG00000172113,NME/NM23 nucleoside diphosphate kinase 6,,N,Y,N,HGNC:20567,NME6,,,,NME6,HGNC:20567
NME7,ENSG00000143156,NME/NM23 family member 7,,N,Y,N,HGNC:20461,NME7,,,,NME7,HGNC:20461
NMRK1,ENSG00000106733,nicotinamide riboside kinase 1,,N,Y,N,HGNC:26057,NMRK1,,,,NMRK1,HGNC:26057
NMRK2,ENSG00000077009,nicotinamide riboside kinase 2,,N,Y,N,HGNC:17871,NMRK2,,,,NMRK2,HGNC:17871
NOL9,ENSG00000162408,nucleolar protein 9,,N,N,N,HGNC:26265,NOL9,,,,NOL9,HGNC:26265
NPR1,ENSG00000169418,natriuretic peptide receptor 1,,N,Y,N,HGNC:7943,NPR1,,,,NPR1,HGNC:7943
NPR2,ENSG00000159899,natriuretic peptide receptor 2,,N,Y,N,HGNC:7944,NPR2,,,,NPR2,HGNC:7944
NRBP1,ENSG00000115216,nuclear receptor binding protein 1,,N,N,N,HGNC:7993,NRBP1,Other,NRBP,,NRBP1,HGNC:7993
NRBP2,ENSG00000185189,nuclear receptor binding protein 2,,N,N,N,HGNC:19339,NRBP2,Other,NRBP,,NRBP2,HGNC:19339
NRK,ENSG00000123572,Nik related kinase,,N,N,N,HGNC:25391,NRK,,,,NRK,HGNC:25391
NTRK1,ENSG00000198400,neurotrophic receptor tyrosine kinase 1,Receptor tyrosine kinases,Y,Y,N,HGNC:8031,NTRK1,,,,NTRK1,HGNC:8031
NTRK2,ENSG00000148053,neurotrophic receptor tyrosine kinase 2,Receptor tyrosine kinases,Y,N,N,HGNC:8032,NTRK2,,,,NTRK2,HGNC:8032
NTRK3,ENSG00000140538,neurotrophic receptor tyrosine kinase 3,Receptor tyrosine kinases,Y,Y,N,HGNC:8033,NTRK3,,,,NTRK3,HGNC:8033
NUAK1,ENSG00000074590,NUAK family kinase 1,NUAK family kinases,Y,N,N,HGNC:14311,NUAK1,CAMK,CAMKL,NuaK,NUAK1,HGNC:14311
NUAK2,ENSG00000163545,NUAK family kinase 2,NUAK family kinases,Y,N,N,HGNC:29558,NUAK2,CAMK,CAMKL,NuaK,NUAK2,HGNC:29558
OBSCN,ENSG00000154358,"obscurin, cytoskeletal calmodulin and titin-interacting RhoGEF",Myosin light chain kinase family,Y,N,N,HGNC:15719,OBSCN,CAMK,Trio,,OBSCN,HGNC:15719
OXSR1,ENSG00000172939,oxidative stress responsive kinase 1,,N,N,N,HGNC:8508,OXSR1,,,,OXSR1,HGNC:8508
PACSIN1,ENSG00000124507,protein kinase C and casein kinase substrate in neurons 1,,N,N,N,HGNC:8570,PACSIN1,,,,PACSIN1,HGNC:8570
PAK1,ENSG00000149269,p21 (RAC1) activated kinase 1,,N,N,N,HGNC:8590,PAK1,STE,STE20,PAKA,PAK1,HGNC:8590
PAK2,ENSG00000180370,p21 (RAC1) activated kinase 2,,N,N,N,HGNC:8591,PAK2,STE,STE20,PAKA,PAK2,HGNC:8591
PAK3,ENSG00000077264,p21 (RAC1) activated kinase 3,,N,N,N,HGNC:8592,PAK3,STE,STE20,PAKA,PAK3,HGNC:8592
PAK4,ENSG00000130669,p21 (RAC1) activated kinase 4,,N,N,N,HGNC:16059,PAK4,STE,STE20,PAKB,PAK4,HGNC:16059
PAK5,ENSG00000101349,p21 (RAC1) activated kinase 5,,N,N,N,HGNC:15916,PAK5,STE,STE20,PAKB,PAK5,HGNC:15916
PAK6,ENSG00000137843,p21 (RAC1) activated kinase 6,,N,N,N,HGNC:16061,PAK6,STE,STE20,PAKB,PAK6,HGNC:16061
PALLD,ENSG00000129116,"palladin, cytoskeletal associated protein",,N,N,N,HGNC:17068,PALLD,,,,PALLD,HGNC:17068
PAN3,ENSG00000152520,poly(A) specific ribonuclease subunit PAN3,,N,N,N,HGNC:29991,PAN3,,,,PAN3,HGNC:29991
PANK1,ENSG00000152782,pantothenate kinase 1,Pantothenate kinase family,Y,N,N,HGNC:8598,PANK1,,,,PANK1,HGNC:8598
PANK2,ENSG00000125779,pantothenate kinase 2,Pantothenate kinase family,Y,N,N,HGNC:15894,PANK2,,,,PANK2,HGNC:15894
PANK3,ENSG00000120137,pantothenate kinase 3,Pantothenate kinase family,Y,N,N,HGNC:19365,PANK3,,,,PANK3,HGNC:19365
PAPSS1,ENSG00000138801,3'-phosphoadenosine 5'-phosphosulfate synthase 1,,N,Y,N,HGNC:8603,PAPSS1,,,,PAPSS1,HGNC:8603
PAPSS2,ENSG00000198682,3'-phosphoadenosine 5'-phosphosulfate synthase 2,,N,Y,N,HGNC:8604,PAPSS2,,,,PAPSS2,HGNC:8604
PASK,ENSG00000115687,PAS domain containing serine/threonine kinase,PASK family kinases,Y,N,N,HGNC:17270,PASK,CAMK,CAMKL,PASK,PASK,HGNC:17270
PBK,ENSG00000168078,PDZ binding kinase,,N,N,N,HGNC:18282,PBK,Other,TOPK,,PBK,HGNC:18282
PCK1,ENSG00000124253,phosphoenolpyruvate carboxykinase 1,,N,Y,N,HGNC:8724,PCK1,,,,PCK1,HGNC:8724
PCK2,ENSG00000100889,"phosphoenolpyruvate carboxykinase 2, mitochondrial",,N,Y,N,HGNC:8725,PCK2,,,,PCK2,HGNC:8725
PDGFRA,ENSG00000134853,platelet derived growth factor receptor alpha,Receptor tyrosine kinases,Y,Y,N,HGNC:8803,PDGFRA,TK,PDGFR,,PDGFRA,HGNC:8803
PDGFRB,ENSG00000113721,platelet derived growth factor receptor beta,Receptor tyrosine kinases,Y,Y,N,HGNC:8804,PDGFRB,TK,PDGFR,,PDGFRB,HGNC:8804
PDIK1L,ENSG00000175087,PDLIM1 interacting kinase 1 like,,N,N,N,HGNC:18981,PDIK1L,,,,PDIK1L,HGNC:18981
PDK1,ENSG00000152256,pyruvate dehydrogenase kinase 1,,N,Y,N,HGNC:8809,PDK1,AGC,PKB,,PDK1,HGNC:8809
PDK2,ENSG00000005882,pyruvate dehydrogenase kinase 2,,N,N,N,HGNC:8810,PDK2,,,,PDK2,HGNC:8810
PDK3,ENSG00000067992,pyruvate dehydrogenase kinase 3,,N,N,N,HGNC:8811,PDK3,,,,PDK3,HGNC:8811
PDK4,ENSG00000004799,pyruvate dehydrogenase kinase 4,,N,N,N,HGNC:8812,PDK4,,,,PDK4,HGNC:8812
PDPK1,ENSG00000140992,3-phosphoinositide dependent protein kinase 1,,N,Y,Y,HGNC:8816,PDPK1,,,,PDPK1,HGNC:8816
PDXK,ENSG00000160209,pyridoxal kinase,,N,Y,N,HGNC:8819,PDXK,,,,PDXK,HGNC:8819
PEAK1,ENSG00000173517,pseudopodium enriched atypical kinase 1,PEAK pseudokinase family,Y,N,N,HGNC:29431,PEAK1,,,,PEAK1,HGNC:29431
PEAK3,ENSG00000188305,PEAK family member 3,PEAK pseudokinase family,Y,N,N,HGNC:24793,PEAK3,,,,PEAK3,HGNC:24793
PFKFB1,ENSG00000158571,"6-phosphofructo-2-kinase/fructose-2,6-biphosphatase 1","6-phosphofructo-2-kinase/fructose-2,6-biphosphatase family",Y,Y,N,HGNC:8872,PFKFB1,,,,PFKFB1,HGNC:8872
PFKFB2,ENSG00000123836,"6-phosphofructo-2-kinase/fructose-2,6-biphosphatase 2","6-phosphofructo-2-kinase/fructose-2,6-biphosphatase family",Y,Y,N,HGNC:8873,PFKFB2,,,,PFKFB2,HGNC:8873
PFKFB3,ENSG00000170525,"6-phosphofructo-2-kinase/fructose-2,6-biphosphatase 3","6-phosphofructo-2-kinase/fructose-2,6-biphosphatase family",Y,Y,N,HGNC:8874,PFKFB3,,,,PFKFB3,HGNC:8874
PFKFB4,ENSG00000114268,"6-phosphofructo-2-kinase/fructose-2,6-biphosphatase 4","6-phosphofructo-2-kinase/fructose-2,6-biphosphatase family",Y,Y,N,HGNC:8875,PFKFB4,,,,PFKFB4,HGNC:8875
PFKL,ENSG00000141959,"phosphofructokinase, liver type",Phosphofructokinase family,Y,Y,N,HGNC:8876,PFKL,,,,PFKL,HGNC:8876
PFKM,ENSG00000152556,"phosphofructokinase, muscle",Phosphofructokinase family,Y,Y,N,HGNC:8877,PFKM,,,,PFKM,HGNC:8877
PFKP,ENSG00000067057,"phosphofructokinase, platelet",Phosphofructokinase family,Y,Y,N,HGNC:8878,PFKP,,,,PFKP,HGNC:8878
PGK1,ENSG00000102144,phosphoglycerate kinase 1,,N,N,N,HGNC:8896,PGK1,,,,PGK1,HGNC:8896
PGK2,ENSG00000170950,phosphoglycerate kinase 2,,N,N,N,HGNC:8898,PGK2,,,,PGK2,HGNC:8898
PHKG1,ENSG00000164776,phosphorylase kinase catalytic subunit gamma 1,Phosphorylase kinase subunits,Y,N,N,HGNC:8930,PHKG1,CAMK,PHK,,PHKG1,HGNC:8930
PHKG2,ENSG00000156873,phosphorylase kinase catalytic subunit gamma 2,Phosphorylase kinase subunits,Y,N,N,HGNC:8931,PHKG2,CAMK,PHK,,PHKG2,HGNC:8931
PI4K2A,ENSG00000155252,phosphatidylinositol 4-kinase type 2 alpha,,N,Y,N,HGNC:30031,PI4K2A,,,,PI4K2A,HGNC:30031
PI4K2B,ENSG00000038210,phosphatidylinositol 4-kinase type 2 beta,,N,Y,N,HGNC:18215,PI4K2B,,,,PI4K2B,HGNC:18215
PI4KA,ENSG00000241973,phosphatidylinositol 4-kinase alpha,PI4KA lipid kinase complex,Y,Y,N,HGNC:8983,PI4KA,,,,PI4KA,HGNC:8983
PI4KB,ENSG00000143393,phosphatidylinositol 4-kinase beta,,N,Y,N,HGNC:8984,PI4KB,,,,PI4KB,HGNC:8984
PIK3C2A,ENSG00000011405,phosphatidylinositol-4-phosphate 3-kinase catalytic subunit type 2 alpha,Phosphatidylinositol 3-kinase family,Y,Y,N,HGNC:8971,PIK3C2A,,,,PIK3C2A,HGNC:8971
PIK3C2B,ENSG00000133056,phosphatidylinositol-4-phosphate 3-kinase catalytic subunit type 2 beta,Phosphatidylinositol 3-kinase family,Y,Y,N,HGNC:8972,PIK3C2B,,,,PIK3C2B,HGNC:8972
PIK3C2G,ENSG00000139144,phosphatidylinositol-4-phosphate 3-kinase catalytic subunit type 2 gamma,Phosphatidylinositol 3-kinase family,Y,Y,N,HGNC:8973,PIK3C2G,,,,PIK3C2G,HGNC:8973
PIK3C3,ENSG00000078142,phosphatidylinositol 3-kinase catalytic subunit type 3,Phosphatidylinositol 3-kinase family,Y,Y,N,HGNC:8974,PIK3C3,,,,PIK3C3,HGNC:8974
PIK3CA,ENSG00000121879,"phosphatidylinositol-4,5-bisphosphate 3-kinase catalytic subunit alpha",Phosphatidylinositol 3-kinase family,Y,Y,Y,HGNC:8975,PIK3CA,,,,PIK3CA,HGNC:8975
PIK3CB,ENSG00000051382,"phosphatidylinositol-4,5-bisphosphate 3-kinase catalytic subunit beta",Phosphatidylinositol 3-kinase family,Y,Y,Y,HGNC:8976,PIK3CB,,,,PIK3CB,HGNC:8976
PIK3CD,ENSG00000171608,"phosphatidylinositol-4,5-bisphosphate 3-kinase catalytic subunit delta",Phosphatidylinositol 3-kinase family,Y,Y,Y,HGNC:8977,PIK3CD,,,,PIK3CD,HGNC:8977
PIK3CG,ENSG00000105851,"phosphatidylinositol-4,5-bisphosphate 3-kinase catalytic subunit gamma",Phosphatidylinositol 3-kinase family,Y,Y,N,HGNC:8978,PIK3CG,,,,PIK3CG,HGNC:8978
PIK3R1,ENSG00000145675,phosphoinositide-3-kinase regulatory subunit 1,,N,Y,Y,HGNC:8979,PIK3R1,,,,PIK3R1,HGNC:8979
PIK3R4,ENSG00000196455,phosphoinositide-3-kinase regulatory subunit 4,,N,N,N,HGNC:8982,PIK3R4,Other,VPS15,,PIK3R4,HGNC:8982
PIK3R5,ENSG00000141506,phosphoinositide-3-kinase regulatory subunit 5,,N,N,N,HGNC:30035,PIK3R5,,,,PIK3R5,HGNC:30035
PIKFYVE,ENSG00000115020,"phosphoinositide kinase, FYVE-type zinc finger containing",,N,Y,N,HGNC:23785,PIKFYVE,,,,PIKFYVE,HGNC:23785
PIM1,ENSG00000137193,"Pim-1 proto-oncogene, serine/threonine kinase",PIM kinase family,Y,N,N,HGNC:8986,PIM1,CAMK,PIM,,PIM1,HGNC:8986
PIM2,ENSG00000102096,"Pim-2 proto-oncogene, serine/threonine kinase",PIM kinase family,Y,N,N,HGNC:8987,PIM2,CAMK,PIM,,PIM2,HGNC:8987
PIM3,ENSG00000198355,"Pim-3 proto-oncogene, serine/threonine kinase",PIM kinase family,Y,N,N,HGNC:19310,PIM3,CAMK,PIM,,PIM3,HGNC:19310
PINK1,ENSG00000158828,PTEN induced kinase 1,,N,N,N,HGNC:14581,PINK1,Other,NKF2,,PINK1,HGNC:14581
PIP4K2A,ENSG00000150867,phosphatidylinositol-5-phosphate 4-kinase type 2 alpha,,N,Y,N,HGNC:8997,PIP4K2A,,,,PIP4K2A,HGNC:8997
PIP4K2B,ENSG00000276293,phosphatidylinositol-5-phosphate 4-kinase type 2 beta,,N,Y,N,HGNC:8998,PIP4K2B,,,,PIP4K2B,HGNC:8998
PIP4K2C,ENSG00000166908,phosphatidylinositol-5-phosphate 4-kinase type 2 gamma,,N,Y,N,HGNC:23786,PIP4K2C,,,,PIP4K2C,HGNC:23786
PIP5K1A,ENSG00000143398,phosphatidylinositol-4-phosphate 5-kinase type 1 alpha,,N,Y,N,HGNC:8994,PIP5K1A,,,,PIP5K1A,HGNC:8994
PIP5K1B,ENSG00000107242,phosphatidylinositol-4-phosphate 5-kinase type 1 beta,,N,Y,N,HGNC:8995,PIP5K1B,,,,PIP5K1B,HGNC:8995
PIP5K1C,ENSG00000186111,phosphatidylinositol-4-phosphate 5-kinase type 1 gamma,,N,Y,N,HGNC:8996,PIP5K1C,,,,PIP5K1C,HGNC:8996
PIP5KL1,ENSG00000167103,phosphatidylinositol-4-phosphate 5-kinase like 1,,N,Y,N,HGNC:28711,PIP5KL1,,,,PIP5KL1,HGNC:28711
PKDCC,ENSG00000162878,"protein kinase domain containing, cytoplasmic",Divergent protein kinase domain family,Y,N,N,HGNC:25123,PKDCC,,,,PKDCC,HGNC:25123
PKLR,ENSG00000143627,pyruvate kinase L/R,,N,Y,N,HGNC:9020,PKLR,,,,PKLR,HGNC:9020
PKM,ENSG00000067225,pyruvate kinase M1/2,,N,Y,N,HGNC:9021,PKM,,,,PKM,HGNC:9021
PKMYT1,ENSG00000127564,"protein kinase, membrane associated tyrosine/threonine 1",,N,N,N,HGNC:29650,PKMYT1,,,,PKMYT1,HGNC:29650
PKN1,ENSG00000123143,protein kinase N1,C2 domain containing protein kinases,Y,N,N,HGNC:9405,PKN1,AGC,PKN,,PKN1,HGNC:9405
PKN2,ENSG00000065243,protein kinase N2,C2 domain containing protein kinases,Y,N,N,HGNC:9406,PKN2,AGC,PKN,,PKN2,HGNC:9406
PKN3,ENSG00000160447,protein kinase N3,C2 domain containing protein kinases,Y,N,N,HGNC:17999,PKN3,AGC,PKN,,PKN3,HGNC:17999
PLK1,ENSG00000166851,polo like kinase 1,Polo like kinase family,Y,N,N,HGNC:9077,PLK1,Other,PLK,,PLK1,HGNC:9077
PLK2,ENSG00000145632,polo like kinase 2,Polo like kinase family,Y,N,N,HGNC:19699,PLK2,Other,PLK,,PLK2,HGNC:19699
PLK3,ENSG00000173846,polo like kinase 3,Polo like kinase family,Y,N,N,HGNC:2154,PLK3,Other,PLK,,PLK3,HGNC:2154
PLK4,ENSG00000142731,polo like kinase 4,Polo like kinase family,Y,N,N,HGNC:11397,PLK4,Other,PLK,,PLK4,HGNC:11397
PLK5,ENSG00000185988,polo like kinase 5 (inactive),Polo like kinase family,Y,N,N,HGNC:27001,PLK5,,,,PLK5,HGNC:27001
PMVK,ENSG00000163344,phosphomevalonate kinase,,N,N,N,HGNC:9141,PMVK,,,,PMVK,HGNC:9141
PNCK,ENSG00000130822,pregnancy up-regulated nonubiquitous CaM kinase,,N,N,N,HGNC:13415,PNCK,,,,PNCK,HGNC:13415
PNKP,ENSG00000039650,polynucleotide kinase 3'-phosphatase,,N,N,N,HGNC:9154,PNKP,,,,PNKP,HGNC:9154
POMK,ENSG00000185900,protein O-mannose kinase,,N,N,N,HGNC:26267,POMK,,,,POMK,HGNC:26267
PPIP5K1,ENSG00000168781,diphosphoinositol pentakisphosphate kinase 1,,N,Y,N,HGNC:29023,PPIP5K1,,,,PPIP5K1,HGNC:29023
PPIP5K2,ENSG00000145725,diphosphoinositol pentakisphosphate kinase 2,,N,Y,N,HGNC:29035,PPIP5K2,,,,PPIP5K2,HGNC:29035
PPM1D,ENSG00000170836,"protein phosphatase, Mg2+/Mn2+ dependent 1D",,N,N,N,HGNC:9277,PPM1D,,,,PPM1D,HGNC:9277
PPP1R9B,ENSG00000108819,protein phosphatase 1 regulatory subunit 9B,,N,N,N,HGNC:9298,PPP1R9B,,,,PPP1R9B,HGNC:9298
PRAG1,ENSG00000275342,"PEAK1 related, kinase-activating pseudokinase 1",PEAK pseudokinase family,Y,N,N,HGNC:25438,PRAG1,,,,PRAG1,HGNC:25438
PRKAA1,ENSG00000132356,protein kinase AMP-activated catalytic subunit alpha 1,Protein kinase AMP-activated catalytic subunit alpha family,Y,N,N,HGNC:9376,PRKAA1,,,,PRKAA1,HGNC:9376
PRKAA2,ENSG00000162409,protein kinase AMP-activated catalytic subunit alpha 2,Protein kinase AMP-activated catalytic subunit alpha family,Y,N,N,HGNC:9377,PRKAA2,,,,PRKAA2,HGNC:9377
PRKACA,ENSG00000072062,protein kinase cAMP-activated catalytic subunit alpha,Protein kinase A family,Y,N,N,HGNC:9380,PRKACA,,,,PRKACA,HGNC:9380
PRKACB,ENSG00000142875,protein kinase cAMP-activated catalytic subunit beta,Protein kinase A family,Y,N,N,HGNC:9381,PRKACB,,,,PRKACB,HGNC:9381
PRKACG,ENSG00000165059,protein kinase cAMP-activated catalytic subunit gamma,Protein kinase A family,Y,N,N,HGNC:9382,PRKACG,,,,PRKACG,HGNC:9382
PRKAG2,ENSG00000106617,protein kinase AMP-activated non-catalytic subunit gamma 2,Protein kinase AMP-activated non-catalytic subunit gamma family,Y,N,N,HGNC:9386,PRKAG2,,,,PRKAG2,HGNC:9386
PRKAG3,ENSG00000115592,protein kinase AMP-activated non-catalytic subunit gamma 3,Protein kinase AMP-activated non-catalytic subunit gamma family,Y,N,N,HGNC:9387,PRKAG3,,,,PRKAG3,HGNC:9387
PRKAR1A,ENSG00000108946,protein kinase cAMP-dependent type I regulatory subunit alpha,Protein kinase A subunits,Y,N,N,HGNC:9388,PRKAR1A,,,,PRKAR1A,HGNC:9388
PRKAR2A,ENSG00000114302,protein kinase cAMP-dependent type II regulatory subunit alpha,Protein kinase A subunits,Y,N,N,HGNC:9391,PRKAR2A,,,,PRKAR2A,HGNC:9391
PRKCA,ENSG00000154229,protein kinase C alpha,C2 domain containing protein kinases,Y,Y,Y,HGNC:9393,PRKCA,,,,PRKCA,HGNC:9393
PRKCB,ENSG00000166501,protein kinase C beta,C2 domain containing protein kinases,Y,Y,Y,HGNC:9395,PRKCB,,,,PRKCB,HGNC:9395
PRKCD,ENSG00000163932,protein kinase C delta,C2 domain containing protein kinases,Y,N,N,HGNC:9399,PRKCD,,,,PRKCD,HGNC:9399
PRKCE,ENSG00000171132,protein kinase C epsilon,C2 domain containing protein kinases,Y,N,Y,HGNC:9401,PRKCE,,,,PRKCE,HGNC:9401
PRKCG,ENSG00000126583,protein kinase C gamma,C2 domain containing protein kinases,Y,Y,Y,HGNC:9402,PRKCG,,,,PRKCG,HGNC:9402
PRKCH,ENSG00000027075,protein kinase C eta,C2 domain containing protein kinases,Y,N,N,HGNC:9403,PRKCH,,,,PRKCH,HGNC:9403
PRKCI,ENSG00000163558,protein kinase C iota,Protein kinase C family,Y,N,N,HGNC:9404,PRKCI,,,,PRKCI,HGNC:9404
PRKCQ,ENSG00000065675,protein kinase C theta,C2 domain containing protein kinases,Y,N,N,HGNC:9410,PRKCQ,,,,PRKCQ,HGNC:9410
PRKCZ,ENSG00000067606,protein kinase C zeta,Protein kinase C family,Y,N,Y,HGNC:9412,PRKCZ,,,,PRKCZ,HGNC:9412
PRKD1,ENSG00000184304,protein kinase D1,Protein kinase D family,Y,N,N,HGNC:9407,PRKD1,,,,PRKD1,HGNC:9407
PRKD2,ENSG00000105287,protein kinase D2,Protein kinase D family,Y,N,N,HGNC:17293,PRKD2,,,,PRKD2,HGNC:17293
PRKD3,ENSG00000115825,protein kinase D3,Protein kinase D family,Y,N,N,HGNC:9408,PRKD3,,,,PRKD3,HGNC:9408
PRKDC,ENSG00000253729,"protein kinase, DNA-activated, catalytic subunit",,N,N,N,HGNC:9413,PRKDC,,,,PRKDC,HGNC:9413
PRKG1,ENSG00000185532,protein kinase cGMP-dependent 1,Protein kinase G family,Y,N,N,HGNC:9414,PRKG1,,,,PRKG1,HGNC:9414
PRKG2,ENSG00000138669,protein kinase cGMP-dependent 2,Protein kinase G family,Y,N,N,HGNC:9416,PRKG2,,,,PRKG2,HGNC:9416
PRKRA,ENSG00000180228,protein activator of interferon induced protein kinase EIF2AK2,,N,N,N,HGNC:9438,PRKRA,,,,PRKRA,HGNC:9438
PRKX,ENSG00000183943,protein kinase cAMP-dependent X-linked catalytic subunit,Protein kinase A family,Y,N,N,HGNC:9441,PRKX,AGC,PKA,,PRKX,HGNC:9441
PRP4K,ENSG00000112739,pre-mRNA processing factor kinase PRP4K,,N,N,N,HGNC:17346,PRP4K,CMGC,DYRK,PRP4,PRP4K,HGNC:17346
PRPS1,ENSG00000147224,phosphoribosyl pyrophosphate synthetase 1,,N,Y,N,HGNC:9462,PRPS1,,,,PRPS1,HGNC:9462
PRPS1L1,ENSG00000229937,phosphoribosyl pyrophosphate synthetase 1 like 1,,N,Y,N,HGNC:9463,PRPS1L1,,,,PRPS1L1,HGNC:9463
PRPS2,ENSG00000101911,phosphoribosyl pyrophosphate synthetase 2,,N,Y,N,HGNC:9465,PRPS2,,,,PRPS2,HGNC:9465
PSKH1,ENSG00000159792,protein serine kinase H1,Protein serine kinase H family,Y,N,N,HGNC:9529,PSKH1,CAMK,PSK,,PSKH1,HGNC:9529
PSKH2,ENSG00000147613,protein serine kinase H2,Protein serine kinase H family,Y,N,N,HGNC:18997,PSKH2,CAMK,PSK,,PSKH2,HGNC:18997
PSTK,ENSG00000179988,phosphoseryl-tRNA kinase,,N,Y,N,HGNC:28578,PSTK,,,,PSTK,HGNC:28578
PTK2,ENSG00000169398,protein tyrosine kinase 2,PTK2 family tyrosine kinases,Y,N,Y,HGNC:9611,PTK2,,,,PTK2,HGNC:9611
PTK2B,ENSG00000120899,protein tyrosine kinase 2 beta,PTK2 family tyrosine kinases,Y,N,N,HGNC:9612,PTK2B,,,,PTK2B,HGNC:9612
PTK6,ENSG00000101213,protein tyrosine kinase 6,PTK6 family tyrosine kinases,Y,N,N,HGNC:9617,PTK6,,,,PTK6,HGNC:9617
PTK7,ENSG00000112655,protein tyrosine kinase 7 (inactive),Receptor tyrosine kinases,Y,N,N,HGNC:9618,PTK7,,,,PTK7,HGNC:9618
PTPRM,ENSG00000173482,protein tyrosine phosphatase receptor type M,,N,N,N,HGNC:9675,PTPRM,,,,PTPRM,HGNC:9675
PXK,ENSG00000168297,PX domain containing serine/threonine kinase like,,N,N,N,HGNC:23326,PXK,,,,PXK,HGNC:23326
RAF1,ENSG00000132155,"Raf-1 proto-oncogene, serine/threonine kinase",Mitogen-activated protein kinase kinase kinases,Y,Y,Y,HGNC:9829,RAF1,TKL,RAF,,RAF1,HGNC:9829
RASSF2,ENSG00000101265,Ras association domain family member 2,,N,N,N,HGNC:9883,RASSF2,,,,RASSF2,HGNC:9883
RBKS,ENSG00000171174,ribokinase,,N,N,N,HGNC:30325,RBKS,,,,RBKS,HGNC:30325
RET,ENSG00000165731,ret proto-oncogene,Receptor tyrosine kinases,Y,Y,N,HGNC:9967,RET,TK,Ret,,RET,HGNC:9967
RFK,ENSG00000135002,riboflavin kinase,,N,Y,N,HGNC:30324,RFK,,,,RFK,HGNC:30324
RIOK1,ENSG00000124784,RIO kinase 1,,N,N,N,HGNC:18656,RIOK1,Atypical,RIO,RIO1,RIOK1,HGNC:18656
RIOK2,ENSG00000058729,RIO kinase 2,,N,N,N,HGNC:18999,RIOK2,Atypical,RIO,RIO2,RIOK2,HGNC:18999
RIOK3,ENSG00000101782,RIO kinase 3,,N,N,N,HGNC:11451,RIOK3,Atypical,RIO,RIO3,RIOK3,HGNC:11451
RIPK1,ENSG00000137275,receptor interacting serine/threonine kinase 1,,N,N,N,HGNC:10019,RIPK1,TKL,RIPK,,RIPK1,HGNC:10019
RIPK2,ENSG00000104312,receptor interacting serine/threonine kinase 2,,N,N,N,HGNC:10020,RIPK2,TKL,RIPK,,RIPK2,HGNC:10020
RIPK3,ENSG00000129465,receptor interacting serine/threonine kinase 3,,N,N,N,HGNC:10021,RIPK3,TKL,RIPK,,RIPK3,HGNC:10021
RIPK4,ENSG00000183421,receptor interacting serine/threonine kinase 4,,N,N,N,HGNC:496,RIPK4,,,,RIPK4,HGNC:496
RNASEL,ENSG00000135828,ribonuclease L,,N,N,N,HGNC:10050,RNASEL,Other,Other-Unique,,RNASEL,HGNC:10050
ROCK1,ENSG00000067900,Rho associated coiled-coil containing protein kinase 1,Rho associated coiled-coil containing protein kinase family,Y,N,Y,HGNC:10251,ROCK1,AGC,DMPK,ROCK,ROCK1,HGNC:10251
ROCK2,ENSG00000134318,Rho associated coiled-coil containing protein kinase 2,Rho associated coiled-coil containing protein kinase family,Y,N,Y,HGNC:10252,ROCK2,AGC,DMPK,ROCK,ROCK2,HGNC:10252
ROR1,ENSG00000185483,receptor tyrosine kinase like orphan receptor 1,Receptor tyrosine kinases,Y,N,N,HGNC:10256,ROR1,TK,Ror,,ROR1,HGNC:10256
ROR2,ENSG00000169071,receptor tyrosine kinase like orphan receptor 2,Receptor tyrosine kinases,Y,N,N,HGNC:10257,ROR2,TK,Ror,,ROR2,HGNC:10257
ROS1,ENSG00000047936,"ROS proto-oncogene 1, receptor tyrosine kinase",Receptor tyrosine kinases,Y,N,N,HGNC:10261,ROS1,TK,Sev,,ROS1,HGNC:10261
RPS6KA1,ENSG00000117676,ribosomal protein S6 kinase A1,MAPK activated protein kinases,Y,N,N,HGNC:10430,RPS6KA1,,,,RPS6KA1,HGNC:10430
RPS6KA2,ENSG00000071242,ribosomal protein S6 kinase A2,MAPK activated protein kinases,Y,N,N,HGNC:10431,RPS6KA2,,,,RPS6KA2,HGNC:10431
RPS6KA3,ENSG00000177189,ribosomal protein S6 kinase A3,MAPK activated protein kinases,Y,N,N,HGNC:10432,RPS6KA3,,,,RPS6KA3,HGNC:10432
RPS6KA4,ENSG00000162302,ribosomal protein S6 kinase A4,MAPK activated protein kinases,Y,N,N,HGNC:10433,RPS6KA4,,,,RPS6KA4,HGNC:10433
RPS6KA5,ENSG00000100784,ribosomal protein S6 kinase A5,MAPK activated protein kinases,Y,N,N,HGNC:10434,RPS6KA5,,,,RPS6KA5,HGNC:10434
RPS6KA6,ENSG00000072133,ribosomal protein S6 kinase A6,MAPK activated protein kinases,Y,N,N,HGNC:10435,RPS6KA6,,,,RPS6KA6,HGNC:10435
RPS6KB1,ENSG00000108443,ribosomal protein S6 kinase B1,Ribosomal protein S6 kinase family,Y,Y,N,HGNC:10436,RPS6KB1,,,,RPS6KB1,HGNC:10436
RPS6KB2,ENSG00000175634,ribosomal protein S6 kinase B2,Ribosomal protein S6 kinase family,Y,Y,N,HGNC:10437,RPS6KB2,,,,RPS6KB2,HGNC:10437
RPS6KC1,ENSG00000136643,ribosomal protein S6 kinase C1,Ribosomal protein S6 kinase family,Y,N,N,HGNC:10439,RPS6KC1,,,,RPS6KC1,HGNC:10439
RPS6KL1,ENSG00000198208,ribosomal protein S6 kinase like 1,Ribosomal protein S6 kinase family,Y,N,N,HGNC:20222,RPS6KL1,,,,RPS6KL1,HGNC:20222
RSKR,ENSG00000167524,ribosomal protein S6 kinase related,Ribosomal protein S6 kinase family,Y,N,N,HGNC:26314,RSKR,,,,RSKR,HGNC:26314
RYK,ENSG00000163785,receptor like tyrosine kinase,Receptor tyrosine kinases,Y,N,N,HGNC:10481,RYK,TK,Ryk,,RYK,HGNC:10481
SBK1,ENSG00000188322,SH3 domain binding kinase 1,,N,N,N,HGNC:17699,SBK1,Other,NKF1,,SBK1,HGNC:17699
SBK2,ENSG00000187550,SH3 domain binding kinase family member 2,,N,N,N,HGNC:34416,SBK2,Other,NKF1,,SBK2,HGNC:34416
SBK3,ENSG00000231274,SH3 domain binding kinase family member 3,,N,N,N,HGNC:44121,SBK3,Other,NKF1,,SBK3,HGNC:44121
SCYL1,ENSG00000142186,SCY1 like pseudokinase 1,SCY1 like pseudokinases,Y,N,N,HGNC:14372,SCYL1,Other,SCY1,,SCYL1,HGNC:14372
SCYL2,ENSG00000136021,SCY1 like pseudokinase 2,SCY1 like pseudokinases,Y,N,N,HGNC:19286,SCYL2,Other,SCY1,,SCYL2,HGNC:19286
SCYL3,ENSG00000000457,SCY1 like pseudokinase 3,SCY1 like pseudokinases,Y,N,N,HGNC:19285,SCYL3,Other,SCY1,,SCYL3,HGNC:19285
SEPHS1,ENSG00000086475,selenophosphate synthetase 1,,N,Y,N,HGNC:19685,SEPHS1,,,,SEPHS1,HGNC:19685
SEPHS2,ENSG00000179918,selenophosphate synthetase 2,,N,Y,N,HGNC:19686,SEPHS2,,,,SEPHS2,HGNC:19686
SGK1,ENSG00000118515,serum/glucocorticoid regulated kinase 1,Serum/glucocorticoid regulated kinase family,Y,N,N,HGNC:10810,SGK1,AGC,SGK,,SGK1,HGNC:10810
SGK2,ENSG00000101049,serum/glucocorticoid regulated kinase 2,Serum/glucocorticoid regulated kinase family,Y,N,N,HGNC:13900,SGK2,AGC,SGK,,SGK2,HGNC:13900
SGK3,ENSG00000104205,serum/glucocorticoid regulated kinase family member 3,Serum/glucocorticoid regulated kinase family,Y,N,N,HGNC:10812,SGK3,AGC,SGK,,SGK3,HGNC:10812
SGMS1,ENSG00000198964,sphingomyelin synthase 1,,N,Y,Y,HGNC:29799,SGMS1,,,,SGMS1,HGNC:29799
SGMS2,ENSG00000164023,sphingomyelin synthase 2,,N,Y,Y,HGNC:28395,SGMS2,,,,SGMS2,HGNC:28395
SH3KBP1,ENSG00000147010,SH3 domain containing kinase binding protein 1,,N,N,N,HGNC:13867,SH3KBP1,,,,SH3KBP1,HGNC:13867
SHPK,ENSG00000197417,sedoheptulokinase,,N,N,N,HGNC:1492,SHPK,,,,SHPK,HGNC:1492
SIK1,ENSG00000142178,salt inducible kinase 1,SIK family kinases,Y,N,N,HGNC:11142,SIK1,CAMK,CAMKL,QIK,SIK1,HGNC:11142
SIK2,ENSG00000170145,salt inducible kinase 2,SIK family kinases,Y,N,N,HGNC:21680,SIK2,CAMK,CAMKL,QIK,SIK2,HGNC:21680
SIK3,ENSG00000160584,SIK family kinase 3,SIK family kinases,Y,N,N,HGNC:29165,SIK3,CAMK,CAMKL,QIK,SIK3,HGNC:29165
SKP2,ENSG00000145604,S-phase kinase associated protein 2,,N,N,N,HGNC:10901,SKP2,,,,SKP2,HGNC:10901
SLK,ENSG00000065613,STE20 like kinase,,N,N,N,HGNC:11088,SLK,STE,STE20,SLK,SLK,HGNC:11088
SMG1,ENSG00000157106,SMG1 nonsense mediated mRNA decay associated PI3K related kinase,,N,N,N,HGNC:30045,SMG1,Atypical,PIKK,SMG1,SMG1,HGNC:30045
SNRK,ENSG00000163788,SNF related kinase,SNRK family kinases,Y,N,N,HGNC:30598,SNRK,CAMK,CAMKL,SNRK,SNRK,HGNC:30598
SPEG,ENSG00000072195,striated muscle enriched protein kinase,Myosin light chain kinase family,Y,N,N,HGNC:16901,SPEG,CAMK,Trio,,SPEG,HGNC:16901
SPEGNB,ENSG00000286095,SPEG neighbor,,N,N,N,HGNC:51251,SPEGNB,CAMK,Trio,,SPEGNB,HGNC:51251
SPHK1,ENSG00000176170,sphingosine kinase 1,Sphingosine kinase family,Y,Y,Y,HGNC:11240,SPHK1,,,,SPHK1,HGNC:11240
SPHK2,ENSG00000063176,sphingosine kinase 2,Sphingosine kinase family,Y,Y,Y,HGNC:18859,SPHK2,,,,SPHK2,HGNC:18859
SRC,ENSG00000197122,"SRC proto-oncogene, non-receptor tyrosine kinase",Src family tyrosine kinases,Y,N,Y,HGNC:11283,SRC,TK,Src,,SRC,HGNC:11283
SRMS,ENSG00000125508,src-related kinase lacking C-terminal regulatory tyrosine and N-terminal myristylation sites,PTK6 family tyrosine kinases,Y,N,N,HGNC:11298,SRMS,TK,Src,,SRMS,HGNC:11298
SRPK1,ENSG00000096063,SRSF protein kinase 1,SRSF protein kinase family,Y,N,N,HGNC:11305,SRPK1,CMGC,SRPK,,SRPK1,HGNC:11305
SRPK2,ENSG00000135250,SRSF protein kinase 2,SRSF protein kinase family,Y,N,N,HGNC:11306,SRPK2,CMGC,SRPK,,SRPK2,HGNC:11306
SRPK3,ENSG00000184343,SRSF protein kinase 3,SRSF protein kinase family,Y,N,N,HGNC:11402,SRPK3,,,,SRPK3,HGNC:11402
STK10,ENSG00000072786,serine/threonine kinase 10,,N,N,N,HGNC:11388,STK10,,,,STK10,HGNC:11388
STK11,ENSG00000118046,serine/threonine kinase 11,STK11 family kinases,Y,N,N,HGNC:11389,STK11,,,,STK11,HGNC:11389
STK16,ENSG00000115661,serine/threonine kinase 16,,N,N,N,HGNC:11394,STK16,,,,STK16,HGNC:11394
STK17A,ENSG00000164543,serine/threonine kinase 17a,Death associated protein kinases,Y,N,N,HGNC:11395,STK17A,,,,STK17A,HGNC:11395
STK17B,ENSG00000081320,serine/threonine kinase 17b,Death associated protein kinases,Y,N,N,HGNC:11396,STK17B,,,,STK17B,HGNC:11396
STK24,ENSG00000102572,serine/threonine kinase 24,,N,N,N,HGNC:11403,STK24,,,,STK24,HGNC:11403
STK25,ENSG00000115694,serine/threonine kinase 25,,N,N,N,HGNC:11404,STK25,,,,STK25,HGNC:11404
STK26,ENSG00000134602,serine/threonine kinase 26,,N,N,N,HGNC:18174,STK26,,,,STK26,HGNC:18174
STK3,ENSG00000104375,serine/threonine kinase 3,,N,N,N,HGNC:11406,STK3,CAMK,CAMK-Unique,,STK3,HGNC:11406
STK31,ENSG00000196335,serine/threonine kinase 31,,N,N,N,HGNC:11407,STK31,,,,STK31,HGNC:11407
STK32A,ENSG00000169302,serine/threonine kinase 32A,Serine/threonine kinase 32 family,Y,N,N,HGNC:28317,STK32A,,,,STK32A,HGNC:28317
STK32B,ENSG00000152953,serine/threonine kinase 32B,Serine/threonine kinase 32 family,Y,N,N,HGNC:14217,STK32B,,,,STK32B,HGNC:14217
STK32C,ENSG00000165752,serine/threonine kinase 32C,Serine/threonine kinase 32 family,Y,N,N,HGNC:21332,STK32C,,,,STK32C,HGNC:21332
STK33,ENSG00000130413,serine/threonine kinase 33,STK33 family kinases,Y,N,N,HGNC:14568,STK33,CAMK,CAMK-Unique,,STK33,HGNC:14568
STK35,ENSG00000125834,serine/threonine kinase 35,,N,N,N,HGNC:16254,STK35,,,,STK35,HGNC:16254
STK36,ENSG00000163482,serine/threonine kinase 36,,N,N,N,HGNC:17209,STK36,,,,STK36,HGNC:17209
STK38,ENSG00000112079,serine/threonine kinase 38,Serine/threonine kinase 38 family,Y,N,N,HGNC:17847,STK38,,,,STK38,HGNC:17847
STK38L,ENSG00000211455,serine/threonine kinase 38 like,Serine/threonine kinase 38 family,Y,N,N,HGNC:17848,STK38L,,,,STK38L,HGNC:17848
STK39,ENSG00000198648,serine/threonine kinase 39,,N,N,N,HGNC:17717,STK39,,,,STK39,HGNC:17717
STK4,ENSG00000101109,serine/threonine kinase 4,,N,N,N,HGNC:11408,STK4,,,,STK4,HGNC:11408
STK40,ENSG00000196182,serine/threonine kinase 40,Tribbles pseudokinase family,Y,N,N,HGNC:21373,STK40,,,,STK40,HGNC:21373
STKLD1,ENSG00000198870,serine/threonine kinase like domain containing 1,,N,N,N,HGNC:28669,STKLD1,,,,STKLD1,HGNC:28669
STRADA,ENSG00000266173,STE20 related adaptor alpha,,N,N,N,HGNC:30172,STRADA,,,,STRADA,HGNC:30172
STRADB,ENSG00000082146,STE20 related adaptor beta,,N,N,N,HGNC:13205,STRADB,,,,STRADB,HGNC:13205
STYK1,ENSG00000060140,serine/threonine/tyrosine kinase 1,Receptor tyrosine kinases,Y,N,N,HGNC:18889,STYK1,,,,STYK1,HGNC:18889
SYK,ENSG00000165025,spleen associated tyrosine kinase,Syk family tyrosine kinases,Y,N,N,HGNC:11491,SYK,TK,Syk,,SYK,HGNC:11491
TAB1,ENSG00000100324,TGF-beta activated kinase 1 (MAP3K7) binding protein 1,,N,N,Y,HGNC:18157,TAB1,,,,TAB1,HGNC:18157
TAF1,ENSG00000147133,TATA-box binding protein associated factor 1,,N,N,N,HGNC:11535,TAF1,Atypical,TAF1,,TAF1,HGNC:11535
TAF1L,ENSG00000122728,TATA-box binding protein associated factor 1 like,,N,N,N,HGNC:18056,TAF1L,Atypical,TAF1,,TAF1L,HGNC:18056
TAOK1,ENSG00000160551,TAO kinase 1,Mitogen-activated protein kinase kinase kinases,Y,N,N,HGNC:29259,TAOK1,,,,TAOK1,HGNC:29259
TAOK2,ENSG00000149930,TAO kinase 2,Mitogen-activated protein kinase kinase kinases,Y,N,N,HGNC:16835,TAOK2,,,,TAOK2,HGNC:16835
TAOK3,ENSG00000135090,TAO kinase 3,Mitogen-activated protein kinase kinase kinases,Y,N,N,HGNC:18133,TAOK3,,,,TAOK3,HGNC:18133
TBCK,ENSG00000145348,TBC1 domain containing kinase,,N,N,N,HGNC:28261,TBCK,Other,TBCK,,TBCK,HGNC:28261
TBK1,ENSG00000183735,TANK binding kinase 1,I kappa B kinases,Y,N,Y,HGNC:11584,TBK1,Other,IKK,,TBK1,HGNC:11584
TEC,ENSG00000135605,tec protein tyrosine kinase,Tec family tyrosine kinases,Y,N,N,HGNC:11719,TEC,TK,Tec,,TEC,HGNC:11719
TEK,ENSG00000120156,TEK receptor tyrosine kinase,Receptor tyrosine kinases,Y,N,N,HGNC:11724,TEK,,,,TEK,HGNC:11724
TESK1,ENSG00000107140,testis associated actin remodelling kinase 1,LIMK/TESK kinase family,Y,N,N,HGNC:11731,TESK1,TKL,LISK,TESK,TESK1,HGNC:11731
TESK2,ENSG00000070759,testis associated actin remodelling kinase 2,LIMK/TESK kinase family,Y,N,N,HGNC:11732,TESK2,TKL,LISK,TESK,TESK2,HGNC:11732
TEX14,ENSG00000121101,"testis expressed 14, intercellular bridge forming factor",,N,N,N,HGNC:11737,TEX14,,,,TEX14,HGNC:11737
TGFBR1,ENSG00000106799,transforming growth factor beta receptor 1,Type 1 receptor serine/threonine kinases,Y,N,N,HGNC:11772,TGFBR1,TKL,STKR,Type1,TGFBR1,HGNC:11772
TGFBR2,ENSG00000163513,transforming growth factor beta receptor 2,Type 2 receptor serine/threonine kinases,Y,N,N,HGNC:11773,TGFBR2,TKL,STKR,Type2,TGFBR2,HGNC:11773
TIE1,ENSG00000066056,tyrosine kinase with immunoglobulin like and EGF like domains 1,Receptor tyrosine kinases,Y,N,N,HGNC:11809,TIE1,TK,Tie,,TIE1,HGNC:11809
TK1,ENSG00000167900,thymidine kinase 1,Deoxyribonucleoside kinases,Y,Y,N,HGNC:11830,TK1,,,,TK1,HGNC:11830
TK2,ENSG00000166548,thymidine kinase 2,Deoxyribonucleoside kinases,Y,Y,N,HGNC:11831,TK2,,,,TK2,HGNC:11831
TKFC,ENSG00000149476,triokinase and FMN cyclase,,N,Y,Y,HGNC:24552,TKFC,,,,TKFC,HGNC:24552
TLK1,ENSG00000198586,tousled like kinase 1,,N,N,N,HGNC:11841,TLK1,Other,TLK,,TLK1,HGNC:11841
TLK2,ENSG00000146872,tousled like kinase 2,,N,N,N,HGNC:11842,TLK2,Other,TLK,,TLK2,HGNC:11842
TNIK,ENSG00000154310,TRAF2 and NCK interacting kinase,,N,N,N,HGNC:30765,TNIK,,,,TNIK,HGNC:30765
TNK1,ENSG00000174292,tyrosine kinase non receptor 1,TNK family tyrosine kinases,Y,N,N,HGNC:11940,TNK1,TK,Ack,,TNK1,HGNC:11940
TNK2,ENSG00000061938,tyrosine kinase non receptor 2,TNK family tyrosine kinases,Y,N,N,HGNC:19297,TNK2,,,,TNK2,HGNC:19297
TNNI3K,ENSG00000116783,TNNI3 interacting kinase,,N,N,N,HGNC:19661,TNNI3K,,,,TNNI3K,HGNC:19661
TOP1,ENSG00000198900,DNA topoisomerase I,,N,N,N,HGNC:11986,TOP1,,,,TOP1,HGNC:11986
TP53RK,ENSG00000172315,TP53 regulating kinase,,N,N,N,HGNC:16197,TP53RK,,,,TP53RK,HGNC:16197
TPK1,ENSG00000196511,thiamin pyrophosphokinase 1,,N,Y,N,HGNC:17358,TPK1,,,,TPK1,HGNC:17358
TPTEP2-CSNK1E,ENSG00000283900,TPTEP2-CSNK1E readthrough,,N,N,N,HGNC:53829,TPTEP2-CSNK1E,,,,TPTEP2-CSNK1E,HGNC:53829
TRIB1,ENSG00000173334,tribbles pseudokinase 1,Tribbles pseudokinase family,Y,N,N,HGNC:16891,TRIB1,,,,TRIB1,HGNC:16891
TRIB2,ENSG00000071575,tribbles pseudokinase 2,Tribbles pseudokinase family,Y,N,N,HGNC:30809,TRIB2,,,,TRIB2,HGNC:30809
TRIB3,ENSG00000101255,tribbles pseudokinase 3,Tribbles pseudokinase family,Y,N,N,HGNC:16228,TRIB3,,,,TRIB3,HGNC:16228
TRIM24,ENSG00000122779,tripartite motif containing 24,,N,N,N,HGNC:11812,TRIM24,,,,TRIM24,HGNC:11812
TRIM28,ENSG00000130726,tripartite motif containing 28,,N,N,N,HGNC:16384,TRIM28,,,,TRIM28,HGNC:16384
TRIO,ENSG00000038382,trio Rho guanine nucleotide exchange factor,,N,N,N,HGNC:12303,TRIO,CAMK,Trio,,TRIO,HGNC:12303
TRPM6,ENSG00000119121,transient receptor potential cation channel subfamily M member 6,,N,N,N,HGNC:17995,TRPM6,,,,TRPM6,HGNC:17995
TRPM7,ENSG00000092439,transient receptor potential cation channel subfamily M member 7,,N,N,N,HGNC:17994,TRPM7,,,,TRPM7,HGNC:17994
TSSK1B,ENSG00000212122,testis specific serine kinase 1B,Testis specific serine kinase family,Y,N,N,HGNC:14968,TSSK1B,CAMK,TSSK,,TSSK1B,HGNC:14968
TSSK2,ENSG00000206203,testis specific serine kinase 2,Testis specific serine kinase family,Y,N,N,HGNC:11401,TSSK2,CAMK,TSSK,,TSSK2,HGNC:11401
TSSK3,ENSG00000162526,testis specific serine kinase 3,Testis specific serine kinase family,Y,N,N,HGNC:15473,TSSK3,CAMK,TSSK,,TSSK3,HGNC:15473
TSSK4,ENSG00000139908,testis specific serine kinase 4,Testis specific serine kinase family,Y,N,N,HGNC:19825,TSSK4,CAMK,TSSK,,TSSK4,HGNC:19825
TSSK6,ENSG00000178093,testis specific serine kinase 6,Testis specific serine kinase family,Y,N,N,HGNC:30410,TSSK6,,,,TSSK6,HGNC:30410
TTBK1,ENSG00000146216,tau tubulin kinase 1,,N,N,N,HGNC:19140,TTBK1,CK1,TTBK,,TTBK1,HGNC:19140
TTBK2,ENSG00000128881,tau tubulin kinase 2,,N,N,N,HGNC:19141,TTBK2,CK1,TTBK,,TTBK2,HGNC:19141
TTK,ENSG00000112742,TTK protein kinase,,N,N,N,HGNC:12401,TTK,Other,TTK,,TTK,HGNC:12401
TTN,ENSG00000155657,titin,Myosin light chain kinase family,Y,N,N,HGNC:12403,TTN,CAMK,MLCK,,TTN,HGNC:12403
TXK,ENSG00000074966,TXK tyrosine kinase,Tec family tyrosine kinases,Y,N,N,HGNC:12434,TXK,TK,Tec,,TXK,HGNC:12434
TYK2,ENSG00000105397,tyrosine kinase 2,Jak family tyrosine kinases,Y,N,N,HGNC:12440,TYK2,TK,JakA,,TYK2,HGNC:12440
TYRO3,ENSG00000092445,TYRO3 protein tyrosine kinase,Receptor tyrosine kinases,Y,N,N,HGNC:12446,TYRO3,TK,Axl,,TYRO3,HGNC:12446
UCK1,ENSG00000130717,uridine-cytidine kinase 1,,N,Y,N,HGNC:14859,UCK1,,,,UCK1,HGNC:14859
UCK2,ENSG00000143179,uridine-cytidine kinase 2,,N,Y,N,HGNC:12562,UCK2,,,,UCK2,HGNC:12562
UCKL1,ENSG00000198276,uridine-cytidine kinase 1 like 1,,N,Y,N,HGNC:15938,UCKL1,,,,UCKL1,HGNC:15938
UHMK1,ENSG00000152332,U2AF homology motif kinase 1,,N,N,N,HGNC:19683,UHMK1,,,,UHMK1,HGNC:19683
ULK1,ENSG00000177169,unc-51 like autophagy activating kinase 1,,N,N,N,HGNC:12558,ULK1,Other,ULK,,ULK1,HGNC:12558
ULK2,ENSG00000083290,unc-51 like autophagy activating kinase 2,,N,N,N,HGNC:13480,ULK2,Other,ULK,,ULK2,HGNC:13480
ULK3,ENSG00000140474,unc-51 like kinase 3,,N,N,N,HGNC:19703,ULK3,Other,ULK,,ULK3,HGNC:19703
ULK4,ENSG00000168038,unc-51 like kinase 4,,N,N,N,HGNC:15784,ULK4,Other,ULK,,ULK4,HGNC:15784
VRK1,ENSG00000100749,VRK serine/threonine kinase 1,,N,N,N,HGNC:12718,VRK1,CK1,VRK,,VRK1,HGNC:12718
VRK2,ENSG00000028116,VRK serine/threonine kinase 2,,N,N,N,HGNC:12719,VRK2,CK1,VRK,,VRK2,HGNC:12719
VRK3,ENSG00000105053,VRK serine/threonine kinase 3,,N,N,N,HGNC:18996,VRK3,CK1,VRK,,VRK3,HGNC:18996
WDR83,ENSG00000123154,WD repeat domain 83,,N,N,N,HGNC:32672,WDR83,,,,WDR83,HGNC:32672
WEE1,ENSG00000166483,WEE1 G2 checkpoint kinase,,N,N,N,HGNC:12761,WEE1,Other,WEE,,WEE1,HGNC:12761
WEE2,ENSG00000214102,WEE2 oocyte meiosis inhibiting kinase,,N,N,N,HGNC:19684,WEE2,,,,WEE2,HGNC:19684
WHR1,ENSG00000226033,winged helix repair factor 1,,N,N,N,HGNC:11398,WHR1,,,,WHR1,HGNC:11398
WNK1,ENSG00000060237,WNK lysine deficient protein kinase 1,WNK lysine deficient protein kinases,Y,N,N,HGNC:14540,WNK1,Other,Wnk,,WNK1,HGNC:14540
WNK2,ENSG00000165238,WNK lysine deficient protein kinase 2,WNK lysine deficient protein kinases,Y,N,N,HGNC:14542,WNK2,Other,Wnk,,WNK2,HGNC:14542
WNK3,ENSG00000196632,WNK lysine deficient protein kinase 3,WNK lysine deficient protein kinases,Y,N,N,HGNC:14543,WNK3,Other,Wnk,,WNK3,HGNC:14543
WNK4,ENSG00000126562,WNK lysine deficient protein kinase 4,WNK lysine deficient protein kinases,Y,N,N,HGNC:14544,WNK4,Other,Wnk,,WNK4,HGNC:14544
XYLB,ENSG00000093217,xylulokinase,,N,N,N,HGNC:12839,XYLB,,,,XYLB,HGNC:12839
YES1,ENSG00000176105,"YES proto-oncogene 1, Src family tyrosine kinase",Src family tyrosine kinases,Y,N,N,HGNC:12841,YES1,TK,Src,,YES1,HGNC:12841
YWHAZ,ENSG00000164924,tyrosine 3-monooxygenase/tryptophan 5-monooxygenase activation protein zeta,,N,N,N,HGNC:12855,YWHAZ,,,,YWHAZ,HGNC:12855
ZAP70,ENSG00000115085,zeta chain of T cell receptor associated protein kinase 70,Syk family tyrosine kinases,Y,N,N,HGNC:12858,ZAP70,TK,Syk,,ZAP70,HGNC:12858
