external_gene_name,ensembl_gene_id,description,Group name,HGNC ID,Protein,Metabolic,Lipid
AAK1,ENSG00000115977,AP2 associated kinase 1 [Source:HGNC Symbol;Acc:HGNC:19679],,,N,N,N
AATK,ENSG00000181409,apoptosis associated tyrosine kinase [Source:HGNC Symbol;Acc:HGNC:21],Receptor tyrosine kinases,HGNC:21,Y,N,N
ABL1,ENSG00000097007,"ABL proto-oncogene 1, non-receptor tyrosine kinase [Source:HGNC Symbol;Acc:HGNC:76]",Abl family tyrosine kinases,HGNC:76,Y,N,N
ABL2,ENSG00000143322,"ABL proto-oncogene 2, non-receptor tyrosine kinase [Source:HGNC Symbol;Acc:HGNC:77]",Abl family tyrosine kinases,HGNC:77,Y,N,N
ABR,ENSG00000159842,ABR activator of RhoGEF and GTPase [Source:HGNC Symbol;Acc:HGNC:81],,,N,N,N
ACVR1,ENSG00000115170,activin A receptor type 1 [Source:HGNC Symbol;Acc:HGNC:171],Type 1 receptor serine/threonine kinases,HGNC:171,Y,N,N
ACVR1B,ENSG00000135503,activin A receptor type 1B [Source:HGNC Symbol;Acc:HGNC:172],Type 1 receptor serine/threonine kinases,HGNC:172,Y,N,N
ACVR1C,ENSG00000123612,activin A receptor type 1C [Source:HGNC Symbol;Acc:HGNC:18123],Type 1 receptor serine/threonine kinases,HGNC:18123,Y,N,N
ACVR2A,ENSG00000121989,activin A receptor type 2A [Source:HGNC Symbol;Acc:HGNC:173],Type 2 receptor serine/threonine kinases,HGNC:173,Y,N,N
ACVR2B,ENSG00000114739,activin A receptor type 2B [Source:HGNC Symbol;Acc:HGNC:174],Type 2 receptor serine/threonine kinases,HGNC:174,Y,N,N
ACVRL1,ENSG00000139567,activin A receptor like type 1 [Source:HGNC Symbol;Acc:HGNC:175],Type 1 receptor serine/threonine kinases,HGNC:175,Y,N,N
ADCK1,ENSG00000063761,aarF domain containing kinase 1 [Source:HGNC Symbol;Acc:HGNC:19038],,,N,N,N
ADCK2,ENSG00000133597,aarF domain containing kinase 2 [Source:HGNC Symbol;Acc:HGNC:19039],,,N,N,N
ADCK5,ENSG00000285451,aarF domain containing kinase 5 [Source:HGNC Symbol;Acc:HGNC:21738],,,N,N,N
ADCK5,ENSG00000173137,aarF domain containing kinase 5 [Source:HGNC Symbol;Acc:HGNC:21738],,,N,N,N
ADK,ENSG00000156110,adenosine kinase [Source:HGNC Symbol;Acc:HGNC:257],,,N,Y,N
ADPGK,ENSG00000159322,ADP dependent glucokinase [Source:HGNC Symbol;Acc:HGNC:25250],,,N,N,N
AGK,ENSG00000262327,acylglycerol kinase [Source:HGNC Symbol;Acc:HGNC:21869],,,N,Y,Y
AGK,ENSG00000006530,acylglycerol kinase [Source:HGNC Symbol;Acc:HGNC:21869],,,N,Y,Y
AK1,ENSG00000106992,adenylate kinase 1 [Source:HGNC Symbol;Acc:HGNC:361],Adenylate kinases,HGNC:361,Y,Y,N
AK2,ENSG00000004455,adenylate kinase 2 [Source:HGNC Symbol;Acc:HGNC:362],Adenylate kinases,HGNC:362,Y,Y,N
AK3,ENSG00000147853,adenylate kinase 3 [Source:HGNC Symbol;Acc:HGNC:17376],Adenylate kinases,HGNC:17376,Y,Y,N
AK4,ENSG00000162433,adenylate kinase 4 [Source:HGNC Symbol;Acc:HGNC:363],Adenylate kinases,HGNC:363,Y,Y,N
AK4P3,ENSG00000233381,adenylate kinase 4 pseudogene 3 [Source:HGNC Symbol;Acc:HGNC:21596],,,N,N,N
AK5,ENSG00000154027,adenylate kinase 5 [Source:HGNC Symbol;Acc:HGNC:365],Adenylate kinases,HGNC:365,Y,Y,N
AK6,ENSG00000085231,adenylate kinase 6 [Source:HGNC Symbol;Acc:HGNC:49151],Adenylate kinases,HGNC:49151,Y,Y,N
AK6,ENSG00000279247,adenylate kinase 6 [Source:HGNC Symbol;Acc:HGNC:49151],Adenylate kinases,HGNC:49151,Y,Y,N
AK7,ENSG00000140057,adenylate kinase 7 [Source:HGNC Symbol;Acc:HGNC:20091],Adenylate kinases,HGNC:20091,Y,Y,N
AK8,ENSG00000165695,adenylate kinase 8 [Source:HGNC Symbol;Acc:HGNC:26526],Adenylate kinases,HGNC:26526,Y,Y,N
AK9,ENSG00000155085,adenylate kinase 9 [Source:HGNC Symbol;Acc:HGNC:33814],Adenylate kinases,HGNC:33814,Y,Y,N
AKAP10,ENSG00000108599,A-kinase anchoring protein 10 [Source:HGNC Symbol;Acc:HGNC:368],A-kinase anchoring proteins,HGNC:368,Y,N,N
AKAP4,ENSG00000147081,A-kinase anchoring protein 4 [Source:HGNC Symbol;Acc:HGNC:374],A-kinase anchoring proteins,HGNC:374,Y,N,N
AKAP7,ENSG00000118507,A-kinase anchoring protein 7 [Source:HGNC Symbol;Acc:HGNC:377],A-kinase anchoring proteins,HGNC:377,Y,N,N
AKAP8L,ENSG00000011243,A-kinase anchoring protein 8 like [Source:HGNC Symbol;Acc:HGNC:29857],,,N,N,N
AKT1,ENSG00000142208,AKT serine/threonine kinase 1 [Source:HGNC Symbol;Acc:HGNC:391],AKT kinase family,HGNC:391,Y,Y,Y
AKT2,ENSG00000105221,AKT serine/threonine kinase 2 [Source:HGNC Symbol;Acc:HGNC:392],AKT kinase family,HGNC:392,Y,Y,Y
AKT3,ENSG00000275199,AKT serine/threonine kinase 3 [Source:HGNC Symbol;Acc:HGNC:393],AKT kinase family,HGNC:393,Y,Y,Y
AKT3,ENSG00000117020,AKT serine/threonine kinase 3 [Source:HGNC Symbol;Acc:HGNC:393],AKT kinase family,HGNC:393,Y,Y,Y
ALDH18A1,ENSG00000059573,aldehyde dehydrogenase 18 family member A1 [Source:HGNC Symbol;Acc:HGNC:9722],,,N,Y,N
ALK,ENSG00000171094,ALK receptor tyrosine kinase [Source:HGNC Symbol;Acc:HGNC:427],Receptor tyrosine kinases,HGNC:427,Y,N,N
ALPK1,ENSG00000073331,alpha kinase 1 [Source:HGNC Symbol;Acc:HGNC:20917],,,N,N,N
ALPK2,ENSG00000198796,alpha kinase 2 [Source:HGNC Symbol;Acc:HGNC:20565],,,N,N,N
ALPK3,ENSG00000136383,alpha kinase 3 [Source:HGNC Symbol;Acc:HGNC:17574],,,N,N,N
AMHR2,ENSG00000135409,anti-Mullerian hormone receptor type 2 [Source:HGNC Symbol;Acc:HGNC:465],Type 2 receptor serine/threonine kinases,HGNC:465,Y,N,N
ANKK1,ENSG00000170209,ankyrin repeat and kinase domain containing 1 [Source:HGNC Symbol;Acc:HGNC:21027],,,N,N,N
ARAF,ENSG00000078061,"A-Raf proto-oncogene, serine/threonine kinase [Source:HGNC Symbol;Acc:HGNC:646]",Mitogen-activated protein kinase kinase kinases,HGNC:646,Y,N,N
ATM,ENSG00000149311,ATM serine/threonine kinase [Source:HGNC Symbol;Acc:HGNC:795],,,N,N,N
ATR,ENSG00000175054,ATR serine/threonine kinase [Source:HGNC Symbol;Acc:HGNC:882],,,N,N,N
AURKA,ENSG00000087586,aurora kinase A [Source:HGNC Symbol;Acc:HGNC:11393],Aurora kinase family,HGNC:11393,Y,N,N
AURKB,ENSG00000178999,aurora kinase B [Source:HGNC Symbol;Acc:HGNC:11390],Aurora kinase family,HGNC:11390,Y,N,N
AURKC,ENSG00000105146,aurora kinase C [Source:HGNC Symbol;Acc:HGNC:11391],Aurora kinase family,HGNC:11391,Y,N,N
AVP,ENSG00000101200,arginine vasopressin [Source:HGNC Symbol;Acc:HGNC:894],,,N,N,N
AXL,ENSG00000167601,AXL receptor tyrosine kinase [Source:HGNC Symbol;Acc:HGNC:905],Receptor tyrosine kinases,HGNC:905,Y,N,N
BAZ1B,ENSG00000009954,bromodomain adjacent to zinc finger domain 1B [Source:HGNC Symbol;Acc:HGNC:961],,,N,N,N
BCKDK,ENSG00000103507,branched chain keto acid dehydrogenase kinase [Source:HGNC Symbol;Acc:HGNC:16902],,,N,N,N
BCR,ENSG00000186716,BCR activator of RhoGEF and GTPase [Source:HGNC Symbol;Acc:HGNC:1014],,,N,N,N
BEGAIN,ENSG00000183092,brain enriched guanylate kinase associated [Source:HGNC Symbol;Acc:HGNC:24163],,,N,N,N
BLK,ENSG00000285369,"BLK proto-oncogene, Src family tyrosine kinase [Source:HGNC Symbol;Acc:HGNC:1057]",Src family tyrosine kinases,HGNC:1057,Y,N,N
BLK,ENSG00000136573,"BLK proto-oncogene, Src family tyrosine kinase [Source:HGNC Symbol;Acc:HGNC:1057]",Src family tyrosine kinases,HGNC:1057,Y,N,N
BLVRA,ENSG00000106605,biliverdin reductase A [Source:HGNC Symbol;Acc:HGNC:1062],,,N,Y,N
BMP2K,ENSG00000138756,BMP2 inducible kinase [Source:HGNC Symbol;Acc:HGNC:18041],,,N,N,N
BMPR1A,ENSG00000107779,bone morphogenetic protein receptor type 1A [Source:HGNC Symbol;Acc:HGNC:1076],Type 1 receptor serine/threonine kinases,HGNC:1076,Y,N,N
BMPR1B,ENSG00000138696,bone morphogenetic protein receptor type 1B [Source:HGNC Symbol;Acc:HGNC:1077],Type 1 receptor serine/threonine kinases,HGNC:1077,Y,N,N
BMPR2,ENSG00000204217,bone morphogenetic protein receptor type 2 [Source:HGNC Symbol;Acc:HGNC:1078],Type 2 receptor serine/threonine kinases,HGNC:1078,Y,N,N
BMX,ENSG00000102010,BMX non-receptor tyrosine kinase [Source:HGNC Symbol;Acc:HGNC:1079],Tec family tyrosine kinases,HGNC:1079,Y,N,N
BRAF,ENSG00000157764,"B-Raf proto-oncogene, serine/threonine kinase [Source:HGNC Symbol;Acc:HGNC:1097]",Mitogen-activated protein kinase kinase kinases,HGNC:1097,Y,N,N
BRD2,ENSG00000235307,bromodomain containing 2 [Source:HGNC Symbol;Acc:HGNC:1103],,,N,N,N
BRD2,ENSG00000234507,bromodomain containing 2 [Source:HGNC Symbol;Acc:HGNC:1103],,,N,N,N
BRD2,ENSG00000234704,bromodomain containing 2 [Source:HGNC Symbol;Acc:HGNC:1103],,,N,N,N
BRD2,ENSG00000215077,bromodomain containing 2 [Source:HGNC Symbol;Acc:HGNC:1103],,,N,N,N
BRD2,ENSG00000204256,bromodomain containing 2 [Source:HGNC Symbol;Acc:HGNC:1103],,,N,N,N
BRD3,ENSG00000169925,bromodomain containing 3 [Source:HGNC Symbol;Acc:HGNC:1104],,,N,N,N
BRD4,ENSG00000141867,bromodomain containing 4 [Source:HGNC Symbol;Acc:HGNC:13575],,,N,N,N
BRDT,ENSG00000137948,bromodomain testis associated [Source:HGNC Symbol;Acc:HGNC:1105],,,N,N,N
BRSK1,ENSG00000160469,BR serine/threonine kinase 1 [Source:HGNC Symbol;Acc:HGNC:18994],BR serine/threonine kinases,HGNC:18994,Y,N,N
BRSK2,ENSG00000291428,BR serine/threonine kinase 2 [Source:HGNC Symbol;Acc:HGNC:11405],BR serine/threonine kinases,HGNC:11405,Y,N,N
BRSK2,ENSG00000174672,BR serine/threonine kinase 2 [Source:HGNC Symbol;Acc:HGNC:11405],BR serine/threonine kinases,HGNC:11405,Y,N,N
BTK,ENSG00000010671,Bruton tyrosine kinase [Source:HGNC Symbol;Acc:HGNC:1133],Tec family tyrosine kinases,HGNC:1133,Y,N,N
BUB1,ENSG00000169679,BUB1 mitotic checkpoint serine/threonine kinase [Source:HGNC Symbol;Acc:HGNC:1148],BUB1 mitotic checkpoint serine/threonine kinase family,HGNC:1148,Y,N,N
BUB1B,ENSG00000156970,BUB1 mitotic checkpoint serine/threonine kinase B [Source:HGNC Symbol;Acc:HGNC:1149],BUB1 mitotic checkpoint serine/threonine kinase family,HGNC:1149,Y,N,N
C8orf44-SGK3,ENSG00000288602,C8orf44-SGK3 readthrough [Source:HGNC Symbol;Acc:HGNC:48354],,,N,N,N
CAD,ENSG00000084774,"carbamoyl-phosphate synthetase 2, aspartate transcarbamylase, and dihydroorotase [Source:HGNC Symbol;Acc:HGNC:1424]",,,N,Y,N
CALM1,ENSG00000198668,calmodulin 1 [Source:HGNC Symbol;Acc:HGNC:1442],Phosphorylase kinase subunits,HGNC:1442,Y,N,Y
CALM2,ENSG00000143933,calmodulin 2 [Source:HGNC Symbol;Acc:HGNC:1445],Phosphorylase kinase subunits,HGNC:1445,Y,N,Y
CALM3,ENSG00000160014,calmodulin 3 [Source:HGNC Symbol;Acc:HGNC:1449],Phosphorylase kinase subunits,HGNC:1449,Y,N,Y
CAMK1,ENSG00000134072,calcium/calmodulin dependent protein kinase I [Source:HGNC Symbol;Acc:HGNC:1459],,,N,N,N
CAMK1D,ENSG00000183049,calcium/calmodulin dependent protein kinase ID [Source:HGNC Symbol;Acc:HGNC:19341],,,N,N,N
CAMK1G,ENSG00000008118,calcium/calmodulin dependent protein kinase IG [Source:HGNC Symbol;Acc:HGNC:14585],,,N,N,N
CAMK2A,ENSG00000070808,calcium/calmodulin dependent protein kinase II alpha [Source:HGNC Symbol;Acc:HGNC:1460],,,N,N,Y
CAMK2B,ENSG00000058404,calcium/calmodulin dependent protein kinase II beta [Source:HGNC Symbol;Acc:HGNC:1461],,,N,N,Y
CAMK2D,ENSG00000145349,calcium/calmodulin dependent protein kinase II delta [Source:HGNC Symbol;Acc:HGNC:1462],,,N,N,Y
CAMK2G,ENSG00000148660,calcium/calmodulin dependent protein kinase II gamma [Source:HGNC Symbol;Acc:HGNC:1463],,,N,N,Y
CAMK4,ENSG00000152495,calcium/calmodulin dependent protein kinase IV [Source:HGNC Symbol;Acc:HGNC:1464],,,N,N,N
CAMKK1,ENSG00000004660,calcium/calmodulin dependent protein kinase kinase 1 [Source:HGNC Symbol;Acc:HGNC:1469],,,N,N,N
CAMKK2,ENSG00000110931,calcium/calmodulin dependent protein kinase kinase 2 [Source:HGNC Symbol;Acc:HGNC:1470],,,N,N,N
CAMKV,ENSG00000164076,CaM kinase like vesicle associated [Source:HGNC Symbol;Acc:HGNC:28788],,,N,N,N
CASK,ENSG00000147044,calcium/calmodulin dependent serine protein kinase [Source:HGNC Symbol;Acc:HGNC:1497],Membrane associated guanylate kinases,HGNC:1497,Y,N,N
CCL2,ENSG00000108691,C-C motif chemokine ligand 2 [Source:HGNC Symbol;Acc:HGNC:10618],,,N,N,Y
CCL3,ENSG00000274221,C-C motif chemokine ligand 3 [Source:HGNC Symbol;Acc:HGNC:10627],,,N,N,Y
CCL3,ENSG00000278567,C-C motif chemokine ligand 3 [Source:HGNC Symbol;Acc:HGNC:10627],,,N,N,Y
CCL3,ENSG00000277632,C-C motif chemokine ligand 3 [Source:HGNC Symbol;Acc:HGNC:10627],,,N,N,Y
CCL5,ENSG00000274233,C-C motif chemokine ligand 5 [Source:HGNC Symbol;Acc:HGNC:10632],,,N,N,Y
CCL5,ENSG00000271503,C-C motif chemokine ligand 5 [Source:HGNC Symbol;Acc:HGNC:10632],,,N,N,Y
CCL8,ENSG00000108700,C-C motif chemokine ligand 8 [Source:HGNC Symbol;Acc:HGNC:10635],,,N,N,N
CCND1,ENSG00000110092,cyclin D1 [Source:HGNC Symbol;Acc:HGNC:1582],,,N,N,N
CCNE1,ENSG00000105173,cyclin E1 [Source:HGNC Symbol;Acc:HGNC:1589],,,N,N,N
CCNH,ENSG00000134480,cyclin H [Source:HGNC Symbol;Acc:HGNC:1594],CDK activating kinase complex,HGNC:1594,Y,N,N
CDC42BPA,ENSG00000143776,CDC42 binding protein kinase alpha [Source:HGNC Symbol;Acc:HGNC:1737],CDC42 binding protein kinase family,HGNC:1737,Y,N,N
CDC42BPB,ENSG00000198752,CDC42 binding protein kinase beta [Source:HGNC Symbol;Acc:HGNC:1738],CDC42 binding protein kinase family,HGNC:1738,Y,N,N
CDC42BPG,ENSG00000171219,CDC42 binding protein kinase gamma [Source:HGNC Symbol;Acc:HGNC:29829],CDC42 binding protein kinase family,HGNC:29829,Y,N,N
CDC7,ENSG00000097046,cell division cycle 7 [Source:HGNC Symbol;Acc:HGNC:1745],CDC7 kinase family,HGNC:1745,Y,N,N
CDK1,ENSG00000170312,cyclin dependent kinase 1 [Source:HGNC Symbol;Acc:HGNC:1722],Cyclin dependent kinases,HGNC:1722,Y,N,N
CDK10,ENSG00000185324,cyclin dependent kinase 10 [Source:HGNC Symbol;Acc:HGNC:1770],Cyclin dependent kinases,HGNC:1770,Y,N,N
CDK11A,ENSG00000008128,cyclin dependent kinase 11A [Source:HGNC Symbol;Acc:HGNC:1730],Cyclin dependent kinases,HGNC:1730,Y,N,N
CDK11B,ENSG00000248333,cyclin dependent kinase 11B [Source:HGNC Symbol;Acc:HGNC:1729],Cyclin dependent kinases,HGNC:1729,Y,N,N
CDK12,ENSG00000167258,cyclin dependent kinase 12 [Source:HGNC Symbol;Acc:HGNC:24224],Cyclin dependent kinases,HGNC:24224,Y,N,N
CDK13,ENSG00000065883,cyclin dependent kinase 13 [Source:HGNC Symbol;Acc:HGNC:1733],Cyclin dependent kinases,HGNC:1733,Y,N,N
CDK14,ENSG00000058091,cyclin dependent kinase 14 [Source:HGNC Symbol;Acc:HGNC:8883],Cyclin dependent kinases,HGNC:8883,Y,N,N
CDK15,ENSG00000138395,cyclin dependent kinase 15 [Source:HGNC Symbol;Acc:HGNC:14434],Cyclin dependent kinases,HGNC:14434,Y,N,N
CDK16,ENSG00000102225,cyclin dependent kinase 16 [Source:HGNC Symbol;Acc:HGNC:8749],Cyclin dependent kinases,HGNC:8749,Y,N,N
CDK17,ENSG00000059758,cyclin dependent kinase 17 [Source:HGNC Symbol;Acc:HGNC:8750],Cyclin dependent kinases,HGNC:8750,Y,N,N
CDK18,ENSG00000117266,cyclin dependent kinase 18 [Source:HGNC Symbol;Acc:HGNC:8751],Cyclin dependent kinases,HGNC:8751,Y,N,N
CDK19,ENSG00000155111,cyclin dependent kinase 19 [Source:HGNC Symbol;Acc:HGNC:19338],Cyclin dependent kinases,HGNC:19338,Y,N,N
CDK2,ENSG00000123374,cyclin dependent kinase 2 [Source:HGNC Symbol;Acc:HGNC:1771],Cyclin dependent kinases,HGNC:1771,Y,N,N
CDK20,ENSG00000156345,cyclin dependent kinase 20 [Source:HGNC Symbol;Acc:HGNC:21420],Cyclin dependent kinases,HGNC:21420,Y,N,N
CDK2AP2,ENSG00000167797,cyclin dependent kinase 2 associated protein 2 [Source:HGNC Symbol;Acc:HGNC:30833],,,N,N,N
CDK3,ENSG00000250506,cyclin dependent kinase 3 [Source:HGNC Symbol;Acc:HGNC:1772],Cyclin dependent kinases,HGNC:1772,Y,N,N
CDK4,ENSG00000135446,cyclin dependent kinase 4 [Source:HGNC Symbol;Acc:HGNC:1773],Cyclin dependent kinases,HGNC:1773,Y,N,N
CDK5,ENSG00000164885,cyclin dependent kinase 5 [Source:HGNC Symbol;Acc:HGNC:1774],Cyclin dependent kinases,HGNC:1774,Y,N,N
CDK5R1,ENSG00000176749,cyclin dependent kinase 5 regulatory subunit 1 [Source:HGNC Symbol;Acc:HGNC:1775],,,N,N,N
CDK6,ENSG00000105810,cyclin dependent kinase 6 [Source:HGNC Symbol;Acc:HGNC:1777],Cyclin dependent kinases,HGNC:1777,Y,N,N
CDK7,ENSG00000277273,cyclin dependent kinase 7 [Source:HGNC Symbol;Acc:HGNC:1778],CDK activating kinase complex,HGNC:1778,Y,N,N
CDK7,ENSG00000277273,cyclin dependent kinase 7 [Source:HGNC Symbol;Acc:HGNC:1778],Cyclin dependent kinases,HGNC:1778,Y,N,N
CDK7,ENSG00000134058,cyclin dependent kinase 7 [Source:HGNC Symbol;Acc:HGNC:1778],CDK activating kinase complex,HGNC:1778,Y,N,N
CDK7,ENSG00000134058,cyclin dependent kinase 7 [Source:HGNC Symbol;Acc:HGNC:1778],Cyclin dependent kinases,HGNC:1778,Y,N,N
CDK8,ENSG00000132964,cyclin dependent kinase 8 [Source:HGNC Symbol;Acc:HGNC:1779],Cyclin dependent kinases,HGNC:1779,Y,N,N
CDK9,ENSG00000136807,cyclin dependent kinase 9 [Source:HGNC Symbol;Acc:HGNC:1780],Cyclin dependent kinases,HGNC:1780,Y,N,N
CDKL1,ENSG00000100490,cyclin dependent kinase like 1 [Source:HGNC Symbol;Acc:HGNC:1781],Cyclin dependent kinases,HGNC:1781,Y,N,N
CDKL2,ENSG00000138769,cyclin dependent kinase like 2 [Source:HGNC Symbol;Acc:HGNC:1782],Cyclin dependent kinases,HGNC:1782,Y,N,N
CDKL3,ENSG00000006837,cyclin dependent kinase like 3 [Source:HGNC Symbol;Acc:HGNC:15483],Cyclin dependent kinases,HGNC:15483,Y,N,N
CDKL4,ENSG00000205111,cyclin dependent kinase like 4 [Source:HGNC Symbol;Acc:HGNC:19287],Cyclin dependent kinases,HGNC:19287,Y,N,N
CDKL5,ENSG00000008086,cyclin dependent kinase like 5 [Source:HGNC Symbol;Acc:HGNC:11411],Cyclin dependent kinases,HGNC:11411,Y,N,N
CERK,ENSG00000100422,ceramide kinase [Source:HGNC Symbol;Acc:HGNC:19256],,,N,Y,Y
CERKL,ENSG00000188452,CERK like autophagy regulator [Source:HGNC Symbol;Acc:HGNC:21699],,,N,N,N
CERT1,ENSG00000113163,ceramide transporter 1 [Source:HGNC Symbol;Acc:HGNC:2205],,,N,N,N
CHEK1,ENSG00000149554,checkpoint kinase 1 [Source:HGNC Symbol;Acc:HGNC:1925],Checkpoint kinase 1 family,HGNC:1925,Y,N,N
CHEK2,ENSG00000183765,checkpoint kinase 2 [Source:HGNC Symbol;Acc:HGNC:16627],Checkpoint kinase 2 family,HGNC:16627,Y,N,N
CHKA,ENSG00000110721,choline kinase alpha [Source:HGNC Symbol;Acc:HGNC:1937],Choline kinase family,HGNC:1937,Y,Y,Y
CHKB,ENSG00000100288,choline kinase beta [Source:HGNC Symbol;Acc:HGNC:1938],Choline kinase family,HGNC:1938,Y,Y,Y
CHUK,ENSG00000213341,component of inhibitor of nuclear factor kappa B kinase complex [Source:HGNC Symbol;Acc:HGNC:1974],I kappa B kinases,HGNC:1974,Y,N,Y
CIITA,ENSG00000179583,class II major histocompatibility complex transactivator [Source:HGNC Symbol;Acc:HGNC:7067],,,N,N,N
CILK1,ENSG00000112144,ciliogenesis associated kinase 1 [Source:HGNC Symbol;Acc:HGNC:21219],"CILK1, MAK, MOK protein kinase family",HGNC:21219,Y,N,N
CIT,ENSG00000122966,citron rho-interacting serine/threonine kinase [Source:HGNC Symbol;Acc:HGNC:1985],DMPK kinase family,HGNC:1985,Y,N,N
CKB,ENSG00000166165,creatine kinase B [Source:HGNC Symbol;Acc:HGNC:1991],Creatine kinase family,HGNC:1991,Y,Y,N
CKM,ENSG00000104879,"creatine kinase, M-type [Source:HGNC Symbol;Acc:HGNC:1994]",Creatine kinase family,HGNC:1994,Y,Y,N
CKMT1A,ENSG00000223572,"creatine kinase, mitochondrial 1A [Source:HGNC Symbol;Acc:HGNC:31736]",Creatine kinase family,HGNC:31736,Y,Y,N
CKMT1B,ENSG00000237289,"creatine kinase, mitochondrial 1B [Source:HGNC Symbol;Acc:HGNC:1995]",Creatine kinase family,HGNC:1995,Y,Y,N
CKMT2,ENSG00000131730,"creatine kinase, mitochondrial 2 [Source:HGNC Symbol;Acc:HGNC:1996]",Creatine kinase family,HGNC:1996,Y,Y,N
CKS1B,ENSG00000173207,CDC28 protein kinase regulatory subunit 1B [Source:HGNC Symbol;Acc:HGNC:19083],,,N,N,N
CLK1,ENSG00000013441,CDC like kinase 1 [Source:HGNC Symbol;Acc:HGNC:2068],CDC like kinases,HGNC:2068,Y,N,N
CLK2,ENSG00000261893,CDC like kinase 2 [Source:HGNC Symbol;Acc:HGNC:2069],CDC like kinases,HGNC:2069,Y,N,N
CLK2,ENSG00000176444,CDC like kinase 2 [Source:HGNC Symbol;Acc:HGNC:2069],CDC like kinases,HGNC:2069,Y,N,N
CLK3,ENSG00000179335,CDC like kinase 3 [Source:HGNC Symbol;Acc:HGNC:2071],CDC like kinases,HGNC:2071,Y,N,N
CLK4,ENSG00000113240,CDC like kinase 4 [Source:HGNC Symbol;Acc:HGNC:13659],CDC like kinases,HGNC:13659,Y,N,N
CLP1,ENSG00000172409,cleavage factor polyribonucleotide kinase subunit 1 [Source:HGNC Symbol;Acc:HGNC:16999],,,N,N,N
CMPK1,ENSG00000162368,cytidine/uridine monophosphate kinase 1 [Source:HGNC Symbol;Acc:HGNC:18170],,,N,Y,N
CMPK2,ENSG00000134326,cytidine/uridine monophosphate kinase 2 [Source:HGNC Symbol;Acc:HGNC:27015],,,N,Y,N
CNKSR1,ENSG00000142675,connector enhancer of kinase suppressor of Ras 1 [Source:HGNC Symbol;Acc:HGNC:19700],,,N,N,N
COASY,ENSG00000068120,Coenzyme A synthase [Source:HGNC Symbol;Acc:HGNC:29932],,,N,N,N
COQ8A,ENSG00000163050,coenzyme Q8A [Source:HGNC Symbol;Acc:HGNC:16812],,,N,N,N
COQ8B,ENSG00000123815,coenzyme Q8B [Source:HGNC Symbol;Acc:HGNC:19041],,,N,N,N
CPNE3,ENSG00000085719,copine 3 [Source:HGNC Symbol;Acc:HGNC:2316],,,N,N,N
CSF1R,ENSG00000182578,colony stimulating factor 1 receptor [Source:HGNC Symbol;Acc:HGNC:2433],Receptor tyrosine kinases,HGNC:2433,Y,N,N
CSK,ENSG00000103653,C-terminal Src kinase [Source:HGNC Symbol;Acc:HGNC:2444],Csk family tyrosine kinases,HGNC:2444,Y,N,N
CSNK1A1,ENSG00000113712,casein kinase 1 alpha 1 [Source:HGNC Symbol;Acc:HGNC:2451],Casein kinase 1 family,HGNC:2451,Y,N,N
CSNK1A1L,ENSG00000180138,casein kinase 1 alpha 1 like [Source:HGNC Symbol;Acc:HGNC:20289],Casein kinase 1 family,HGNC:20289,Y,N,N
CSNK1D,ENSG00000141551,casein kinase 1 delta [Source:HGNC Symbol;Acc:HGNC:2452],Casein kinase 1 family,HGNC:2452,Y,N,N
CSNK1E,ENSG00000213923,casein kinase 1 epsilon [Source:HGNC Symbol;Acc:HGNC:2453],Casein kinase 1 family,HGNC:2453,Y,N,N
CSNK1G1,ENSG00000169118,casein kinase 1 gamma 1 [Source:HGNC Symbol;Acc:HGNC:2454],Casein kinase 1 family,HGNC:2454,Y,N,N
CSNK1G2,ENSG00000133275,casein kinase 1 gamma 2 [Source:HGNC Symbol;Acc:HGNC:2455],Casein kinase 1 family,HGNC:2455,Y,N,N
CSNK1G3,ENSG00000151292,casein kinase 1 gamma 3 [Source:HGNC Symbol;Acc:HGNC:2456],Casein kinase 1 family,HGNC:2456,Y,N,N
CSNK2A1,ENSG00000101266,casein kinase 2 alpha 1 [Source:HGNC Symbol;Acc:HGNC:2457],,,N,N,N
CSNK2A2,ENSG00000070770,casein kinase 2 alpha 2 [Source:HGNC Symbol;Acc:HGNC:2459],,,N,N,N
CSNK2A3,ENSG00000254598,casein kinase 2 alpha 3 [Source:HGNC Symbol;Acc:HGNC:2458],,,N,N,N
CSNK2B,ENSG00000204435,casein kinase 2 beta [Source:HGNC Symbol;Acc:HGNC:2460],,,N,N,N
CSNK2B,ENSG00000230700,casein kinase 2 beta [Source:HGNC Symbol;Acc:HGNC:2460],,,N,N,N
CSNK2B,ENSG00000224774,casein kinase 2 beta [Source:HGNC Symbol;Acc:HGNC:2460],,,N,N,N
CSNK2B,ENSG00000228875,casein kinase 2 beta [Source:HGNC Symbol;Acc:HGNC:2460],,,N,N,N
CSNK2B,ENSG00000232960,casein kinase 2 beta [Source:HGNC Symbol;Acc:HGNC:2460],,,N,N,N
CSNK2B,ENSG00000224398,casein kinase 2 beta [Source:HGNC Symbol;Acc:HGNC:2460],,,N,N,N
CSNK2B,ENSG00000206406,casein kinase 2 beta [Source:HGNC Symbol;Acc:HGNC:2460],,,N,N,N
DAPK1,ENSG00000196730,death associated protein kinase 1 [Source:HGNC Symbol;Acc:HGNC:2674],Death associated protein kinases,HGNC:2674,Y,N,N
DAPK2,ENSG00000035664,death associated protein kinase 2 [Source:HGNC Symbol;Acc:HGNC:2675],Death associated protein kinases,HGNC:2675,Y,N,N
DAPK3,ENSG00000167657,death associated protein kinase 3 [Source:HGNC Symbol;Acc:HGNC:2676],Death associated protein kinases,HGNC:2676,Y,N,N
DCAF1,ENSG00000145041,DDB1 and CUL4 associated factor 1 [Source:HGNC Symbol;Acc:HGNC:30911],,,N,N,N
DCK,ENSG00000156136,deoxycytidine kinase [Source:HGNC Symbol;Acc:HGNC:2704],Deoxyribonucleoside kinases,HGNC:2704,Y,Y,N
DCLK1,ENSG00000133083,doublecortin like kinase 1 [Source:HGNC Symbol;Acc:HGNC:2700],Doublecortin like kinase family,HGNC:2700,Y,N,N
DCLK2,ENSG00000170390,doublecortin like kinase 2 [Source:HGNC Symbol;Acc:HGNC:19002],Doublecortin like kinase family,HGNC:19002,Y,N,N
DCLK3,ENSG00000163673,doublecortin like kinase 3 [Source:HGNC Symbol;Acc:HGNC:19005],Doublecortin like kinase family,HGNC:19005,Y,N,N
DDR1,ENSG00000230456,discoidin domain receptor tyrosine kinase 1 [Source:HGNC Symbol;Acc:HGNC:2730],Receptor tyrosine kinases,HGNC:2730,Y,N,N
DDR1,ENSG00000137332,discoidin domain receptor tyrosine kinase 1 [Source:HGNC Symbol;Acc:HGNC:2730],Receptor tyrosine kinases,HGNC:2730,Y,N,N
DDR1,ENSG00000234078,discoidin domain receptor tyrosine kinase 1 [Source:HGNC Symbol;Acc:HGNC:2730],Receptor tyrosine kinases,HGNC:2730,Y,N,N
DDR1,ENSG00000215522,discoidin domain receptor tyrosine kinase 1 [Source:HGNC Symbol;Acc:HGNC:2730],Receptor tyrosine kinases,HGNC:2730,Y,N,N
DDR1,ENSG00000204580,discoidin domain receptor tyrosine kinase 1 [Source:HGNC Symbol;Acc:HGNC:2730],Receptor tyrosine kinases,HGNC:2730,Y,N,N
DDR2,ENSG00000162733,discoidin domain receptor tyrosine kinase 2 [Source:HGNC Symbol;Acc:HGNC:2731],Receptor tyrosine kinases,HGNC:2731,Y,N,N
DGKA,ENSG00000065357,diacylglycerol kinase alpha [Source:HGNC Symbol;Acc:HGNC:2849],Diacylglycerol kinases,HGNC:2849,Y,Y,Y
DGKB,ENSG00000136267,diacylglycerol kinase beta [Source:HGNC Symbol;Acc:HGNC:2850],Diacylglycerol kinases,HGNC:2850,Y,Y,Y
DGKD,ENSG00000077044,diacylglycerol kinase delta [Source:HGNC Symbol;Acc:HGNC:2851],Diacylglycerol kinases,HGNC:2851,Y,Y,Y
DGKE,ENSG00000153933,diacylglycerol kinase epsilon [Source:HGNC Symbol;Acc:HGNC:2852],Diacylglycerol kinases,HGNC:2852,Y,Y,Y
DGKG,ENSG00000058866,diacylglycerol kinase gamma [Source:HGNC Symbol;Acc:HGNC:2853],Diacylglycerol kinases,HGNC:2853,Y,Y,Y
DGKH,ENSG00000102780,diacylglycerol kinase eta [Source:HGNC Symbol;Acc:HGNC:2854],Diacylglycerol kinases,HGNC:2854,Y,Y,Y
DGKI,ENSG00000157680,diacylglycerol kinase iota [Source:HGNC Symbol;Acc:HGNC:2855],Diacylglycerol kinases,HGNC:2855,Y,Y,Y
DGKK,ENSG00000274588,diacylglycerol kinase kappa [Source:HGNC Symbol;Acc:HGNC:32395],Diacylglycerol kinases,HGNC:32395,Y,Y,Y
DGKQ,ENSG00000145214,diacylglycerol kinase theta [Source:HGNC Symbol;Acc:HGNC:2856],Diacylglycerol kinases,HGNC:2856,Y,Y,Y
DGKZ,ENSG00000149091,diacylglycerol kinase zeta [Source:HGNC Symbol;Acc:HGNC:2857],Diacylglycerol kinases,HGNC:2857,Y,Y,Y
DGUOK,ENSG00000114956,deoxyguanosine kinase [Source:HGNC Symbol;Acc:HGNC:2858],Deoxyribonucleoside kinases,HGNC:2858,Y,Y,N
DMPK,ENSG00000104936,DM1 protein kinase [Source:HGNC Symbol;Acc:HGNC:2933],DMPK kinase family,HGNC:2933,Y,N,N
DOLK,ENSG00000175283,dolichol kinase [Source:HGNC Symbol;Acc:HGNC:23406],,,N,N,N
DSTYK,ENSG00000133059,dual serine/threonine and tyrosine protein kinase [Source:HGNC Symbol;Acc:HGNC:29043],,,N,N,N
DTYMK,ENSG00000168393,deoxythymidylate kinase [Source:HGNC Symbol;Acc:HGNC:3061],,,N,Y,N
DYRK1A,ENSG00000157540,dual specificity tyrosine phosphorylation regulated kinase 1A [Source:HGNC Symbol;Acc:HGNC:3091],Dual-specificity tyrosine-regulated kinase family,HGNC:3091,Y,N,N
DYRK1B,ENSG00000281320,dual specificity tyrosine phosphorylation regulated kinase 1B [Source:HGNC Symbol;Acc:HGNC:3092],Dual-specificity tyrosine-regulated kinase family,HGNC:3092,Y,N,N
DYRK1B,ENSG00000105204,dual specificity tyrosine phosphorylation regulated kinase 1B [Source:HGNC Symbol;Acc:HGNC:3092],Dual-specificity tyrosine-regulated kinase family,HGNC:3092,Y,N,N
DYRK2,ENSG00000127334,dual specificity tyrosine phosphorylation regulated kinase 2 [Source:HGNC Symbol;Acc:HGNC:3093],Dual-specificity tyrosine-regulated kinase family,HGNC:3093,Y,N,N
DYRK3,ENSG00000143479,dual specificity tyrosine phosphorylation regulated kinase 3 [Source:HGNC Symbol;Acc:HGNC:3094],Dual-specificity tyrosine-regulated kinase family,HGNC:3094,Y,N,N
DYRK4,ENSG00000010219,dual specificity tyrosine phosphorylation regulated kinase 4 [Source:HGNC Symbol;Acc:HGNC:3095],Dual-specificity tyrosine-regulated kinase family,HGNC:3095,Y,N,N
EEF2K,ENSG00000103319,eukaryotic elongation factor 2 kinase [Source:HGNC Symbol;Acc:HGNC:24615],,,N,N,N
EEF2K,ENSG00000284161,eukaryotic elongation factor 2 kinase [Source:HGNC Symbol;Acc:HGNC:24615],,,N,N,N
EGFR,ENSG00000146648,epidermal growth factor receptor [Source:HGNC Symbol;Acc:HGNC:3236],Erb-b2 receptor tyrosine kinases,HGNC:3236,Y,Y,N
EIF2AK1,ENSG00000086232,eukaryotic translation initiation factor 2 alpha kinase 1 [Source:HGNC Symbol;Acc:HGNC:24921],Eukaryotic translation initiation factor 2 alpha kinases,HGNC:24921,Y,N,N
EIF2AK2,ENSG00000055332,eukaryotic translation initiation factor 2 alpha kinase 2 [Source:HGNC Symbol;Acc:HGNC:9437],Eukaryotic translation initiation factor 2 alpha kinases,HGNC:9437,Y,N,N
EIF2AK3,ENSG00000172071,eukaryotic translation initiation factor 2 alpha kinase 3 [Source:HGNC Symbol;Acc:HGNC:3255],Eukaryotic translation initiation factor 2 alpha kinases,HGNC:3255,Y,N,Y
EIF2AK4,ENSG00000128829,eukaryotic translation initiation factor 2 alpha kinase 4 [Source:HGNC Symbol;Acc:HGNC:19687],Eukaryotic translation initiation factor 2 alpha kinases,HGNC:19687,Y,N,N
EPHA1,ENSG00000284816,EPH receptor A1 [Source:HGNC Symbol;Acc:HGNC:3385],,,N,N,N
EPHA1,ENSG00000146904,EPH receptor A1 [Source:HGNC Symbol;Acc:HGNC:3385],,,N,N,N
EPHA10,ENSG00000183317,EPH receptor A10 [Source:HGNC Symbol;Acc:HGNC:19987],,,N,N,N
EPHA2,ENSG00000142627,EPH receptor A2 [Source:HGNC Symbol;Acc:HGNC:3386],,,N,N,N
EPHA3,ENSG00000044524,EPH receptor A3 [Source:HGNC Symbol;Acc:HGNC:3387],,,N,N,N
EPHA4,ENSG00000116106,EPH receptor A4 [Source:HGNC Symbol;Acc:HGNC:3388],,,N,N,N
EPHA5,ENSG00000145242,EPH receptor A5 [Source:HGNC Symbol;Acc:HGNC:3389],,,N,N,N
EPHA6,ENSG00000080224,EPH receptor A6 [Source:HGNC Symbol;Acc:HGNC:19296],,,N,N,N
EPHA7,ENSG00000135333,EPH receptor A7 [Source:HGNC Symbol;Acc:HGNC:3390],,,N,N,N
EPHA8,ENSG00000070886,EPH receptor A8 [Source:HGNC Symbol;Acc:HGNC:3391],,,N,N,N
EPHB1,ENSG00000154928,EPH receptor B1 [Source:HGNC Symbol;Acc:HGNC:3392],,,N,N,N
EPHB2,ENSG00000133216,EPH receptor B2 [Source:HGNC Symbol;Acc:HGNC:3393],,,N,N,N
EPHB3,ENSG00000182580,EPH receptor B3 [Source:HGNC Symbol;Acc:HGNC:3394],,,N,N,N
EPHB4,ENSG00000196411,EPH receptor B4 [Source:HGNC Symbol;Acc:HGNC:3395],,,N,N,N
EPHB6,ENSG00000275482,EPH receptor B6 [Source:HGNC Symbol;Acc:HGNC:3396],,,N,N,N
EPHB6,ENSG00000106123,EPH receptor B6 [Source:HGNC Symbol;Acc:HGNC:3396],,,N,N,N
EPS8L1,ENSG00000131037,EPS8 signaling adaptor L1 [Source:HGNC Symbol;Acc:HGNC:21295],,,N,N,N
ERBB2,ENSG00000141736,erb-b2 receptor tyrosine kinase 2 [Source:HGNC Symbol;Acc:HGNC:3430],Erb-b2 receptor tyrosine kinases,HGNC:3430,Y,Y,N
ERBB3,ENSG00000065361,erb-b2 receptor tyrosine kinase 3 [Source:HGNC Symbol;Acc:HGNC:3431],Erb-b2 receptor tyrosine kinases,HGNC:3431,Y,N,N
ERBB4,ENSG00000178568,erb-b2 receptor tyrosine kinase 4 [Source:HGNC Symbol;Acc:HGNC:3432],Erb-b2 receptor tyrosine kinases,HGNC:3432,Y,N,N
ERN1,ENSG00000178607,endoplasmic reticulum to nucleus signaling 1 [Source:HGNC Symbol;Acc:HGNC:3449],,,N,N,Y
ERN2,ENSG00000134398,endoplasmic reticulum to nucleus signaling 2 [Source:HGNC Symbol;Acc:HGNC:16942],,,N,N,N
ETNK1,ENSG00000139163,ethanolamine kinase 1 [Source:HGNC Symbol;Acc:HGNC:24649],Ethanolamine kinase family,HGNC:24649,Y,Y,Y
ETNK2,ENSG00000143845,ethanolamine kinase 2 [Source:HGNC Symbol;Acc:HGNC:25575],Ethanolamine kinase family,HGNC:25575,Y,Y,Y
FAM20B,ENSG00000116199,FAM20B glycosaminoglycan xylosylkinase [Source:HGNC Symbol;Acc:HGNC:23017],Golgi associated kinase family,HGNC:23017,Y,N,N
FAM20C,ENSG00000288499,FAM20C golgi associated secretory pathway kinase [Source:HGNC Symbol;Acc:HGNC:22140],Golgi associated kinase family,HGNC:22140,Y,N,N
FAM20C,ENSG00000177706,FAM20C golgi associated secretory pathway kinase [Source:HGNC Symbol;Acc:HGNC:22140],Golgi associated kinase family,HGNC:22140,Y,N,N
FASTK,ENSG00000164896,Fas activated serine/threonine kinase [Source:HGNC Symbol;Acc:HGNC:24676],,,N,N,N
FCSK,ENSG00000157353,fucose kinase [Source:HGNC Symbol;Acc:HGNC:29500],,,N,Y,N
FER,ENSG00000151422,FER tyrosine kinase [Source:HGNC Symbol;Acc:HGNC:3655],Fes family tyrosine kinases,HGNC:3655,Y,N,N
FES,ENSG00000182511,"FES proto-oncogene, tyrosine kinase [Source:HGNC Symbol;Acc:HGNC:3657]",Fes family tyrosine kinases,HGNC:3657,Y,N,N
FGFR1,ENSG00000077782,fibroblast growth factor receptor 1 [Source:HGNC Symbol;Acc:HGNC:3688],Receptor tyrosine kinases,HGNC:3688,Y,Y,N
FGFR2,ENSG00000066468,fibroblast growth factor receptor 2 [Source:HGNC Symbol;Acc:HGNC:3689],Receptor tyrosine kinases,HGNC:3689,Y,Y,N
FGFR3,ENSG00000068078,fibroblast growth factor receptor 3 [Source:HGNC Symbol;Acc:HGNC:3690],Receptor tyrosine kinases,HGNC:3690,Y,Y,N
FGFR4,ENSG00000160867,fibroblast growth factor receptor 4 [Source:HGNC Symbol;Acc:HGNC:3691],Receptor tyrosine kinases,HGNC:3691,Y,N,N
FGGY,ENSG00000172456,FGGY carbohydrate kinase domain containing [Source:HGNC Symbol;Acc:HGNC:25610],,,N,N,N
FGR,ENSG00000000938,"FGR proto-oncogene, Src family tyrosine kinase [Source:HGNC Symbol;Acc:HGNC:3697]",Src family tyrosine kinases,HGNC:3697,Y,N,N
FLT1,ENSG00000102755,fms related receptor tyrosine kinase 1 [Source:HGNC Symbol;Acc:HGNC:3763],Receptor tyrosine kinases,HGNC:3763,Y,N,N
FLT3,ENSG00000122025,fms related receptor tyrosine kinase 3 [Source:HGNC Symbol;Acc:HGNC:3765],Receptor tyrosine kinases,HGNC:3765,Y,Y,N
FLT4,ENSG00000037280,fms related receptor tyrosine kinase 4 [Source:HGNC Symbol;Acc:HGNC:3767],Receptor tyrosine kinases,HGNC:3767,Y,N,N
FN3K,ENSG00000167363,fructosamine 3 kinase [Source:HGNC Symbol;Acc:HGNC:24822],,,N,N,N
FN3KRP,ENSG00000141560,fructosamine 3 kinase related protein [Source:HGNC Symbol;Acc:HGNC:25700],,,N,N,N
FPGT-TNNI3K,ENSG00000259030,FPGT-TNNI3K readthrough [Source:HGNC Symbol;Acc:HGNC:42952],,,N,N,N
FRK,ENSG00000111816,fyn related Src family tyrosine kinase [Source:HGNC Symbol;Acc:HGNC:3955],Src family tyrosine kinases,HGNC:3955,Y,N,N
FYN,ENSG00000010810,"FYN proto-oncogene, Src family tyrosine kinase [Source:HGNC Symbol;Acc:HGNC:4037]",Src family tyrosine kinases,HGNC:4037,Y,N,Y
G6PC1,ENSG00000131482,glucose-6-phosphatase catalytic subunit 1 [Source:HGNC Symbol;Acc:HGNC:4056],,,N,Y,N
GAK,ENSG00000178950,cyclin G associated kinase [Source:HGNC Symbol;Acc:HGNC:4113],,,N,N,N
GALK1,ENSG00000108479,galactokinase 1 [Source:HGNC Symbol;Acc:HGNC:4118],,,N,Y,N
GALK2,ENSG00000156958,galactokinase 2 [Source:HGNC Symbol;Acc:HGNC:4119],,,N,Y,N
GCK,ENSG00000106633,glucokinase [Source:HGNC Symbol;Acc:HGNC:4195],Hexokinase family,HGNC:4195,Y,Y,N
GCKR,ENSG00000084734,glucokinase regulator [Source:HGNC Symbol;Acc:HGNC:4196],,,N,N,N
GIT2,ENSG00000139436,GIT ArfGAP 2 [Source:HGNC Symbol;Acc:HGNC:4273],,,N,N,N
GK,ENSG00000198814,glycerol kinase [Source:HGNC Symbol;Acc:HGNC:4289],Glycerol kinase family,HGNC:4289,Y,Y,Y
GK2,ENSG00000196475,glycerol kinase 2 [Source:HGNC Symbol;Acc:HGNC:4291],Glycerol kinase family,HGNC:4291,Y,Y,Y
GK3,ENSG00000229894,glycerol kinase 3 [Source:HGNC Symbol;Acc:HGNC:4292],Glycerol kinase family,HGNC:4292,Y,Y,Y
GK5,ENSG00000175066,glycerol kinase 5 [Source:HGNC Symbol;Acc:HGNC:28635],Glycerol kinase family,HGNC:28635,Y,N,N
GKAP1,ENSG00000165113,G kinase anchoring protein 1 [Source:HGNC Symbol;Acc:HGNC:17496],,,N,N,N
GLYCTK,ENSG00000168237,glycerate kinase [Source:HGNC Symbol;Acc:HGNC:24247],,,N,Y,Y
GNE,ENSG00000159921,glucosamine (UDP-N-acetyl)-2-epimerase/N-acetylmannosamine kinase [Source:HGNC Symbol;Acc:HGNC:23657],,,N,Y,N
GRK1,ENSG00000288263,G protein-coupled receptor kinase 1 [Source:HGNC Symbol;Acc:HGNC:10013],G protein-coupled receptor kinase family,HGNC:10013,Y,N,N
GRK1,ENSG00000185974,G protein-coupled receptor kinase 1 [Source:HGNC Symbol;Acc:HGNC:10013],G protein-coupled receptor kinase family,HGNC:10013,Y,N,N
GRK1,ENSG00000281988,G protein-coupled receptor kinase 1 [Source:HGNC Symbol;Acc:HGNC:10013],G protein-coupled receptor kinase family,HGNC:10013,Y,N,N
GRK2,ENSG00000173020,G protein-coupled receptor kinase 2 [Source:HGNC Symbol;Acc:HGNC:289],G protein-coupled receptor kinase family,HGNC:289,Y,N,N
GRK3,ENSG00000100077,G protein-coupled receptor kinase 3 [Source:HGNC Symbol;Acc:HGNC:290],G protein-coupled receptor kinase family,HGNC:290,Y,N,N
GRK4,ENSG00000125388,G protein-coupled receptor kinase 4 [Source:HGNC Symbol;Acc:HGNC:4543],G protein-coupled receptor kinase family,HGNC:4543,Y,N,N
GRK5,ENSG00000198873,G protein-coupled receptor kinase 5 [Source:HGNC Symbol;Acc:HGNC:4544],G protein-coupled receptor kinase family,HGNC:4544,Y,N,N
GRK6,ENSG00000198055,G protein-coupled receptor kinase 6 [Source:HGNC Symbol;Acc:HGNC:4545],G protein-coupled receptor kinase family,HGNC:4545,Y,N,N
GRK7,ENSG00000114124,G protein-coupled receptor kinase 7 [Source:HGNC Symbol;Acc:HGNC:17031],G protein-coupled receptor kinase family,HGNC:17031,Y,N,N
GSK3A,ENSG00000105723,glycogen synthase kinase 3 alpha [Source:HGNC Symbol;Acc:HGNC:4616],Glycogen synthase kinase 3 family,HGNC:4616,Y,N,N
GSK3B,ENSG00000082701,glycogen synthase kinase 3 beta [Source:HGNC Symbol;Acc:HGNC:4617],Glycogen synthase kinase 3 family,HGNC:4617,Y,N,Y
GUCY2C,ENSG00000070019,guanylate cyclase 2C [Source:HGNC Symbol;Acc:HGNC:4688],,,N,Y,N
GUCY2D,ENSG00000132518,"guanylate cyclase 2D, retinal [Source:HGNC Symbol;Acc:HGNC:4689]",,,N,Y,N
GUCY2F,ENSG00000101890,"guanylate cyclase 2F, retinal [Source:HGNC Symbol;Acc:HGNC:4691]",,,N,Y,N
GUK1,ENSG00000143774,guanylate kinase 1 [Source:HGNC Symbol;Acc:HGNC:4693],,,N,Y,N
HASPIN,ENSG00000177602,histone H3 associated protein kinase [Source:HGNC Symbol;Acc:HGNC:19682],,,N,N,N
HCK,ENSG00000101336,"HCK proto-oncogene, Src family tyrosine kinase [Source:HGNC Symbol;Acc:HGNC:4840]",Src family tyrosine kinases,HGNC:4840,Y,N,N
HGS,ENSG00000185359,hepatocyte growth factor-regulated tyrosine kinase substrate [Source:HGNC Symbol;Acc:HGNC:4897],,,N,N,N
HIPK1,ENSG00000163349,homeodomain interacting protein kinase 1 [Source:HGNC Symbol;Acc:HGNC:19006],Homeodomain interacting protein kinase family,HGNC:19006,Y,N,N
HIPK2,ENSG00000064393,homeodomain interacting protein kinase 2 [Source:HGNC Symbol;Acc:HGNC:14402],Homeodomain interacting protein kinase family,HGNC:14402,Y,N,N
HIPK3,ENSG00000110422,homeodomain interacting protein kinase 3 [Source:HGNC Symbol;Acc:HGNC:4915],Homeodomain interacting protein kinase family,HGNC:4915,Y,N,N
HIPK4,ENSG00000160396,homeodomain interacting protein kinase 4 [Source:HGNC Symbol;Acc:HGNC:19007],Homeodomain interacting protein kinase family,HGNC:19007,Y,N,N
HK1,ENSG00000156515,hexokinase 1 [Source:HGNC Symbol;Acc:HGNC:4922],Hexokinase family,HGNC:4922,Y,Y,N
HK2,ENSG00000159399,hexokinase 2 [Source:HGNC Symbol;Acc:HGNC:4923],Hexokinase family,HGNC:4923,Y,Y,N
HK3,ENSG00000160883,hexokinase 3 [Source:HGNC Symbol;Acc:HGNC:4925],Hexokinase family,HGNC:4925,Y,Y,N
HKDC1,ENSG00000156510,hexokinase domain containing 1 [Source:HGNC Symbol;Acc:HGNC:23302],Hexokinase family,HGNC:23302,Y,Y,N
HTATIP2,ENSG00000109854,HIV-1 Tat interactive protein 2 [Source:HGNC Symbol;Acc:HGNC:16637],,,N,N,N
HUNK,ENSG00000142149,hormonally up-regulated Neu-associated kinase [Source:HGNC Symbol;Acc:HGNC:13326],HUNK family kinases,HGNC:13326,Y,N,N
HYKK,ENSG00000188266,hydroxylysine kinase [Source:HGNC Symbol;Acc:HGNC:34403],,,N,N,N
IDNK,ENSG00000148057,IDNK gluconokinase [Source:HGNC Symbol;Acc:HGNC:31367],,,N,N,N
IGF1R,ENSG00000140443,insulin like growth factor 1 receptor [Source:HGNC Symbol;Acc:HGNC:5465],,,N,N,N
IKBKB,ENSG00000104365,inhibitor of nuclear factor kappa B kinase subunit beta [Source:HGNC Symbol;Acc:HGNC:5960],I kappa B kinases,HGNC:5960,Y,N,Y
IKBKE,ENSG00000263528,inhibitor of nuclear factor kappa B kinase subunit epsilon [Source:HGNC Symbol;Acc:HGNC:14552],I kappa B kinases,HGNC:14552,Y,N,Y
IKBKG,ENSG00000269335,inhibitor of nuclear factor kappa B kinase regulatory subunit gamma [Source:HGNC Symbol;Acc:HGNC:5961],,,N,N,Y
ILK,ENSG00000166333,integrin linked kinase [Source:HGNC Symbol;Acc:HGNC:6040],,,N,N,N
ILKAP,ENSG00000132323,ILK associated serine/threonine phosphatase [Source:HGNC Symbol;Acc:HGNC:15566],,,N,N,N
INSR,ENSG00000171105,insulin receptor [Source:HGNC Symbol;Acc:HGNC:6091],,,N,N,N
INSRR,ENSG00000027644,insulin receptor related receptor [Source:HGNC Symbol;Acc:HGNC:6093],,,N,N,N
IP6K1,ENSG00000176095,inositol hexakisphosphate kinase 1 [Source:HGNC Symbol;Acc:HGNC:18360],,,N,Y,N
IP6K2,ENSG00000068745,inositol hexakisphosphate kinase 2 [Source:HGNC Symbol;Acc:HGNC:17313],,,N,Y,N
IP6K3,ENSG00000161896,inositol hexakisphosphate kinase 3 [Source:HGNC Symbol;Acc:HGNC:17269],,,N,Y,N
IPMK,ENSG00000151151,inositol polyphosphate multikinase [Source:HGNC Symbol;Acc:HGNC:20739],,,N,Y,N
IPPK,ENSG00000127080,inositol-pentakisphosphate 2-kinase [Source:HGNC Symbol;Acc:HGNC:14645],,,N,Y,N
IRAK1,ENSG00000184216,interleukin 1 receptor associated kinase 1 [Source:HGNC Symbol;Acc:HGNC:6112],,,N,N,Y
IRAK2,ENSG00000134070,interleukin 1 receptor associated kinase 2 [Source:HGNC Symbol;Acc:HGNC:6113],,,N,N,N
IRAK3,ENSG00000090376,interleukin 1 receptor associated kinase 3 [Source:HGNC Symbol;Acc:HGNC:17020],,,N,N,N
IRAK4,ENSG00000198001,interleukin 1 receptor associated kinase 4 [Source:HGNC Symbol;Acc:HGNC:17967],,,N,N,Y
ITK,ENSG00000113263,IL2 inducible T cell kinase [Source:HGNC Symbol;Acc:HGNC:6171],Tec family tyrosine kinases,HGNC:6171,Y,N,N
ITPK1,ENSG00000274958,inositol-tetrakisphosphate 1-kinase [Source:HGNC Symbol;Acc:HGNC:6177],,,N,Y,N
ITPK1,ENSG00000100605,inositol-tetrakisphosphate 1-kinase [Source:HGNC Symbol;Acc:HGNC:6177],,,N,Y,N
ITPKA,ENSG00000137825,inositol-trisphosphate 3-kinase A [Source:HGNC Symbol;Acc:HGNC:6178],,,N,Y,N
ITPKB,ENSG00000143772,inositol-trisphosphate 3-kinase B [Source:HGNC Symbol;Acc:HGNC:6179],,,N,Y,N
ITPKC,ENSG00000086544,inositol-trisphosphate 3-kinase C [Source:HGNC Symbol;Acc:HGNC:14897],,,N,Y,N
JAK1,ENSG00000162434,Janus kinase 1 [Source:HGNC Symbol;Acc:HGNC:6190],Jak family tyrosine kinases,HGNC:6190,Y,N,N
JAK2,ENSG00000096968,Janus kinase 2 [Source:HGNC Symbol;Acc:HGNC:6192],Jak family tyrosine kinases,HGNC:6192,Y,N,Y
JAK3,ENSG00000105639,Janus kinase 3 [Source:HGNC Symbol;Acc:HGNC:6193],Jak family tyrosine kinases,HGNC:6193,Y,N,N
KALRN,ENSG00000160145,kalirin RhoGEF kinase [Source:HGNC Symbol;Acc:HGNC:4814],,,N,N,N
KDR,ENSG00000128052,kinase insert domain receptor [Source:HGNC Symbol;Acc:HGNC:6307],Receptor tyrosine kinases,HGNC:6307,Y,N,N
KHK,ENSG00000138030,ketohexokinase [Source:HGNC Symbol;Acc:HGNC:6315],,,N,Y,N
KIT,ENSG00000157404,"KIT proto-oncogene, receptor tyrosine kinase [Source:HGNC Symbol;Acc:HGNC:6342]",Receptor tyrosine kinases,HGNC:6342,Y,Y,N
KSR1,ENSG00000141068,kinase suppressor of ras 1 [Source:HGNC Symbol;Acc:HGNC:6465],,,N,N,N
KSR2,ENSG00000171435,kinase suppressor of ras 2 [Source:HGNC Symbol;Acc:HGNC:18610],,,N,N,N
LATS1,ENSG00000131023,large tumor suppressor kinase 1 [Source:HGNC Symbol;Acc:HGNC:6514],Large tumor suppressor kinase family,HGNC:6514,Y,N,N
LATS2,ENSG00000150457,large tumor suppressor kinase 2 [Source:HGNC Symbol;Acc:HGNC:6515],Large tumor suppressor kinase family,HGNC:6515,Y,N,N
LCK,ENSG00000182866,"LCK proto-oncogene, Src family tyrosine kinase [Source:HGNC Symbol;Acc:HGNC:6524]",Src family tyrosine kinases,HGNC:6524,Y,N,N
LIMK1,ENSG00000106683,LIM domain kinase 1 [Source:HGNC Symbol;Acc:HGNC:6613],LIMK/TESK kinase family,HGNC:6613,Y,N,N
LIMK2,ENSG00000182541,LIM domain kinase 2 [Source:HGNC Symbol;Acc:HGNC:6614],LIMK/TESK kinase family,HGNC:6614,Y,N,N
LMTK2,ENSG00000164715,lemur tyrosine kinase 2 [Source:HGNC Symbol;Acc:HGNC:17880],Receptor tyrosine kinases,HGNC:17880,Y,N,N
LMTK3,ENSG00000142235,lemur tyrosine kinase 3 [Source:HGNC Symbol;Acc:HGNC:19295],Receptor tyrosine kinases,HGNC:19295,Y,N,N
LRGUK,ENSG00000155530,leucine rich repeats and guanylate kinase domain containing [Source:HGNC Symbol;Acc:HGNC:21964],,,N,N,N
LRRK1,ENSG00000154237,leucine rich repeat kinase 1 [Source:HGNC Symbol;Acc:HGNC:18608],,,N,N,N
LRRK2,ENSG00000188906,leucine rich repeat kinase 2 [Source:HGNC Symbol;Acc:HGNC:18618],,,N,N,N
LTK,ENSG00000062524,leukocyte receptor tyrosine kinase [Source:HGNC Symbol;Acc:HGNC:6721],Receptor tyrosine kinases,HGNC:6721,Y,N,N
LYN,ENSG00000254087,"LYN proto-oncogene, Src family tyrosine kinase [Source:HGNC Symbol;Acc:HGNC:6735]",Src family tyrosine kinases,HGNC:6735,Y,N,Y
MAGI2,ENSG00000187391,"membrane associated guanylate kinase, WW and PDZ domain containing 2 [Source:HGNC Symbol;Acc:HGNC:18957]",Membrane associated guanylate kinases,HGNC:18957,Y,N,N
MAK,ENSG00000111837,male germ cell associated kinase [Source:HGNC Symbol;Acc:HGNC:6816],"CILK1, MAK, MOK protein kinase family",HGNC:6816,Y,N,N
MAP2K1,ENSG00000169032,mitogen-activated protein kinase kinase 1 [Source:HGNC Symbol;Acc:HGNC:6840],Mitogen-activated protein kinase kinases,HGNC:6840,Y,Y,Y
MAP2K2,ENSG00000126934,mitogen-activated protein kinase kinase 2 [Source:HGNC Symbol;Acc:HGNC:6842],Mitogen-activated protein kinase kinases,HGNC:6842,Y,Y,Y
MAP2K3,ENSG00000034152,mitogen-activated protein kinase kinase 3 [Source:HGNC Symbol;Acc:HGNC:6843],Mitogen-activated protein kinase kinases,HGNC:6843,Y,N,Y
MAP2K4,ENSG00000065559,mitogen-activated protein kinase kinase 4 [Source:HGNC Symbol;Acc:HGNC:6844],Mitogen-activated protein kinase kinases,HGNC:6844,Y,N,Y
MAP2K5,ENSG00000137764,mitogen-activated protein kinase kinase 5 [Source:HGNC Symbol;Acc:HGNC:6845],Mitogen-activated protein kinase kinases,HGNC:6845,Y,N,N
MAP2K6,ENSG00000108984,mitogen-activated protein kinase kinase 6 [Source:HGNC Symbol;Acc:HGNC:6846],Mitogen-activated protein kinase kinases,HGNC:6846,Y,N,Y
MAP2K7,ENSG00000076984,mitogen-activated protein kinase kinase 7 [Source:HGNC Symbol;Acc:HGNC:6847],Mitogen-activated protein kinase kinases,HGNC:6847,Y,N,Y
MAP3K1,ENSG00000095015,mitogen-activated protein kinase kinase kinase 1 [Source:HGNC Symbol;Acc:HGNC:6848],Mitogen-activated protein kinase kinase kinases,HGNC:6848,Y,N,N
MAP3K10,ENSG00000130758,mitogen-activated protein kinase kinase kinase 10 [Source:HGNC Symbol;Acc:HGNC:6849],Mitogen-activated protein kinase kinase kinases,HGNC:6849,Y,N,N
MAP3K11,ENSG00000173327,mitogen-activated protein kinase kinase kinase 11 [Source:HGNC Symbol;Acc:HGNC:6850],Mitogen-activated protein kinase kinase kinases,HGNC:6850,Y,N,N
MAP3K12,ENSG00000139625,mitogen-activated protein kinase kinase kinase 12 [Source:HGNC Symbol;Acc:HGNC:6851],Mitogen-activated protein kinase kinase kinases,HGNC:6851,Y,N,N
MAP3K13,ENSG00000073803,mitogen-activated protein kinase kinase kinase 13 [Source:HGNC Symbol;Acc:HGNC:6852],Mitogen-activated protein kinase kinase kinases,HGNC:6852,Y,N,N
MAP3K14,ENSG00000006062,mitogen-activated protein kinase kinase kinase 14 [Source:HGNC Symbol;Acc:HGNC:6853],Mitogen-activated protein kinase kinase kinases,HGNC:6853,Y,N,N
MAP3K15,ENSG00000180815,mitogen-activated protein kinase kinase kinase 15 [Source:HGNC Symbol;Acc:HGNC:31689],Mitogen-activated protein kinase kinase kinases,HGNC:31689,Y,N,N
MAP3K19,ENSG00000176601,mitogen-activated protein kinase kinase kinase 19 [Source:HGNC Symbol;Acc:HGNC:26249],Mitogen-activated protein kinase kinase kinases,HGNC:26249,Y,N,N
MAP3K2,ENSG00000169967,mitogen-activated protein kinase kinase kinase 2 [Source:HGNC Symbol;Acc:HGNC:6854],Mitogen-activated protein kinase kinase kinases,HGNC:6854,Y,N,N
MAP3K20,ENSG00000091436,mitogen-activated protein kinase kinase kinase 20 [Source:HGNC Symbol;Acc:HGNC:17797],Mitogen-activated protein kinase kinase kinases,HGNC:17797,Y,N,N
MAP3K21,ENSG00000143674,mitogen-activated protein kinase kinase kinase 21 [Source:HGNC Symbol;Acc:HGNC:29798],Mitogen-activated protein kinase kinase kinases,HGNC:29798,Y,N,N
MAP3K3,ENSG00000198909,mitogen-activated protein kinase kinase kinase 3 [Source:HGNC Symbol;Acc:HGNC:6855],Mitogen-activated protein kinase kinase kinases,HGNC:6855,Y,N,N
MAP3K4,ENSG00000085511,mitogen-activated protein kinase kinase kinase 4 [Source:HGNC Symbol;Acc:HGNC:6856],Mitogen-activated protein kinase kinase kinases,HGNC:6856,Y,N,N
MAP3K5,ENSG00000197442,mitogen-activated protein kinase kinase kinase 5 [Source:HGNC Symbol;Acc:HGNC:6857],Mitogen-activated protein kinase kinase kinases,HGNC:6857,Y,N,Y
MAP3K6,ENSG00000142733,mitogen-activated protein kinase kinase kinase 6 [Source:HGNC Symbol;Acc:HGNC:6858],Mitogen-activated protein kinase kinase kinases,HGNC:6858,Y,N,N
MAP3K7,ENSG00000135341,mitogen-activated protein kinase kinase kinase 7 [Source:HGNC Symbol;Acc:HGNC:6859],Mitogen-activated protein kinase kinase kinases,HGNC:6859,Y,N,Y
MAP3K8,ENSG00000107968,mitogen-activated protein kinase kinase kinase 8 [Source:HGNC Symbol;Acc:HGNC:6860],Mitogen-activated protein kinase kinase kinases,HGNC:6860,Y,N,N
MAP3K9,ENSG00000006432,mitogen-activated protein kinase kinase kinase 9 [Source:HGNC Symbol;Acc:HGNC:6861],Mitogen-activated protein kinase kinase kinases,HGNC:6861,Y,N,N
MAP4K1,ENSG00000104814,mitogen-activated protein kinase kinase kinase kinase 1 [Source:HGNC Symbol;Acc:HGNC:6863],Mitogen-activated protein kinase kinase kinase kinases,HGNC:6863,Y,N,N
MAP4K2,ENSG00000168067,mitogen-activated protein kinase kinase kinase kinase 2 [Source:HGNC Symbol;Acc:HGNC:6864],Mitogen-activated protein kinase kinase kinase kinases,HGNC:6864,Y,N,N
MAP4K3,ENSG00000011566,mitogen-activated protein kinase kinase kinase kinase 3 [Source:HGNC Symbol;Acc:HGNC:6865],Mitogen-activated protein kinase kinase kinase kinases,HGNC:6865,Y,N,N
MAP4K4,ENSG00000071054,mitogen-activated protein kinase kinase kinase kinase 4 [Source:HGNC Symbol;Acc:HGNC:6866],Mitogen-activated protein kinase kinase kinase kinases,HGNC:6866,Y,N,N
MAP4K5,ENSG00000012983,mitogen-activated protein kinase kinase kinase kinase 5 [Source:HGNC Symbol;Acc:HGNC:6867],Mitogen-activated protein kinase kinase kinase kinases,HGNC:6867,Y,N,N
MAPK1,ENSG00000100030,mitogen-activated protein kinase 1 [Source:HGNC Symbol;Acc:HGNC:6871],Mitogen-activated protein kinases,HGNC:6871,Y,Y,Y
MAPK10,ENSG00000109339,mitogen-activated protein kinase 10 [Source:HGNC Symbol;Acc:HGNC:6872],Mitogen-activated protein kinases,HGNC:6872,Y,Y,Y
MAPK11,ENSG00000185386,mitogen-activated protein kinase 11 [Source:HGNC Symbol;Acc:HGNC:6873],Mitogen-activated protein kinases,HGNC:6873,Y,N,Y
MAPK12,ENSG00000188130,mitogen-activated protein kinase 12 [Source:HGNC Symbol;Acc:HGNC:6874],Mitogen-activated protein kinases,HGNC:6874,Y,N,Y
MAPK13,ENSG00000156711,mitogen-activated protein kinase 13 [Source:HGNC Symbol;Acc:HGNC:6875],Mitogen-activated protein kinases,HGNC:6875,Y,N,Y
MAPK14,ENSG00000112062,mitogen-activated protein kinase 14 [Source:HGNC Symbol;Acc:HGNC:6876],Mitogen-activated protein kinases,HGNC:6876,Y,N,Y
MAPK15,ENSG00000274205,mitogen-activated protein kinase 15 [Source:HGNC Symbol;Acc:HGNC:24667],Mitogen-activated protein kinases,HGNC:24667,Y,N,N
MAPK15,ENSG00000181085,mitogen-activated protein kinase 15 [Source:HGNC Symbol;Acc:HGNC:24667],Mitogen-activated protein kinases,HGNC:24667,Y,N,N
MAPK3,ENSG00000102882,mitogen-activated protein kinase 3 [Source:HGNC Symbol;Acc:HGNC:6877],Mitogen-activated protein kinases,HGNC:6877,Y,Y,Y
MAPK4,ENSG00000141639,mitogen-activated protein kinase 4 [Source:HGNC Symbol;Acc:HGNC:6878],Mitogen-activated protein kinases,HGNC:6878,Y,N,N
MAPK6,ENSG00000069956,mitogen-activated protein kinase 6 [Source:HGNC Symbol;Acc:HGNC:6879],Mitogen-activated protein kinases,HGNC:6879,Y,N,N
MAPK7,ENSG00000166484,mitogen-activated protein kinase 7 [Source:HGNC Symbol;Acc:HGNC:6880],Mitogen-activated protein kinases,HGNC:6880,Y,N,N
MAPK8,ENSG00000107643,mitogen-activated protein kinase 8 [Source:HGNC Symbol;Acc:HGNC:6881],Mitogen-activated protein kinases,HGNC:6881,Y,Y,Y
MAPK9,ENSG00000050748,mitogen-activated protein kinase 9 [Source:HGNC Symbol;Acc:HGNC:6886],Mitogen-activated protein kinases,HGNC:6886,Y,Y,Y
MAPKAPK2,ENSG00000162889,MAPK activated protein kinase 2 [Source:HGNC Symbol;Acc:HGNC:6887],MAPK activated protein kinases,HGNC:6887,Y,N,N
MAPKAPK3,ENSG00000114738,MAPK activated protein kinase 3 [Source:HGNC Symbol;Acc:HGNC:6888],MAPK activated protein kinases,HGNC:6888,Y,N,N
MAPKAPK5,ENSG00000089022,MAPK activated protein kinase 5 [Source:HGNC Symbol;Acc:HGNC:6889],MAPK activated protein kinases,HGNC:6889,Y,N,N
MARK1,ENSG00000116141,microtubule affinity regulating kinase 1 [Source:HGNC Symbol;Acc:HGNC:6896],Microtubule affinity regulating kinases,HGNC:6896,Y,N,N
MARK2,ENSG00000072518,microtubule affinity regulating kinase 2 [Source:HGNC Symbol;Acc:HGNC:3332],Microtubule affinity regulating kinases,HGNC:3332,Y,N,N
MARK3,ENSG00000075413,microtubule affinity regulating kinase 3 [Source:HGNC Symbol;Acc:HGNC:6897],Microtubule affinity regulating kinases,HGNC:6897,Y,N,N
MARK4,ENSG00000007047,microtubule affinity regulating kinase 4 [Source:HGNC Symbol;Acc:HGNC:13538],Microtubule affinity regulating kinases,HGNC:13538,Y,N,N
MAST1,ENSG00000105613,microtubule associated serine/threonine kinase 1 [Source:HGNC Symbol;Acc:HGNC:19034],Microtubule associated serine/threonine kinase family,HGNC:19034,Y,N,N
MAST2,ENSG00000086015,microtubule associated serine/threonine kinase 2 [Source:HGNC Symbol;Acc:HGNC:19035],Microtubule associated serine/threonine kinase family,HGNC:19035,Y,N,N
MAST3,ENSG00000099308,microtubule associated serine/threonine kinase 3 [Source:HGNC Symbol;Acc:HGNC:19036],Microtubule associated serine/threonine kinase family,HGNC:19036,Y,N,N
MAST4,ENSG00000069020,microtubule associated serine/threonine kinase family member 4 [Source:HGNC Symbol;Acc:HGNC:19037],Microtubule associated serine/threonine kinase family,HGNC:19037,Y,N,N
MASTL,ENSG00000120539,microtubule associated serine/threonine kinase like [Source:HGNC Symbol;Acc:HGNC:19042],Microtubule associated serine/threonine kinase family,HGNC:19042,Y,N,N
MATK,ENSG00000007264,megakaryocyte-associated tyrosine kinase [Source:HGNC Symbol;Acc:HGNC:6906],Csk family tyrosine kinases,HGNC:6906,Y,N,N
MELK,ENSG00000165304,maternal embryonic leucine zipper kinase [Source:HGNC Symbol;Acc:HGNC:16870],MELK family kinases,HGNC:16870,Y,N,N
MERTK,ENSG00000153208,"MER proto-oncogene, tyrosine kinase [Source:HGNC Symbol;Acc:HGNC:7027]",Receptor tyrosine kinases,HGNC:7027,Y,N,N
MET,ENSG00000105976,"MET proto-oncogene, receptor tyrosine kinase [Source:HGNC Symbol;Acc:HGNC:7029]",Receptor tyrosine kinases,HGNC:7029,Y,Y,N
MINK1,ENSG00000141503,misshapen like kinase 1 [Source:HGNC Symbol;Acc:HGNC:17565],,,N,N,N
MKNK1,ENSG00000079277,MAPK interacting serine/threonine kinase 1 [Source:HGNC Symbol;Acc:HGNC:7110],MAPK activated protein kinases,HGNC:7110,Y,N,N
MKNK1,ENSG00000079277,MAPK interacting serine/threonine kinase 1 [Source:HGNC Symbol;Acc:HGNC:7110],MAPK interacting serine/threonine kinase family,HGNC:7110,Y,N,N
MKNK2,ENSG00000099875,MAPK interacting serine/threonine kinase 2 [Source:HGNC Symbol;Acc:HGNC:7111],MAPK activated protein kinases,HGNC:7111,Y,N,N
MKNK2,ENSG00000099875,MAPK interacting serine/threonine kinase 2 [Source:HGNC Symbol;Acc:HGNC:7111],MAPK interacting serine/threonine kinase family,HGNC:7111,Y,N,N
MLKL,ENSG00000168404,mixed lineage kinase domain like pseudokinase [Source:HGNC Symbol;Acc:HGNC:26617],,,N,N,N
MMD,ENSG00000108960,monocyte to macrophage differentiation associated [Source:HGNC Symbol;Acc:HGNC:7153],,,N,N,N
MMD2,ENSG00000136297,monocyte to macrophage differentiation associated 2 [Source:HGNC Symbol;Acc:HGNC:30133],,,N,N,N
MOK,ENSG00000080823,MOK protein kinase [Source:HGNC Symbol;Acc:HGNC:9833],"CILK1, MAK, MOK protein kinase family",HGNC:9833,Y,N,N
MOS,ENSG00000172680,"MOS proto-oncogene, serine/threonine kinase [Source:HGNC Symbol;Acc:HGNC:7199]",,,N,N,N
MST1R,ENSG00000164078,macrophage stimulating 1 receptor [Source:HGNC Symbol;Acc:HGNC:7381],Receptor tyrosine kinases,HGNC:7381,Y,N,N
MTOR,ENSG00000198793,mechanistic target of rapamycin kinase [Source:HGNC Symbol;Acc:HGNC:3942],,,N,Y,N
MUSK,ENSG00000030304,muscle associated receptor tyrosine kinase [Source:HGNC Symbol;Acc:HGNC:7525],Receptor tyrosine kinases,HGNC:7525,Y,N,N
MVK,ENSG00000110921,mevalonate kinase [Source:HGNC Symbol;Acc:HGNC:7530],,,N,N,N
MYLK,ENSG00000065534,myosin light chain kinase [Source:HGNC Symbol;Acc:HGNC:7590],Myosin light chain kinase family,HGNC:7590,Y,N,N
MYLK2,ENSG00000101306,myosin light chain kinase 2 [Source:HGNC Symbol;Acc:HGNC:16243],Myosin light chain kinase family,HGNC:16243,Y,N,N
MYLK3,ENSG00000140795,myosin light chain kinase 3 [Source:HGNC Symbol;Acc:HGNC:29826],Myosin light chain kinase family,HGNC:29826,Y,N,N
MYLK4,ENSG00000145949,myosin light chain kinase family member 4 [Source:HGNC Symbol;Acc:HGNC:27972],Myosin light chain kinase family,HGNC:27972,Y,N,N
MYO3A,ENSG00000095777,myosin IIIA [Source:HGNC Symbol;Acc:HGNC:7601],,,N,N,N
MYO3B,ENSG00000071909,myosin IIIB [Source:HGNC Symbol;Acc:HGNC:15576],,,N,N,N
NADK,ENSG00000008130,NAD kinase [Source:HGNC Symbol;Acc:HGNC:29831],,,N,Y,N
NADK2,ENSG00000152620,"NAD kinase 2, mitochondrial [Source:HGNC Symbol;Acc:HGNC:26404]",,,N,Y,N
NAGK,ENSG00000124357,N-acetylglucosamine kinase [Source:HGNC Symbol;Acc:HGNC:17174],,,N,Y,N
NEK1,ENSG00000137601,NIMA related kinase 1 [Source:HGNC Symbol;Acc:HGNC:7744],NIMA related kinase family,HGNC:7744,Y,N,N
NEK10,ENSG00000163491,NIMA related kinase 10 [Source:HGNC Symbol;Acc:HGNC:18592],NIMA related kinase family,HGNC:18592,Y,N,N
NEK11,ENSG00000114670,NIMA related kinase 11 [Source:HGNC Symbol;Acc:HGNC:18593],NIMA related kinase family,HGNC:18593,Y,N,N
NEK2,ENSG00000117650,NIMA related kinase 2 [Source:HGNC Symbol;Acc:HGNC:7745],NIMA related kinase family,HGNC:7745,Y,N,N
NEK3,ENSG00000136098,NIMA related kinase 3 [Source:HGNC Symbol;Acc:HGNC:7746],NIMA related kinase family,HGNC:7746,Y,N,N
NEK4,ENSG00000114904,NIMA related kinase 4 [Source:HGNC Symbol;Acc:HGNC:11399],NIMA related kinase family,HGNC:11399,Y,N,N
NEK5,ENSG00000197168,NIMA related kinase 5 [Source:HGNC Symbol;Acc:HGNC:7748],NIMA related kinase family,HGNC:7748,Y,N,N
NEK6,ENSG00000119408,NIMA related kinase 6 [Source:HGNC Symbol;Acc:HGNC:7749],NIMA related kinase family,HGNC:7749,Y,N,N
NEK7,ENSG00000151414,NIMA related kinase 7 [Source:HGNC Symbol;Acc:HGNC:13386],NIMA related kinase family,HGNC:13386,Y,N,N
NEK8,ENSG00000160602,NIMA related kinase 8 [Source:HGNC Symbol;Acc:HGNC:13387],NIMA related kinase family,HGNC:13387,Y,N,N
NEK9,ENSG00000119638,NIMA related kinase 9 [Source:HGNC Symbol;Acc:HGNC:18591],NIMA related kinase family,HGNC:18591,Y,N,N
NIM1K,ENSG00000177453,NIM1 serine/threonine protein kinase [Source:HGNC Symbol;Acc:HGNC:28646],NIM1K family kinases,HGNC:28646,Y,N,N
NLK,ENSG00000087095,nemo like kinase [Source:HGNC Symbol;Acc:HGNC:29858],Mitogen-activated protein kinases,HGNC:29858,Y,N,N
NME1,ENSG00000239672,NME/NM23 nucleoside diphosphate kinase 1 [Source:HGNC Symbol;Acc:HGNC:7849],,,N,Y,N
NME1-NME2,ENSG00000011052,NME1-NME2 readthrough [Source:HGNC Symbol;Acc:HGNC:33531],,,N,Y,N
NME2,ENSG00000243678,NME/NM23 nucleoside diphosphate kinase 2 [Source:HGNC Symbol;Acc:HGNC:7850],,,N,Y,N
NME3,ENSG00000103024,NME/NM23 nucleoside diphosphate kinase 3 [Source:HGNC Symbol;Acc:HGNC:7851],,,N,Y,N
NME4,ENSG00000103202,NME/NM23 nucleoside diphosphate kinase 4 [Source:HGNC Symbol;Acc:HGNC:7852],,,N,Y,N
NME6,ENSG00000172113,NME/NM23 nucleoside diphosphate kinase 6 [Source:HGNC Symbol;Acc:HGNC:20567],,,N,Y,N
NME7,ENSG00000143156,NME/NM23 family member 7 [Source:HGNC Symbol;Acc:HGNC:20461],,,N,Y,N
NMRK1,ENSG00000106733,nicotinamide riboside kinase 1 [Source:HGNC Symbol;Acc:HGNC:26057],,,N,Y,N
NMRK2,ENSG00000077009,nicotinamide riboside kinase 2 [Source:HGNC Symbol;Acc:HGNC:17871],,,N,Y,N
NOL9,ENSG00000162408,nucleolar protein 9 [Source:HGNC Symbol;Acc:HGNC:26265],,,N,N,N
NPR1,ENSG00000169418,natriuretic peptide receptor 1 [Source:HGNC Symbol;Acc:HGNC:7943],,,N,Y,N
NPR2,ENSG00000159899,natriuretic peptide receptor 2 [Source:HGNC Symbol;Acc:HGNC:7944],,,N,Y,N
NRBP1,ENSG00000115216,nuclear receptor binding protein 1 [Source:HGNC Symbol;Acc:HGNC:7993],,,N,N,N
NRBP2,ENSG00000185189,nuclear receptor binding protein 2 [Source:HGNC Symbol;Acc:HGNC:19339],,,N,N,N
NRK,ENSG00000123572,Nik related kinase [Source:HGNC Symbol;Acc:HGNC:25391],,,N,N,N
NTRK1,ENSG00000198400,neurotrophic receptor tyrosine kinase 1 [Source:HGNC Symbol;Acc:HGNC:8031],Receptor tyrosine kinases,HGNC:8031,Y,Y,N
NTRK2,ENSG00000148053,neurotrophic receptor tyrosine kinase 2 [Source:HGNC Symbol;Acc:HGNC:8032],Receptor tyrosine kinases,HGNC:8032,Y,N,N
NTRK3,ENSG00000140538,neurotrophic receptor tyrosine kinase 3 [Source:HGNC Symbol;Acc:HGNC:8033],Receptor tyrosine kinases,HGNC:8033,Y,Y,N
NUAK1,ENSG00000074590,NUAK family kinase 1 [Source:HGNC Symbol;Acc:HGNC:14311],NUAK family kinases,HGNC:14311,Y,N,N
NUAK2,ENSG00000163545,NUAK family kinase 2 [Source:HGNC Symbol;Acc:HGNC:29558],NUAK family kinases,HGNC:29558,Y,N,N
OBSCN,ENSG00000154358,"obscurin, cytoskeletal calmodulin and titin-interacting RhoGEF [Source:HGNC Symbol;Acc:HGNC:15719]",Myosin light chain kinase family,HGNC:15719,Y,N,N
OXSR1,ENSG00000172939,oxidative stress responsive kinase 1 [Source:HGNC Symbol;Acc:HGNC:8508],,,N,N,N
PACSIN1,ENSG00000124507,protein kinase C and casein kinase substrate in neurons 1 [Source:HGNC Symbol;Acc:HGNC:8570],,,N,N,N
PAK1,ENSG00000149269,p21 (RAC1) activated kinase 1 [Source:HGNC Symbol;Acc:HGNC:8590],,,N,N,N
PAK2,ENSG00000180370,p21 (RAC1) activated kinase 2 [Source:HGNC Symbol;Acc:HGNC:8591],,,N,N,N
PAK3,ENSG00000077264,p21 (RAC1) activated kinase 3 [Source:HGNC Symbol;Acc:HGNC:8592],,,N,N,N
PAK4,ENSG00000130669,p21 (RAC1) activated kinase 4 [Source:HGNC Symbol;Acc:HGNC:16059],,,N,N,N
PAK5,ENSG00000101349,p21 (RAC1) activated kinase 5 [Source:HGNC Symbol;Acc:HGNC:15916],,,N,N,N
PAK6,ENSG00000137843,p21 (RAC1) activated kinase 6 [Source:HGNC Symbol;Acc:HGNC:16061],,,N,N,N
PALLD,ENSG00000129116,"palladin, cytoskeletal associated protein [Source:HGNC Symbol;Acc:HGNC:17068]",,,N,N,N
PAN3,ENSG00000152520,poly(A) specific ribonuclease subunit PAN3 [Source:HGNC Symbol;Acc:HGNC:29991],,,N,N,N
PANK1,ENSG00000152782,pantothenate kinase 1 [Source:HGNC Symbol;Acc:HGNC:8598],Pantothenate kinase family,HGNC:8598,Y,N,N
PANK2,ENSG00000125779,pantothenate kinase 2 [Source:HGNC Symbol;Acc:HGNC:15894],Pantothenate kinase family,HGNC:15894,Y,N,N
PANK3,ENSG00000120137,pantothenate kinase 3 [Source:HGNC Symbol;Acc:HGNC:19365],Pantothenate kinase family,HGNC:19365,Y,N,N
PAPSS1,ENSG00000138801,3'-phosphoadenosine 5'-phosphosulfate synthase 1 [Source:HGNC Symbol;Acc:HGNC:8603],,,N,Y,N
PAPSS2,ENSG00000198682,3'-phosphoadenosine 5'-phosphosulfate synthase 2 [Source:HGNC Symbol;Acc:HGNC:8604],,,N,Y,N
PASK,ENSG00000115687,PAS domain containing serine/threonine kinase [Source:HGNC Symbol;Acc:HGNC:17270],PASK family kinases,HGNC:17270,Y,N,N
PBK,ENSG00000168078,PDZ binding kinase [Source:HGNC Symbol;Acc:HGNC:18282],,,N,N,N
PCK1,ENSG00000124253,phosphoenolpyruvate carboxykinase 1 [Source:HGNC Symbol;Acc:HGNC:8724],,,N,Y,N
PCK2,ENSG00000285241,"phosphoenolpyruvate carboxykinase 2, mitochondrial [Source:HGNC Symbol;Acc:HGNC:8725]",,,N,Y,N
PCK2,ENSG00000100889,"phosphoenolpyruvate carboxykinase 2, mitochondrial [Source:HGNC Symbol;Acc:HGNC:8725]",,,N,Y,N
PDGFRA,ENSG00000134853,platelet derived growth factor receptor alpha [Source:HGNC Symbol;Acc:HGNC:8803],Receptor tyrosine kinases,HGNC:8803,Y,Y,N
PDGFRB,ENSG00000113721,platelet derived growth factor receptor beta [Source:HGNC Symbol;Acc:HGNC:8804],Receptor tyrosine kinases,HGNC:8804,Y,Y,N
PDIK1L,ENSG00000175087,PDLIM1 interacting kinase 1 like [Source:HGNC Symbol;Acc:HGNC:18981],,,N,N,N
PDK1,ENSG00000152256,pyruvate dehydrogenase kinase 1 [Source:HGNC Symbol;Acc:HGNC:8809],,,N,Y,N
PDK2,ENSG00000005882,pyruvate dehydrogenase kinase 2 [Source:HGNC Symbol;Acc:HGNC:8810],,,N,N,N
PDK3,ENSG00000067992,pyruvate dehydrogenase kinase 3 [Source:HGNC Symbol;Acc:HGNC:8811],,,N,N,N
PDK4,ENSG00000004799,pyruvate dehydrogenase kinase 4 [Source:HGNC Symbol;Acc:HGNC:8812],,,N,N,N
PDPK1,ENSG00000140992,3-phosphoinositide dependent protein kinase 1 [Source:HGNC Symbol;Acc:HGNC:8816],,,N,Y,Y
PDXK,ENSG00000160209,pyridoxal kinase [Source:HGNC Symbol;Acc:HGNC:8819],,,N,Y,N
PEAK1,ENSG00000173517,pseudopodium enriched atypical kinase 1 [Source:HGNC Symbol;Acc:HGNC:29431],PEAK pseudokinase family,HGNC:29431,Y,N,N
PEAK3,ENSG00000188305,PEAK family member 3 [Source:HGNC Symbol;Acc:HGNC:24793],PEAK pseudokinase family,HGNC:24793,Y,N,N
PFKFB1,ENSG00000158571,"6-phosphofructo-2-kinase/fructose-2,6-biphosphatase 1 [Source:HGNC Symbol;Acc:HGNC:8872]","6-phosphofructo-2-kinase/fructose-2,6-biphosphatase family",HGNC:8872,Y,Y,N
PFKFB2,ENSG00000123836,"6-phosphofructo-2-kinase/fructose-2,6-biphosphatase 2 [Source:HGNC Symbol;Acc:HGNC:8873]","6-phosphofructo-2-kinase/fructose-2,6-biphosphatase family",HGNC:8873,Y,Y,N
PFKFB3,ENSG00000170525,"6-phosphofructo-2-kinase/fructose-2,6-biphosphatase 3 [Source:HGNC Symbol;Acc:HGNC:8874]","6-phosphofructo-2-kinase/fructose-2,6-biphosphatase family",HGNC:8874,Y,Y,N
PFKFB4,ENSG00000114268,"6-phosphofructo-2-kinase/fructose-2,6-biphosphatase 4 [Source:HGNC Symbol;Acc:HGNC:8875]","6-phosphofructo-2-kinase/fructose-2,6-biphosphatase family",HGNC:8875,Y,Y,N
PFKL,ENSG00000141959,"phosphofructokinase, liver type [Source:HGNC Symbol;Acc:HGNC:8876]",Phosphofructokinase family,HGNC:8876,Y,Y,N
PFKM,ENSG00000152556,"phosphofructokinase, muscle [Source:HGNC Symbol;Acc:HGNC:8877]",Phosphofructokinase family,HGNC:8877,Y,Y,N
PFKP,ENSG00000067057,"phosphofructokinase, platelet [Source:HGNC Symbol;Acc:HGNC:8878]",Phosphofructokinase family,HGNC:8878,Y,Y,N
PGK1,ENSG00000102144,phosphoglycerate kinase 1 [Source:HGNC Symbol;Acc:HGNC:8896],,,N,N,N
PGK2,ENSG00000170950,phosphoglycerate kinase 2 [Source:HGNC Symbol;Acc:HGNC:8898],,,N,N,N
PHKG1,ENSG00000164776,phosphorylase kinase catalytic subunit gamma 1 [Source:HGNC Symbol;Acc:HGNC:8930],Phosphorylase kinase subunits,HGNC:8930,Y,N,N
PHKG2,ENSG00000156873,phosphorylase kinase catalytic subunit gamma 2 [Source:HGNC Symbol;Acc:HGNC:8931],Phosphorylase kinase subunits,HGNC:8931,Y,N,N
PI4K2A,ENSG00000155252,phosphatidylinositol 4-kinase type 2 alpha [Source:HGNC Symbol;Acc:HGNC:30031],,,N,Y,N
PI4K2B,ENSG00000038210,phosphatidylinositol 4-kinase type 2 beta [Source:HGNC Symbol;Acc:HGNC:18215],,,N,Y,N
PI4KA,ENSG00000241973,phosphatidylinositol 4-kinase alpha [Source:HGNC Symbol;Acc:HGNC:8983],PI4KA lipid kinase complex,HGNC:8983,Y,Y,N
PI4KB,ENSG00000143393,phosphatidylinositol 4-kinase beta [Source:HGNC Symbol;Acc:HGNC:8984],,,N,Y,N
PIK3C2A,ENSG00000011405,phosphatidylinositol-4-phosphate 3-kinase catalytic subunit type 2 alpha [Source:HGNC Symbol;Acc:HGNC:8971],Phosphatidylinositol 3-kinase family,HGNC:8971,Y,Y,N
PIK3C2B,ENSG00000133056,phosphatidylinositol-4-phosphate 3-kinase catalytic subunit type 2 beta [Source:HGNC Symbol;Acc:HGNC:8972],Phosphatidylinositol 3-kinase family,HGNC:8972,Y,Y,N
PIK3C2G,ENSG00000139144,phosphatidylinositol-4-phosphate 3-kinase catalytic subunit type 2 gamma [Source:HGNC Symbol;Acc:HGNC:8973],Phosphatidylinositol 3-kinase family,HGNC:8973,Y,Y,N
PIK3C3,ENSG00000078142,phosphatidylinositol 3-kinase catalytic subunit type 3 [Source:HGNC Symbol;Acc:HGNC:8974],Phosphatidylinositol 3-kinase family,HGNC:8974,Y,Y,N
PIK3CA,ENSG00000121879,"phosphatidylinositol-4,5-bisphosphate 3-kinase catalytic subunit alpha [Source:HGNC Symbol;Acc:HGNC:8975]",Phosphatidylinositol 3-kinase family,HGNC:8975,Y,Y,Y
PIK3CB,ENSG00000051382,"phosphatidylinositol-4,5-bisphosphate 3-kinase catalytic subunit beta [Source:HGNC Symbol;Acc:HGNC:8976]",Phosphatidylinositol 3-kinase family,HGNC:8976,Y,Y,Y
PIK3CD,ENSG00000171608,"phosphatidylinositol-4,5-bisphosphate 3-kinase catalytic subunit delta [Source:HGNC Symbol;Acc:HGNC:8977]",Phosphatidylinositol 3-kinase family,HGNC:8977,Y,Y,Y
PIK3CG,ENSG00000105851,"phosphatidylinositol-4,5-bisphosphate 3-kinase catalytic subunit gamma [Source:HGNC Symbol;Acc:HGNC:8978]",Phosphatidylinositol 3-kinase family,HGNC:8978,Y,Y,N
PIK3R1,ENSG00000145675,phosphoinositide-3-kinase regulatory subunit 1 [Source:HGNC Symbol;Acc:HGNC:8979],,,N,Y,Y
PIK3R4,ENSG00000196455,phosphoinositide-3-kinase regulatory subunit 4 [Source:HGNC Symbol;Acc:HGNC:8982],,,N,N,N
PIK3R5,ENSG00000141506,phosphoinositide-3-kinase regulatory subunit 5 [Source:HGNC Symbol;Acc:HGNC:30035],,,N,N,N
PIKFYVE,ENSG00000115020,"phosphoinositide kinase, FYVE-type zinc finger containing [Source:HGNC Symbol;Acc:HGNC:23785]",,,N,Y,N
PIM1,ENSG00000137193,"Pim-1 proto-oncogene, serine/threonine kinase [Source:HGNC Symbol;Acc:HGNC:8986]",PIM kinase family,HGNC:8986,Y,N,N
PIM2,ENSG00000102096,"Pim-2 proto-oncogene, serine/threonine kinase [Source:HGNC Symbol;Acc:HGNC:8987]",PIM kinase family,HGNC:8987,Y,N,N
PIM2,ENSG00000292210,"Pim-2 proto-oncogene, serine/threonine kinase [Source:HGNC Symbol;Acc:HGNC:8987]",PIM kinase family,HGNC:8987,Y,N,N
PIM3,ENSG00000198355,"Pim-3 proto-oncogene, serine/threonine kinase [Source:HGNC Symbol;Acc:HGNC:19310]",PIM kinase family,HGNC:19310,Y,N,N
PINK1,ENSG00000158828,PTEN induced kinase 1 [Source:HGNC Symbol;Acc:HGNC:14581],,,N,N,N
PIP4K2A,ENSG00000150867,phosphatidylinositol-5-phosphate 4-kinase type 2 alpha [Source:HGNC Symbol;Acc:HGNC:8997],,,N,Y,N
PIP4K2B,ENSG00000277292,phosphatidylinositol-5-phosphate 4-kinase type 2 beta [Source:HGNC Symbol;Acc:HGNC:8998],,,N,Y,N
PIP4K2B,ENSG00000276293,phosphatidylinositol-5-phosphate 4-kinase type 2 beta [Source:HGNC Symbol;Acc:HGNC:8998],,,N,Y,N
PIP4K2C,ENSG00000166908,phosphatidylinositol-5-phosphate 4-kinase type 2 gamma [Source:HGNC Symbol;Acc:HGNC:23786],,,N,Y,N
PIP5K1A,ENSG00000143398,phosphatidylinositol-4-phosphate 5-kinase type 1 alpha [Source:HGNC Symbol;Acc:HGNC:8994],,,N,Y,N
PIP5K1B,ENSG00000107242,phosphatidylinositol-4-phosphate 5-kinase type 1 beta [Source:HGNC Symbol;Acc:HGNC:8995],,,N,Y,N
PIP5K1C,ENSG00000186111,phosphatidylinositol-4-phosphate 5-kinase type 1 gamma [Source:HGNC Symbol;Acc:HGNC:8996],,,N,Y,N
PIP5KL1,ENSG00000167103,phosphatidylinositol-4-phosphate 5-kinase like 1 [Source:HGNC Symbol;Acc:HGNC:28711],,,N,Y,N
PKDCC,ENSG00000162878,"protein kinase domain containing, cytoplasmic [Source:HGNC Symbol;Acc:HGNC:25123]",Divergent protein kinase domain family,HGNC:25123,Y,N,N
PKLR,ENSG00000262785,pyruvate kinase L/R [Source:HGNC Symbol;Acc:HGNC:9020],,,N,Y,N
PKLR,ENSG00000143627,pyruvate kinase L/R [Source:HGNC Symbol;Acc:HGNC:9020],,,N,Y,N
PKM,ENSG00000067225,pyruvate kinase M1/2 [Source:HGNC Symbol;Acc:HGNC:9021],,,N,Y,N
PKMYT1,ENSG00000127564,"protein kinase, membrane associated tyrosine/threonine 1 [Source:HGNC Symbol;Acc:HGNC:29650]",,,N,N,N
PKN1,ENSG00000123143,protein kinase N1 [Source:HGNC Symbol;Acc:HGNC:9405],C2 domain containing protein kinases,HGNC:9405,Y,N,N
PKN1,ENSG00000123143,protein kinase N1 [Source:HGNC Symbol;Acc:HGNC:9405],Protein kinase N family,HGNC:9405,Y,N,N
PKN2,ENSG00000065243,protein kinase N2 [Source:HGNC Symbol;Acc:HGNC:9406],C2 domain containing protein kinases,HGNC:9406,Y,N,N
PKN2,ENSG00000065243,protein kinase N2 [Source:HGNC Symbol;Acc:HGNC:9406],Protein kinase N family,HGNC:9406,Y,N,N
PKN3,ENSG00000160447,protein kinase N3 [Source:HGNC Symbol;Acc:HGNC:17999],C2 domain containing protein kinases,HGNC:17999,Y,N,N
PKN3,ENSG00000160447,protein kinase N3 [Source:HGNC Symbol;Acc:HGNC:17999],Protein kinase N family,HGNC:17999,Y,N,N
PLK1,ENSG00000166851,polo like kinase 1 [Source:HGNC Symbol;Acc:HGNC:9077],Polo like kinase family,HGNC:9077,Y,N,N
PLK2,ENSG00000145632,polo like kinase 2 [Source:HGNC Symbol;Acc:HGNC:19699],Polo like kinase family,HGNC:19699,Y,N,N
PLK3,ENSG00000173846,polo like kinase 3 [Source:HGNC Symbol;Acc:HGNC:2154],Polo like kinase family,HGNC:2154,Y,N,N
PLK4,ENSG00000142731,polo like kinase 4 [Source:HGNC Symbol;Acc:HGNC:11397],Polo like kinase family,HGNC:11397,Y,N,N
PLK5,ENSG00000185988,polo like kinase 5 (inactive) [Source:HGNC Symbol;Acc:HGNC:27001],Polo like kinase family,HGNC:27001,Y,N,N
PMVK,ENSG00000163344,phosphomevalonate kinase [Source:HGNC Symbol;Acc:HGNC:9141],,,N,N,N
PNCK,ENSG00000130822,pregnancy up-regulated nonubiquitous CaM kinase [Source:HGNC Symbol;Acc:HGNC:13415],,,N,N,N
PNKP,ENSG00000039650,polynucleotide kinase 3'-phosphatase [Source:HGNC Symbol;Acc:HGNC:9154],,,N,N,N
POMK,ENSG00000185900,protein O-mannose kinase [Source:HGNC Symbol;Acc:HGNC:26267],,,N,N,N
PPIP5K1,ENSG00000168781,diphosphoinositol pentakisphosphate kinase 1 [Source:HGNC Symbol;Acc:HGNC:29023],,,N,Y,N
PPIP5K2,ENSG00000145725,diphosphoinositol pentakisphosphate kinase 2 [Source:HGNC Symbol;Acc:HGNC:29035],,,N,Y,N
PPM1D,ENSG00000170836,"protein phosphatase, Mg2+/Mn2+ dependent 1D [Source:HGNC Symbol;Acc:HGNC:9277]",,,N,N,N
PPP1R9B,ENSG00000108819,protein phosphatase 1 regulatory subunit 9B [Source:HGNC Symbol;Acc:HGNC:9298],,,N,N,N
PRAG1,ENSG00000292308,"PEAK1 related, kinase-activating pseudokinase 1 [Source:HGNC Symbol;Acc:HGNC:25438]",PEAK pseudokinase family,HGNC:25438,Y,N,N
PRAG1,ENSG00000275342,"PEAK1 related, kinase-activating pseudokinase 1 [Source:HGNC Symbol;Acc:HGNC:25438]",PEAK pseudokinase family,HGNC:25438,Y,N,N
PRKAA1,ENSG00000132356,protein kinase AMP-activated catalytic subunit alpha 1 [Source:HGNC Symbol;Acc:HGNC:9376],Protein kinase AMP-activated catalytic subunit alpha family,HGNC:9376,Y,N,N
PRKAA2,ENSG00000162409,protein kinase AMP-activated catalytic subunit alpha 2 [Source:HGNC Symbol;Acc:HGNC:9377],Protein kinase AMP-activated catalytic subunit alpha family,HGNC:9377,Y,N,N
PRKACA,ENSG00000288516,protein kinase cAMP-activated catalytic subunit alpha [Source:HGNC Symbol;Acc:HGNC:9380],Protein kinase A family,HGNC:9380,Y,N,N
PRKACA,ENSG00000288516,protein kinase cAMP-activated catalytic subunit alpha [Source:HGNC Symbol;Acc:HGNC:9380],Protein kinase A subunits,HGNC:9380,Y,N,N
PRKACA,ENSG00000072062,protein kinase cAMP-activated catalytic subunit alpha [Source:HGNC Symbol;Acc:HGNC:9380],Protein kinase A family,HGNC:9380,Y,N,N
PRKACA,ENSG00000072062,protein kinase cAMP-activated catalytic subunit alpha [Source:HGNC Symbol;Acc:HGNC:9380],Protein kinase A subunits,HGNC:9380,Y,N,N
PRKACB,ENSG00000142875,protein kinase cAMP-activated catalytic subunit beta [Source:HGNC Symbol;Acc:HGNC:9381],Protein kinase A family,HGNC:9381,Y,N,N
PRKACB,ENSG00000142875,protein kinase cAMP-activated catalytic subunit beta [Source:HGNC Symbol;Acc:HGNC:9381],Protein kinase A subunits,HGNC:9381,Y,N,N
PRKACG,ENSG00000165059,protein kinase cAMP-activated catalytic subunit gamma [Source:HGNC Symbol;Acc:HGNC:9382],Protein kinase A family,HGNC:9382,Y,N,N
PRKACG,ENSG00000165059,protein kinase cAMP-activated catalytic subunit gamma [Source:HGNC Symbol;Acc:HGNC:9382],Protein kinase A subunits,HGNC:9382,Y,N,N
PRKAG2,ENSG00000106617,protein kinase AMP-activated non-catalytic subunit gamma 2 [Source:HGNC Symbol;Acc:HGNC:9386],Protein kinase AMP-activated non-catalytic subunit gamma family,HGNC:9386,Y,N,N
PRKAG3,ENSG00000115592,protein kinase AMP-activated non-catalytic subunit gamma 3 [Source:HGNC Symbol;Acc:HGNC:9387],Protein kinase AMP-activated non-catalytic subunit gamma family,HGNC:9387,Y,N,N
PRKAR1A,ENSG00000108946,protein kinase cAMP-dependent type I regulatory subunit alpha [Source:HGNC Symbol;Acc:HGNC:9388],Protein kinase A subunits,HGNC:9388,Y,N,N
PRKAR2A,ENSG00000114302,protein kinase cAMP-dependent type II regulatory subunit alpha [Source:HGNC Symbol;Acc:HGNC:9391],Protein kinase A subunits,HGNC:9391,Y,N,N
PRKCA,ENSG00000154229,protein kinase C alpha [Source:HGNC Symbol;Acc:HGNC:9393],C2 domain containing protein kinases,HGNC:9393,Y,Y,Y
PRKCA,ENSG00000154229,protein kinase C alpha [Source:HGNC Symbol;Acc:HGNC:9393],Protein kinase C family,HGNC:9393,Y,Y,Y
PRKCB,ENSG00000166501,protein kinase C beta [Source:HGNC Symbol;Acc:HGNC:9395],C2 domain containing protein kinases,HGNC:9395,Y,Y,Y
PRKCB,ENSG00000166501,protein kinase C beta [Source:HGNC Symbol;Acc:HGNC:9395],Protein kinase C family,HGNC:9395,Y,Y,Y
PRKCD,ENSG00000163932,protein kinase C delta [Source:HGNC Symbol;Acc:HGNC:9399],C2 domain containing protein kinases,HGNC:9399,Y,N,N
PRKCD,ENSG00000163932,protein kinase C delta [Source:HGNC Symbol;Acc:HGNC:9399],Protein kinase C family,HGNC:9399,Y,N,N
PRKCE,ENSG00000171132,protein kinase C epsilon [Source:HGNC Symbol;Acc:HGNC:9401],C2 domain containing protein kinases,HGNC:9401,Y,N,Y
PRKCE,ENSG00000171132,protein kinase C epsilon [Source:HGNC Symbol;Acc:HGNC:9401],Protein kinase C family,HGNC:9401,Y,N,Y
PRKCG,ENSG00000126583,protein kinase C gamma [Source:HGNC Symbol;Acc:HGNC:9402],C2 domain containing protein kinases,HGNC:9402,Y,Y,Y
PRKCG,ENSG00000126583,protein kinase C gamma [Source:HGNC Symbol;Acc:HGNC:9402],Protein kinase C family,HGNC:9402,Y,Y,Y
PRKCH,ENSG00000027075,protein kinase C eta [Source:HGNC Symbol;Acc:HGNC:9403],C2 domain containing protein kinases,HGNC:9403,Y,N,N
PRKCH,ENSG00000027075,protein kinase C eta [Source:HGNC Symbol;Acc:HGNC:9403],Protein kinase C family,HGNC:9403,Y,N,N
PRKCI,ENSG00000163558,protein kinase C iota [Source:HGNC Symbol;Acc:HGNC:9404],Protein kinase C family,HGNC:9404,Y,N,N
PRKCQ,ENSG00000065675,protein kinase C theta [Source:HGNC Symbol;Acc:HGNC:9410],C2 domain containing protein kinases,HGNC:9410,Y,N,N
PRKCQ,ENSG00000065675,protein kinase C theta [Source:HGNC Symbol;Acc:HGNC:9410],Protein kinase C family,HGNC:9410,Y,N,N
PRKCZ,ENSG00000067606,protein kinase C zeta [Source:HGNC Symbol;Acc:HGNC:9412],Protein kinase C family,HGNC:9412,Y,N,Y
PRKD1,ENSG00000184304,protein kinase D1 [Source:HGNC Symbol;Acc:HGNC:9407],Protein kinase D family,HGNC:9407,Y,N,N
PRKD2,ENSG00000105287,protein kinase D2 [Source:HGNC Symbol;Acc:HGNC:17293],Protein kinase D family,HGNC:17293,Y,N,N
PRKD3,ENSG00000115825,protein kinase D3 [Source:HGNC Symbol;Acc:HGNC:9408],Protein kinase D family,HGNC:9408,Y,N,N
PRKDC,ENSG00000253729,"protein kinase, DNA-activated, catalytic subunit [Source:HGNC Symbol;Acc:HGNC:9413]",,,N,N,N
PRKG1,ENSG00000185532,protein kinase cGMP-dependent 1 [Source:HGNC Symbol;Acc:HGNC:9414],Protein kinase G family,HGNC:9414,Y,N,N
PRKG2,ENSG00000138669,protein kinase cGMP-dependent 2 [Source:HGNC Symbol;Acc:HGNC:9416],Protein kinase G family,HGNC:9416,Y,N,N
PRKRA,ENSG00000180228,protein activator of interferon induced protein kinase EIF2AK2 [Source:HGNC Symbol;Acc:HGNC:9438],,,N,N,N
PRKX,ENSG00000183943,protein kinase cAMP-dependent X-linked catalytic subunit [Source:HGNC Symbol;Acc:HGNC:9441],Protein kinase A family,HGNC:9441,Y,N,N
PRP4K,ENSG00000112739,pre-mRNA processing factor kinase PRP4K [Source:HGNC Symbol;Acc:HGNC:17346],,,N,N,N
PRPS1,ENSG00000147224,phosphoribosyl pyrophosphate synthetase 1 [Source:HGNC Symbol;Acc:HGNC:9462],,,N,Y,N
PRPS1L1,ENSG00000229937,phosphoribosyl pyrophosphate synthetase 1 like 1 [Source:HGNC Symbol;Acc:HGNC:9463],,,N,Y,N
PRPS2,ENSG00000101911,phosphoribosyl pyrophosphate synthetase 2 [Source:HGNC Symbol;Acc:HGNC:9465],,,N,Y,N
PSKH1,ENSG00000159792,protein serine kinase H1 [Source:HGNC Symbol;Acc:HGNC:9529],Protein serine kinase H family,HGNC:9529,Y,N,N
PSKH2,ENSG00000147613,protein serine kinase H2 [Source:HGNC Symbol;Acc:HGNC:18997],Protein serine kinase H family,HGNC:18997,Y,N,N
PSTK,ENSG00000179988,phosphoseryl-tRNA kinase [Source:HGNC Symbol;Acc:HGNC:28578],,,N,Y,N
PTK2,ENSG00000169398,protein tyrosine kinase 2 [Source:HGNC Symbol;Acc:HGNC:9611],PTK2 family tyrosine kinases,HGNC:9611,Y,N,Y
PTK2B,ENSG00000120899,protein tyrosine kinase 2 beta [Source:HGNC Symbol;Acc:HGNC:9612],PTK2 family tyrosine kinases,HGNC:9612,Y,N,N
PTK6,ENSG00000101213,protein tyrosine kinase 6 [Source:HGNC Symbol;Acc:HGNC:9617],PTK6 family tyrosine kinases,HGNC:9617,Y,N,N
PTK7,ENSG00000112655,protein tyrosine kinase 7 (inactive) [Source:HGNC Symbol;Acc:HGNC:9618],Receptor tyrosine kinases,HGNC:9618,Y,N,N
PTPRM,ENSG00000173482,protein tyrosine phosphatase receptor type M [Source:HGNC Symbol;Acc:HGNC:9675],,,N,N,N
PXK,ENSG00000168297,PX domain containing serine/threonine kinase like [Source:HGNC Symbol;Acc:HGNC:23326],,,N,N,N
RAF1,ENSG00000132155,"Raf-1 proto-oncogene, serine/threonine kinase [Source:HGNC Symbol;Acc:HGNC:9829]",Mitogen-activated protein kinase kinase kinases,HGNC:9829,Y,Y,Y
RASSF2,ENSG00000101265,Ras association domain family member 2 [Source:HGNC Symbol;Acc:HGNC:9883],,,N,N,N
RBKS,ENSG00000171174,ribokinase [Source:HGNC Symbol;Acc:HGNC:30325],,,N,N,N
RET,ENSG00000165731,ret proto-oncogene [Source:HGNC Symbol;Acc:HGNC:9967],Receptor tyrosine kinases,HGNC:9967,Y,Y,N
RFK,ENSG00000135002,riboflavin kinase [Source:HGNC Symbol;Acc:HGNC:30324],,,N,Y,N
RIOK1,ENSG00000124784,RIO kinase 1 [Source:HGNC Symbol;Acc:HGNC:18656],,,N,N,N
RIOK2,ENSG00000058729,RIO kinase 2 [Source:HGNC Symbol;Acc:HGNC:18999],,,N,N,N
RIOK3,ENSG00000101782,RIO kinase 3 [Source:HGNC Symbol;Acc:HGNC:11451],,,N,N,N
RIPK1,ENSG00000137275,receptor interacting serine/threonine kinase 1 [Source:HGNC Symbol;Acc:HGNC:10019],,,N,N,N
RIPK2,ENSG00000104312,receptor interacting serine/threonine kinase 2 [Source:HGNC Symbol;Acc:HGNC:10020],,,N,N,N
RIPK3,ENSG00000285379,receptor interacting serine/threonine kinase 3 [Source:HGNC Symbol;Acc:HGNC:10021],,,N,N,N
RIPK3,ENSG00000129465,receptor interacting serine/threonine kinase 3 [Source:HGNC Symbol;Acc:HGNC:10021],,,N,N,N
RIPK4,ENSG00000183421,receptor interacting serine/threonine kinase 4 [Source:HGNC Symbol;Acc:HGNC:496],,,N,N,N
RNASEL,ENSG00000135828,ribonuclease L [Source:HGNC Symbol;Acc:HGNC:10050],,,N,N,N
ROCK1,ENSG00000067900,Rho associated coiled-coil containing protein kinase 1 [Source:HGNC Symbol;Acc:HGNC:10251],Rho associated coiled-coil containing protein kinase family,HGNC:10251,Y,N,Y
ROCK2,ENSG00000134318,Rho associated coiled-coil containing protein kinase 2 [Source:HGNC Symbol;Acc:HGNC:10252],Rho associated coiled-coil containing protein kinase family,HGNC:10252,Y,N,Y
ROR1,ENSG00000185483,receptor tyrosine kinase like orphan receptor 1 [Source:HGNC Symbol;Acc:HGNC:10256],Receptor tyrosine kinases,HGNC:10256,Y,N,N
ROR2,ENSG00000169071,receptor tyrosine kinase like orphan receptor 2 [Source:HGNC Symbol;Acc:HGNC:10257],Receptor tyrosine kinases,HGNC:10257,Y,N,N
ROS1,ENSG00000047936,"ROS proto-oncogene 1, receptor tyrosine kinase [Source:HGNC Symbol;Acc:HGNC:10261]",Receptor tyrosine kinases,HGNC:10261,Y,N,N
RPS6KA1,ENSG00000281877,ribosomal protein S6 kinase A1 [Source:HGNC Symbol;Acc:HGNC:10430],MAPK activated protein kinases,HGNC:10430,Y,N,N
RPS6KA1,ENSG00000281877,ribosomal protein S6 kinase A1 [Source:HGNC Symbol;Acc:HGNC:10430],Ribosomal protein S6 kinase family,HGNC:10430,Y,N,N
RPS6KA1,ENSG00000117676,ribosomal protein S6 kinase A1 [Source:HGNC Symbol;Acc:HGNC:10430],MAPK activated protein kinases,HGNC:10430,Y,N,N
RPS6KA1,ENSG00000117676,ribosomal protein S6 kinase A1 [Source:HGNC Symbol;Acc:HGNC:10430],Ribosomal protein S6 kinase family,HGNC:10430,Y,N,N
RPS6KA2,ENSG00000071242,ribosomal protein S6 kinase A2 [Source:HGNC Symbol;Acc:HGNC:10431],MAPK activated protein kinases,HGNC:10431,Y,N,N
RPS6KA2,ENSG00000071242,ribosomal protein S6 kinase A2 [Source:HGNC Symbol;Acc:HGNC:10431],Ribosomal protein S6 kinase family,HGNC:10431,Y,N,N
RPS6KA3,ENSG00000177189,ribosomal protein S6 kinase A3 [Source:HGNC Symbol;Acc:HGNC:10432],MAPK activated protein kinases,HGNC:10432,Y,N,N
RPS6KA3,ENSG00000177189,ribosomal protein S6 kinase A3 [Source:HGNC Symbol;Acc:HGNC:10432],Ribosomal protein S6 kinase family,HGNC:10432,Y,N,N
RPS6KA4,ENSG00000162302,ribosomal protein S6 kinase A4 [Source:HGNC Symbol;Acc:HGNC:10433],MAPK activated protein kinases,HGNC:10433,Y,N,N
RPS6KA4,ENSG00000162302,ribosomal protein S6 kinase A4 [Source:HGNC Symbol;Acc:HGNC:10433],Ribosomal protein S6 kinase family,HGNC:10433,Y,N,N
RPS6KA5,ENSG00000100784,ribosomal protein S6 kinase A5 [Source:HGNC Symbol;Acc:HGNC:10434],MAPK activated protein kinases,HGNC:10434,Y,N,N
RPS6KA5,ENSG00000100784,ribosomal protein S6 kinase A5 [Source:HGNC Symbol;Acc:HGNC:10434],Ribosomal protein S6 kinase family,HGNC:10434,Y,N,N
RPS6KA6,ENSG00000072133,ribosomal protein S6 kinase A6 [Source:HGNC Symbol;Acc:HGNC:10435],MAPK activated protein kinases,HGNC:10435,Y,N,N
RPS6KA6,ENSG00000072133,ribosomal protein S6 kinase A6 [Source:HGNC Symbol;Acc:HGNC:10435],Ribosomal protein S6 kinase family,HGNC:10435,Y,N,N
RPS6KB1,ENSG00000108443,ribosomal protein S6 kinase B1 [Source:HGNC Symbol;Acc:HGNC:10436],Ribosomal protein S6 kinase family,HGNC:10436,Y,Y,N
RPS6KB2,ENSG00000175634,ribosomal protein S6 kinase B2 [Source:HGNC Symbol;Acc:HGNC:10437],Ribosomal protein S6 kinase family,HGNC:10437,Y,Y,N
RPS6KC1,ENSG00000136643,ribosomal protein S6 kinase C1 [Source:HGNC Symbol;Acc:HGNC:10439],Ribosomal protein S6 kinase family,HGNC:10439,Y,N,N
RPS6KL1,ENSG00000198208,ribosomal protein S6 kinase like 1 [Source:HGNC Symbol;Acc:HGNC:20222],Ribosomal protein S6 kinase family,HGNC:20222,Y,N,N
RSKR,ENSG00000167524,ribosomal protein S6 kinase related [Source:HGNC Symbol;Acc:HGNC:26314],Ribosomal protein S6 kinase family,HGNC:26314,Y,N,N
RYK,ENSG00000163785,receptor like tyrosine kinase [Source:HGNC Symbol;Acc:HGNC:10481],Receptor tyrosine kinases,HGNC:10481,Y,N,N
SBK1,ENSG00000188322,SH3 domain binding kinase 1 [Source:HGNC Symbol;Acc:HGNC:17699],,,N,N,N
SBK2,ENSG00000187550,SH3 domain binding kinase family member 2 [Source:HGNC Symbol;Acc:HGNC:34416],,,N,N,N
SBK3,ENSG00000231274,SH3 domain binding kinase family member 3 [Source:HGNC Symbol;Acc:HGNC:44121],,,N,N,N
SCYL1,ENSG00000142186,SCY1 like pseudokinase 1 [Source:HGNC Symbol;Acc:HGNC:14372],SCY1 like pseudokinases,HGNC:14372,Y,N,N
SCYL2,ENSG00000136021,SCY1 like pseudokinase 2 [Source:HGNC Symbol;Acc:HGNC:19286],SCY1 like pseudokinases,HGNC:19286,Y,N,N
SCYL3,ENSG00000000457,SCY1 like pseudokinase 3 [Source:HGNC Symbol;Acc:HGNC:19285],SCY1 like pseudokinases,HGNC:19285,Y,N,N
SEPHS1,ENSG00000086475,selenophosphate synthetase 1 [Source:HGNC Symbol;Acc:HGNC:19685],,,N,Y,N
SEPHS2,ENSG00000179918,selenophosphate synthetase 2 [Source:HGNC Symbol;Acc:HGNC:19686],,,N,Y,N
SGK1,ENSG00000118515,serum/glucocorticoid regulated kinase 1 [Source:HGNC Symbol;Acc:HGNC:10810],Serum/glucocorticoid regulated kinase family,HGNC:10810,Y,N,N
SGK2,ENSG00000101049,serum/glucocorticoid regulated kinase 2 [Source:HGNC Symbol;Acc:HGNC:13900],Serum/glucocorticoid regulated kinase family,HGNC:13900,Y,N,N
SGK3,ENSG00000104205,serum/glucocorticoid regulated kinase family member 3 [Source:HGNC Symbol;Acc:HGNC:10812],Serum/glucocorticoid regulated kinase family,HGNC:10812,Y,N,N
SGMS1,ENSG00000198964,sphingomyelin synthase 1 [Source:HGNC Symbol;Acc:HGNC:29799],,,N,Y,Y
SGMS2,ENSG00000164023,sphingomyelin synthase 2 [Source:HGNC Symbol;Acc:HGNC:28395],,,N,Y,Y
SH3KBP1,ENSG00000147010,SH3 domain containing kinase binding protein 1 [Source:HGNC Symbol;Acc:HGNC:13867],,,N,N,N
SHPK,ENSG00000197417,sedoheptulokinase [Source:HGNC Symbol;Acc:HGNC:1492],,,N,N,N
SIK1,ENSG00000142178,salt inducible kinase 1 [Source:HGNC Symbol;Acc:HGNC:11142],SIK family kinases,HGNC:11142,Y,N,N
SIK2,ENSG00000170145,salt inducible kinase 2 [Source:HGNC Symbol;Acc:HGNC:21680],SIK family kinases,HGNC:21680,Y,N,N
SIK3,ENSG00000160584,SIK family kinase 3 [Source:HGNC Symbol;Acc:HGNC:29165],SIK family kinases,HGNC:29165,Y,N,N
SKP2,ENSG00000145604,S-phase kinase associated protein 2 [Source:HGNC Symbol;Acc:HGNC:10901],,,N,N,N
SLK,ENSG00000065613,STE20 like kinase [Source:HGNC Symbol;Acc:HGNC:11088],,,N,N,N
SMG1,ENSG00000157106,SMG1 nonsense mediated mRNA decay associated PI3K related kinase [Source:HGNC Symbol;Acc:HGNC:30045],,,N,N,N
SNRK,ENSG00000163788,SNF related kinase [Source:HGNC Symbol;Acc:HGNC:30598],SNRK family kinases,HGNC:30598,Y,N,N
SPEG,ENSG00000072195,striated muscle enriched protein kinase [Source:HGNC Symbol;Acc:HGNC:16901],Myosin light chain kinase family,HGNC:16901,Y,N,N
SPEGNB,ENSG00000286095,SPEG neighbor [Source:HGNC Symbol;Acc:HGNC:51251],,,N,N,N
SPHK1,ENSG00000176170,sphingosine kinase 1 [Source:HGNC Symbol;Acc:HGNC:11240],Sphingosine kinase family,HGNC:11240,Y,Y,Y
SPHK2,ENSG00000063176,sphingosine kinase 2 [Source:HGNC Symbol;Acc:HGNC:18859],Sphingosine kinase family,HGNC:18859,Y,Y,Y
SRC,ENSG00000291971,"SRC proto-oncogene, non-receptor tyrosine kinase [Source:HGNC Symbol;Acc:HGNC:11283]",Src family tyrosine kinases,HGNC:11283,Y,N,Y
SRC,ENSG00000197122,"SRC proto-oncogene, non-receptor tyrosine kinase [Source:HGNC Symbol;Acc:HGNC:11283]",Src family tyrosine kinases,HGNC:11283,Y,N,Y
SRMS,ENSG00000125508,src-related kinase lacking C-terminal regulatory tyrosine and N-terminal myristylation sites [Source:HGNC Symbol;Acc:HGNC:11298],PTK6 family tyrosine kinases,HGNC:11298,Y,N,N
SRPK1,ENSG00000096063,SRSF protein kinase 1 [Source:HGNC Symbol;Acc:HGNC:11305],SRSF protein kinase family,HGNC:11305,Y,N,N
SRPK2,ENSG00000135250,SRSF protein kinase 2 [Source:HGNC Symbol;Acc:HGNC:11306],SRSF protein kinase family,HGNC:11306,Y,N,N
SRPK3,ENSG00000184343,SRSF protein kinase 3 [Source:HGNC Symbol;Acc:HGNC:11402],SRSF protein kinase family,HGNC:11402,Y,N,N
STK10,ENSG00000072786,serine/threonine kinase 10 [Source:HGNC Symbol;Acc:HGNC:11388],,,N,N,N
STK11,ENSG00000118046,serine/threonine kinase 11 [Source:HGNC Symbol;Acc:HGNC:11389],STK11 family kinases,HGNC:11389,Y,N,N
STK16,ENSG00000115661,serine/threonine kinase 16 [Source:HGNC Symbol;Acc:HGNC:11394],,,N,N,N
STK17A,ENSG00000164543,serine/threonine kinase 17a [Source:HGNC Symbol;Acc:HGNC:11395],Death associated protein kinases,HGNC:11395,Y,N,N
STK17B,ENSG00000081320,serine/threonine kinase 17b [Source:HGNC Symbol;Acc:HGNC:11396],Death associated protein kinases,HGNC:11396,Y,N,N
STK24,ENSG00000102572,serine/threonine kinase 24 [Source:HGNC Symbol;Acc:HGNC:11403],,,N,N,N
STK25,ENSG00000115694,serine/threonine kinase 25 [Source:HGNC Symbol;Acc:HGNC:11404],,,N,N,N
STK26,ENSG00000134602,serine/threonine kinase 26 [Source:HGNC Symbol;Acc:HGNC:18174],,,N,N,N
STK3,ENSG00000104375,serine/threonine kinase 3 [Source:HGNC Symbol;Acc:HGNC:11406],,,N,N,N
STK31,ENSG00000196335,serine/threonine kinase 31 [Source:HGNC Symbol;Acc:HGNC:11407],,,N,N,N
STK32A,ENSG00000169302,serine/threonine kinase 32A [Source:HGNC Symbol;Acc:HGNC:28317],Serine/threonine kinase 32 family,HGNC:28317,Y,N,N
STK32B,ENSG00000152953,serine/threonine kinase 32B [Source:HGNC Symbol;Acc:HGNC:14217],Serine/threonine kinase 32 family,HGNC:14217,Y,N,N
STK32C,ENSG00000165752,serine/threonine kinase 32C [Source:HGNC Symbol;Acc:HGNC:21332],Serine/threonine kinase 32 family,HGNC:21332,Y,N,N
STK33,ENSG00000130413,serine/threonine kinase 33 [Source:HGNC Symbol;Acc:HGNC:14568],STK33 family kinases,HGNC:14568,Y,N,N
STK35,ENSG00000125834,serine/threonine kinase 35 [Source:HGNC Symbol;Acc:HGNC:16254],,,N,N,N
STK36,ENSG00000163482,serine/threonine kinase 36 [Source:HGNC Symbol;Acc:HGNC:17209],,,N,N,N
STK38,ENSG00000112079,serine/threonine kinase 38 [Source:HGNC Symbol;Acc:HGNC:17847],Serine/threonine kinase 38 family,HGNC:17847,Y,N,N
STK38L,ENSG00000211455,serine/threonine kinase 38 like [Source:HGNC Symbol;Acc:HGNC:17848],Serine/threonine kinase 38 family,HGNC:17848,Y,N,N
STK39,ENSG00000198648,serine/threonine kinase 39 [Source:HGNC Symbol;Acc:HGNC:17717],,,N,N,N
STK4,ENSG00000101109,serine/threonine kinase 4 [Source:HGNC Symbol;Acc:HGNC:11408],,,N,N,N
STK40,ENSG00000196182,serine/threonine kinase 40 [Source:HGNC Symbol;Acc:HGNC:21373],Tribbles pseudokinase family,HGNC:21373,Y,N,N
STKLD1,ENSG00000281245,serine/threonine kinase like domain containing 1 [Source:HGNC Symbol;Acc:HGNC:28669],,,N,N,N
STKLD1,ENSG00000198870,serine/threonine kinase like domain containing 1 [Source:HGNC Symbol;Acc:HGNC:28669],,,N,N,N
STRADA,ENSG00000266173,STE20 related adaptor alpha [Source:HGNC Symbol;Acc:HGNC:30172],,,N,N,N
STRADB,ENSG00000082146,STE20 related adaptor beta [Source:HGNC Symbol;Acc:HGNC:13205],,,N,N,N
STYK1,ENSG00000060140,serine/threonine/tyrosine kinase 1 [Source:HGNC Symbol;Acc:HGNC:18889],Receptor tyrosine kinases,HGNC:18889,Y,N,N
SYK,ENSG00000165025,spleen associated tyrosine kinase [Source:HGNC Symbol;Acc:HGNC:11491],Syk family tyrosine kinases,HGNC:11491,Y,N,N
TAB1,ENSG00000100324,TGF-beta activated kinase 1 (MAP3K7) binding protein 1 [Source:HGNC Symbol;Acc:HGNC:18157],,,N,N,Y
TAF1,ENSG00000147133,TATA-box binding protein associated factor 1 [Source:HGNC Symbol;Acc:HGNC:11535],,,N,N,N
TAF1L,ENSG00000122728,TATA-box binding protein associated factor 1 like [Source:HGNC Symbol;Acc:HGNC:18056],,,N,N,N
TAOK1,ENSG00000160551,TAO kinase 1 [Source:HGNC Symbol;Acc:HGNC:29259],Mitogen-activated protein kinase kinase kinases,HGNC:29259,Y,N,N
TAOK2,ENSG00000149930,TAO kinase 2 [Source:HGNC Symbol;Acc:HGNC:16835],Mitogen-activated protein kinase kinase kinases,HGNC:16835,Y,N,N
TAOK3,ENSG00000135090,TAO kinase 3 [Source:HGNC Symbol;Acc:HGNC:18133],Mitogen-activated protein kinase kinase kinases,HGNC:18133,Y,N,N
TBCK,ENSG00000145348,TBC1 domain containing kinase [Source:HGNC Symbol;Acc:HGNC:28261],,,N,N,N
TBK1,ENSG00000183735,TANK binding kinase 1 [Source:HGNC Symbol;Acc:HGNC:11584],I kappa B kinases,HGNC:11584,Y,N,Y
TEC,ENSG00000135605,tec protein tyrosine kinase [Source:HGNC Symbol;Acc:HGNC:11719],Tec family tyrosine kinases,HGNC:11719,Y,N,N
TEK,ENSG00000120156,TEK receptor tyrosine kinase [Source:HGNC Symbol;Acc:HGNC:11724],Receptor tyrosine kinases,HGNC:11724,Y,N,N
TESK1,ENSG00000107140,testis associated actin remodelling kinase 1 [Source:HGNC Symbol;Acc:HGNC:11731],LIMK/TESK kinase family,HGNC:11731,Y,N,N
TESK2,ENSG00000070759,testis associated actin remodelling kinase 2 [Source:HGNC Symbol;Acc:HGNC:11732],LIMK/TESK kinase family,HGNC:11732,Y,N,N
TEX14,ENSG00000121101,"testis expressed 14, intercellular bridge forming factor [Source:HGNC Symbol;Acc:HGNC:11737]",,,N,N,N
TGFBR1,ENSG00000106799,transforming growth factor beta receptor 1 [Source:HGNC Symbol;Acc:HGNC:11772],Type 1 receptor serine/threonine kinases,HGNC:11772,Y,N,N
TGFBR2,ENSG00000163513,transforming growth factor beta receptor 2 [Source:HGNC Symbol;Acc:HGNC:11773],Type 2 receptor serine/threonine kinases,HGNC:11773,Y,N,N
TIE1,ENSG00000066056,tyrosine kinase with immunoglobulin like and EGF like domains 1 [Source:HGNC Symbol;Acc:HGNC:11809],Receptor tyrosine kinases,HGNC:11809,Y,N,N
TK1,ENSG00000167900,thymidine kinase 1 [Source:HGNC Symbol;Acc:HGNC:11830],Deoxyribonucleoside kinases,HGNC:11830,Y,Y,N
TK2,ENSG00000166548,thymidine kinase 2 [Source:HGNC Symbol;Acc:HGNC:11831],Deoxyribonucleoside kinases,HGNC:11831,Y,Y,N
TKFC,ENSG00000149476,triokinase and FMN cyclase [Source:HGNC Symbol;Acc:HGNC:24552],,,N,Y,Y
TLK1,ENSG00000198586,tousled like kinase 1 [Source:HGNC Symbol;Acc:HGNC:11841],,,N,N,N
TLK2,ENSG00000146872,tousled like kinase 2 [Source:HGNC Symbol;Acc:HGNC:11842],,,N,N,N
TNIK,ENSG00000154310,TRAF2 and NCK interacting kinase [Source:HGNC Symbol;Acc:HGNC:30765],,,N,N,N
TNK1,ENSG00000283781,tyrosine kinase non receptor 1 [Source:HGNC Symbol;Acc:HGNC:11940],TNK family tyrosine kinases,HGNC:11940,Y,N,N
TNK1,ENSG00000174292,tyrosine kinase non receptor 1 [Source:HGNC Symbol;Acc:HGNC:11940],TNK family tyrosine kinases,HGNC:11940,Y,N,N
TNK2,ENSG00000061938,tyrosine kinase non receptor 2 [Source:HGNC Symbol;Acc:HGNC:19297],TNK family tyrosine kinases,HGNC:19297,Y,N,N
TNNI3K,ENSG00000116783,TNNI3 interacting kinase [Source:HGNC Symbol;Acc:HGNC:19661],,,N,N,N
TOP1,ENSG00000198900,DNA topoisomerase I [Source:HGNC Symbol;Acc:HGNC:11986],,,N,N,N
TP53RK,ENSG00000172315,TP53 regulating kinase [Source:HGNC Symbol;Acc:HGNC:16197],,,N,N,N
TPK1,ENSG00000196511,thiamin pyrophosphokinase 1 [Source:HGNC Symbol;Acc:HGNC:17358],,,N,Y,N
TPTEP2-CSNK1E,ENSG00000283900,TPTEP2-CSNK1E readthrough [Source:HGNC Symbol;Acc:HGNC:53829],,,N,N,N
TRIB1,ENSG00000173334,tribbles pseudokinase 1 [Source:HGNC Symbol;Acc:HGNC:16891],Tribbles pseudokinase family,HGNC:16891,Y,N,N
TRIB2,ENSG00000071575,tribbles pseudokinase 2 [Source:HGNC Symbol;Acc:HGNC:30809],Tribbles pseudokinase family,HGNC:30809,Y,N,N
TRIB3,ENSG00000101255,tribbles pseudokinase 3 [Source:HGNC Symbol;Acc:HGNC:16228],Tribbles pseudokinase family,HGNC:16228,Y,N,N
TRIM24,ENSG00000122779,tripartite motif containing 24 [Source:HGNC Symbol;Acc:HGNC:11812],,,N,N,N
TRIM28,ENSG00000130726,tripartite motif containing 28 [Source:HGNC Symbol;Acc:HGNC:16384],,,N,N,N
TRIO,ENSG00000038382,trio Rho guanine nucleotide exchange factor [Source:HGNC Symbol;Acc:HGNC:12303],,,N,N,N
TRPM6,ENSG00000119121,transient receptor potential cation channel subfamily M member 6 [Source:HGNC Symbol;Acc:HGNC:17995],,,N,N,N
TRPM7,ENSG00000092439,transient receptor potential cation channel subfamily M member 7 [Source:HGNC Symbol;Acc:HGNC:17994],,,N,N,N
TSSK1B,ENSG00000212122,testis specific serine kinase 1B [Source:HGNC Symbol;Acc:HGNC:14968],Testis specific serine kinase family,HGNC:14968,Y,N,N
TSSK2,ENSG00000206203,testis specific serine kinase 2 [Source:HGNC Symbol;Acc:HGNC:11401],Testis specific serine kinase family,HGNC:11401,Y,N,N
TSSK3,ENSG00000162526,testis specific serine kinase 3 [Source:HGNC Symbol;Acc:HGNC:15473],Testis specific serine kinase family,HGNC:15473,Y,N,N
TSSK4,ENSG00000285140,testis specific serine kinase 4 [Source:HGNC Symbol;Acc:HGNC:19825],Testis specific serine kinase family,HGNC:19825,Y,N,N
TSSK4,ENSG00000139908,testis specific serine kinase 4 [Source:HGNC Symbol;Acc:HGNC:19825],Testis specific serine kinase family,HGNC:19825,Y,N,N
TSSK6,ENSG00000178093,testis specific serine kinase 6 [Source:HGNC Symbol;Acc:HGNC:30410],Testis specific serine kinase family,HGNC:30410,Y,N,N
TTBK1,ENSG00000146216,tau tubulin kinase 1 [Source:HGNC Symbol;Acc:HGNC:19140],,,N,N,N
TTBK2,ENSG00000128881,tau tubulin kinase 2 [Source:HGNC Symbol;Acc:HGNC:19141],,,N,N,N
TTK,ENSG00000112742,TTK protein kinase [Source:HGNC Symbol;Acc:HGNC:12401],,,N,N,N
TTN,ENSG00000155657,titin [Source:HGNC Symbol;Acc:HGNC:12403],Myosin light chain kinase family,HGNC:12403,Y,N,N
TXK,ENSG00000074966,TXK tyrosine kinase [Source:HGNC Symbol;Acc:HGNC:12434],Tec family tyrosine kinases,HGNC:12434,Y,N,N
TYK2,ENSG00000105397,tyrosine kinase 2 [Source:HGNC Symbol;Acc:HGNC:12440],Jak family tyrosine kinases,HGNC:12440,Y,N,N
TYRO3,ENSG00000092445,TYRO3 protein tyrosine kinase [Source:HGNC Symbol;Acc:HGNC:12446],Receptor tyrosine kinases,HGNC:12446,Y,N,N
UCK1,ENSG00000130717,uridine-cytidine kinase 1 [Source:HGNC Symbol;Acc:HGNC:14859],,,N,Y,N
UCK2,ENSG00000143179,uridine-cytidine kinase 2 [Source:HGNC Symbol;Acc:HGNC:12562],,,N,Y,N
UCKL1,ENSG00000198276,uridine-cytidine kinase 1 like 1 [Source:HGNC Symbol;Acc:HGNC:15938],,,N,Y,N
UHMK1,ENSG00000152332,U2AF homology motif kinase 1 [Source:HGNC Symbol;Acc:HGNC:19683],,,N,N,N
ULK1,ENSG00000177169,unc-51 like autophagy activating kinase 1 [Source:HGNC Symbol;Acc:HGNC:12558],,,N,N,N
ULK2,ENSG00000083290,unc-51 like autophagy activating kinase 2 [Source:HGNC Symbol;Acc:HGNC:13480],,,N,N,N
ULK3,ENSG00000140474,unc-51 like kinase 3 [Source:HGNC Symbol;Acc:HGNC:19703],,,N,N,N
ULK4,ENSG00000168038,unc-51 like kinase 4 [Source:HGNC Symbol;Acc:HGNC:15784],,,N,N,N
VRK1,ENSG00000100749,VRK serine/threonine kinase 1 [Source:HGNC Symbol;Acc:HGNC:12718],,,N,N,N
VRK2,ENSG00000028116,VRK serine/threonine kinase 2 [Source:HGNC Symbol;Acc:HGNC:12719],,,N,N,N
VRK3,ENSG00000105053,VRK serine/threonine kinase 3 [Source:HGNC Symbol;Acc:HGNC:18996],,,N,N,N
WDR83,ENSG00000123154,WD repeat domain 83 [Source:HGNC Symbol;Acc:HGNC:32672],,,N,N,N
WEE1,ENSG00000166483,WEE1 G2 checkpoint kinase [Source:HGNC Symbol;Acc:HGNC:12761],,,N,N,N
WEE2,ENSG00000263042,WEE2 oocyte meiosis inhibiting kinase [Source:HGNC Symbol;Acc:HGNC:19684],,,N,N,N
WEE2,ENSG00000214102,WEE2 oocyte meiosis inhibiting kinase [Source:HGNC Symbol;Acc:HGNC:19684],,,N,N,N
WHR1,ENSG00000226257,winged helix repair factor 1 [Source:HGNC Symbol;Acc:HGNC:11398],,,N,N,N
WHR1,ENSG00000234947,winged helix repair factor 1 [Source:HGNC Symbol;Acc:HGNC:11398],,,N,N,N
WHR1,ENSG00000236250,winged helix repair factor 1 [Source:HGNC Symbol;Acc:HGNC:11398],,,N,N,N
WHR1,ENSG00000226033,winged helix repair factor 1 [Source:HGNC Symbol;Acc:HGNC:11398],,,N,N,N
WNK1,ENSG00000060237,WNK lysine deficient protein kinase 1 [Source:HGNC Symbol;Acc:HGNC:14540],WNK lysine deficient protein kinases,HGNC:14540,Y,N,N
WNK2,ENSG00000165238,WNK lysine deficient protein kinase 2 [Source:HGNC Symbol;Acc:HGNC:14542],WNK lysine deficient protein kinases,HGNC:14542,Y,N,N
WNK3,ENSG00000196632,WNK lysine deficient protein kinase 3 [Source:HGNC Symbol;Acc:HGNC:14543],WNK lysine deficient protein kinases,HGNC:14543,Y,N,N
WNK4,ENSG00000126562,WNK lysine deficient protein kinase 4 [Source:HGNC Symbol;Acc:HGNC:14544],WNK lysine deficient protein kinases,HGNC:14544,Y,N,N
XYLB,ENSG00000093217,xylulokinase [Source:HGNC Symbol;Acc:HGNC:12839],,,N,N,N
YES1,ENSG00000176105,"YES proto-oncogene 1, Src family tyrosine kinase [Source:HGNC Symbol;Acc:HGNC:12841]",Src family tyrosine kinases,HGNC:12841,Y,N,N
YWHAZ,ENSG00000164924,tyrosine 3-monooxygenase/tryptophan 5-monooxygenase activation protein zeta [Source:HGNC Symbol;Acc:HGNC:12855],,,N,N,N
ZAP70,ENSG00000291603,zeta chain of T cell receptor associated protein kinase 70 [Source:HGNC Symbol;Acc:HGNC:12858],Syk family tyrosine kinases,HGNC:12858,Y,N,N
ZAP70,ENSG00000115085,zeta chain of T cell receptor associated protein kinase 70 [Source:HGNC Symbol;Acc:HGNC:12858],Syk family tyrosine kinases,HGNC:12858,Y,N,N
