ensembl_gene_id,external_gene_name,description,MGI_ID,Metabolic,Lipid
ENSMUSG00000073563,Csnk1g3,"casein kinase 1, gamma 3",MGI:1917675,N,N
ENSMUSG00000020601,Trib2,tribbles pseudokinase 2,MGI:2145021,N,N
ENSMUSG00000022812,Gsk3b,glycogen synthase kinase 3 beta,MGI:1861437,N,Y
ENSMUSG00000050697,Prkaa1,"protein kinase, AMP-activated, alpha 1 catalytic subunit",MGI:2145955,N,N
ENSMUSG00000053414,Hunk,hormonally upregulated Neu-associated kinase,MGI:1347352,N,N
ENSMUSG00000033628,Pik3c3,phosphatidylinositol 3-kinase catalytic subunit type 3,MGI:2445019,Y,N
ENSMUSG00000056458,Mok,MOK protein kinase,MGI:1336881,N,N
ENSMUSG00000024383,Map3k2,mitogen-activated protein kinase kinase kinase 2,MGI:1346873,N,N
ENSMUSG00000019235,Rps6kl1,ribosomal protein S6 kinase-like 1,MGI:2443413,N,N
ENSMUSG00000038128,Camk4,calcium/calmodulin-dependent protein kinase IV,MGI:88258,N,N
ENSMUSG00000022672,Prkdc,"protein kinase, DNA activated, catalytic polypeptide",MGI:104779,N,N
ENSMUSG00000032501,Trib1,tribbles pseudokinase 1,MGI:2443397,N,N
ENSMUSG00000034290,Nek9,NIMA (never in mitosis gene a)-related expressed kinase 9,MGI:2387995,N,N
ENSMUSG00000048310,Pskh1,protein serine kinase H1,MGI:3528383,N,N
ENSMUSG00000028991,Mtor,mechanistic target of rapamycin kinase,MGI:1928394,Y,N
ENSMUSG00000040274,Cdk6,cyclin dependent kinase 6,MGI:1277162,N,N
ENSMUSG00000029859,Epha1,Eph receptor A1,MGI:107381,N,N
ENSMUSG00000031668,Eif2ak3,eukaryotic translation initiation factor 2 alpha kinase 3,MGI:1341830,N,Y
ENSMUSG00000042978,Sbk1,SH3-binding kinase 1,MGI:2135937,N,N
ENSMUSG00000028630,Dyrk2,dual-specificity tyrosine phosphorylation regulated kinase 2,MGI:1330301,N,N
ENSMUSG00000019699,Akt3,thymoma viral proto-oncogene 3,MGI:1345147,Y,Y
ENSMUSG00000049897,Stkld1,serine/threonine kinase-like domain containing 1,MGI:2685557,N,N
ENSMUSG00000063358,Mapk1,mitogen-activated protein kinase 1,MGI:1346858,Y,Y
ENSMUSG00000026235,Epha4,Eph receptor A4,MGI:98277,N,N
ENSMUSG00000024789,Jak2,Janus kinase 2,MGI:96629,N,Y
ENSMUSG00000014453,Blk,B lymphoid kinase,MGI:88169,N,N
ENSMUSG00000029613,Eif2ak1,eukaryotic translation initiation factor 2 alpha kinase 1,MGI:1353448,N,N
ENSMUSG00000002602,Axl,AXL receptor tyrosine kinase,MGI:1347244,N,N
ENSMUSG00000027297,Ltk,leukocyte tyrosine kinase,MGI:96840,N,N
ENSMUSG00000061462,Obscn,"obscurin, cytoskeletal calmodulin and titin-interacting RhoGEF",MGI:2681862,N,N
ENSMUSG00000003228,Grk5,G protein-coupled receptor kinase 5,MGI:109161,N,N
ENSMUSG00000028926,Cdk14,cyclin dependent kinase 14,MGI:894318,N,N
ENSMUSG00000052920,Prkg1,"protein kinase, cGMP-dependent, type I",MGI:108174,N,N
ENSMUSG00000019779,Frk,fyn-related kinase,MGI:103265,N,N
ENSMUSG00000025915,Sgk3,serum/glucocorticoid regulated kinase 3,MGI:2182368,N,N
ENSMUSG00000034751,Mast4,microtubule associated serine/threonine kinase family member 4,MGI:1918885,N,N
ENSMUSG00000003119,Cdk12,cyclin dependent kinase 12,MGI:1098802,N,N
ENSMUSG00000022033,Pbk,PDZ binding kinase,MGI:1289156,N,N
ENSMUSG00000035828,Pim3,proviral integration site 3,MGI:1355297,N,N
ENSMUSG00000037112,Sik2,salt inducible kinase 2,MGI:2445031,N,N
ENSMUSG00000064090,Vrk2,vaccinia related kinase 2,MGI:1917172,N,N
ENSMUSG00000032577,Mapkapk3,mitogen-activated protein kinase-activated protein kinase 3,MGI:2143163,N,N
ENSMUSG00000054892,Txk,TXK tyrosine kinase,MGI:102960,N,N
ENSMUSG00000059456,Ptk2b,PTK2 protein tyrosine kinase 2 beta,MGI:104908,N,N
ENSMUSG00000027298,Tyro3,TYRO3 protein tyrosine kinase 3,MGI:104294,N,N
ENSMUSG00000034218,Atm,ataxia telangiectasia mutated,MGI:107202,N,N
ENSMUSG00000062312,Erbb2,erb-b2 receptor tyrosine kinase 2,MGI:95410,Y,N
ENSMUSG00000031264,Btk,Bruton agammaglobulinemia tyrosine kinase,MGI:88216,N,N
ENSMUSG00000020990,Cdkl1,cyclin dependent kinase like 1,MGI:1918341,N,N
ENSMUSG00000020115,Tbk1,TANK-binding kinase 1,MGI:1929658,N,Y
ENSMUSG00000000127,Fer,FER tyrosine kinase,MGI:105917,N,N
ENSMUSG00000029217,Tec,tec protein tyrosine kinase,MGI:98662,N,N
ENSMUSG00000027470,Mylk2,"myosin, light polypeptide kinase 2, skeletal muscle",MGI:2139434,N,N
ENSMUSG00000038481,Cdk19,cyclin dependent kinase 19,MGI:1925584,N,N
ENSMUSG00000015133,Lrrk1,leucine-rich repeat kinase 1,MGI:2142227,N,N
ENSMUSG00000044951,Mylk4,"myosin light chain kinase family, member 4",MGI:3643758,N,N
ENSMUSG00000032113,Chek1,checkpoint kinase 1,MGI:1202065,N,N
ENSMUSG00000031309,Rps6ka3,ribosomal protein S6 kinase polypeptide 3,MGI:104557,N,N
ENSMUSG00000022610,Mapk12,mitogen-activated protein kinase 12,MGI:1353438,N,Y
ENSMUSG00000053137,Mapk11,mitogen-activated protein kinase 11,MGI:1338024,N,Y
ENSMUSG00000039954,Stk32a,serine/threonine kinase 32A,MGI:2442403,N,N
ENSMUSG00000021457,Syk,spleen tyrosine kinase,MGI:99515,N,N
ENSMUSG00000066800,Rnasel,"ribonuclease L (2', 5'-oligoisoadenylate synthetase-dependent)",MGI:1098272,N,N
ENSMUSG00000031450,Grk1,G protein-coupled receptor kinase 1,MGI:1345146,N,N
ENSMUSG00000031112,Stk26,serine/threonine kinase 26,MGI:1917665,N,N
ENSMUSG00000029283,Cdc7,cell division cycle 7,MGI:1309511,N,N
ENSMUSG00000038379,Ttk,Ttk protein kinase,MGI:1194921,N,N
ENSMUSG00000003283,Hck,hemopoietic cell kinase,MGI:96052,N,N
ENSMUSG00000031303,Map3k15,mitogen-activated protein kinase kinase kinase 15,MGI:2448588,N,N
ENSMUSG00000006728,Cdk4,cyclin dependent kinase 4,MGI:88357,N,N
ENSMUSG00000020015,Cdk17,cyclin dependent kinase 17,MGI:97517,N,N
ENSMUSG00000005533,Igf1r,insulin-like growth factor I receptor,MGI:96433,N,N
ENSMUSG00000022263,Trio,triple functional domain (PTPRF interacting),MGI:1927230,N,N
ENSMUSG00000039145,Camk1d,calcium/calmodulin-dependent protein kinase ID,MGI:2442190,N,N
ENSMUSG00000021180,Rps6ka5,"ribosomal protein S6 kinase, polypeptide 5",MGI:1920336,N,N
ENSMUSG00000029635,Cdk8,cyclin dependent kinase 8,MGI:1196224,N,N
ENSMUSG00000021948,Prkcd,"protein kinase C, delta",MGI:97598,N,N
ENSMUSG00000021408,Ripk1,receptor (TNFRSF)-interacting serine-threonine kinase 1,MGI:108212,N,N
ENSMUSG00000023403,Stk31,serine threonine kinase 31,MGI:1924735,N,N
ENSMUSG00000022607,Ptk2,PTK2 protein tyrosine kinase 2,MGI:95481,N,Y
ENSMUSG00000001630,Stk38l,serine/threonine kinase 38 like,MGI:1922250,N,N
ENSMUSG00000031027,Stk33,serine/threonine kinase 33,MGI:2152419,N,N
ENSMUSG00000026490,Cdc42bpa,CDC42 binding protein kinase alpha,MGI:2441841,N,N
ENSMUSG00000021413,Prpf4b,pre-mRNA processing factor 4B,MGI:109584,N,N
ENSMUSG00000022897,Dyrk1a,dual-specificity tyrosine phosphorylation regulated kinase 1a,MGI:1330299,N,N
ENSMUSG00000030409,Dmpk,dystrophia myotonica-protein kinase,MGI:94906,N,N
ENSMUSG00000026489,Coq8a,coenzyme Q8A,MGI:1914676,N,N
ENSMUSG00000074305,Peak1,pseudopodium-enriched atypical kinase 1,MGI:2442366,N,N
ENSMUSG00000021918,Nek4,NIMA (never in mitosis gene a)-related expressed kinase 4,MGI:1344404,N,N
ENSMUSG00000022329,Stk3,serine/threonine kinase 3,MGI:1928487,N,N
ENSMUSG00000027030,Stk39,serine/threonine kinase 39,MGI:1858416,N,N
ENSMUSG00000055540,Epha6,Eph receptor A6,MGI:108034,N,N
ENSMUSG00000053819,Camk2d,"calcium/calmodulin-dependent protein kinase II, delta",MGI:1341265,N,Y
ENSMUSG00000055471,Alk,anaplastic lymphoma kinase,MGI:103305,N,N
ENSMUSG00000031292,Cdkl5,cyclin dependent kinase like 5,MGI:1278336,N,N
ENSMUSG00000052504,Epha3,Eph receptor A3,MGI:99612,N,N
ENSMUSG00000012519,Mlkl,mixed lineage kinase domain-like,MGI:1921818,N,N
ENSMUSG00000025199,Chuk,conserved helix-loop-helix ubiquitous kinase,MGI:99484,N,Y
ENSMUSG00000014426,Map3k4,mitogen-activated protein kinase kinase kinase 4,MGI:1346875,N,N
ENSMUSG00000059146,Ntrk3,"neurotrophic tyrosine kinase, receptor, type 3",MGI:97385,Y,N
ENSMUSG00000037738,Nek5,NIMA (never in mitosis gene a)-related expressed kinase 5,MGI:2142824,N,N
ENSMUSG00000009376,Met,met proto-oncogene,MGI:96969,Y,N
ENSMUSG00000019893,Ros1,Ros1 proto-oncogene,MGI:97999,N,N
ENSMUSG00000059883,Irak4,interleukin-1 receptor-associated kinase 4,MGI:2182474,N,Y
ENSMUSG00000031478,Nek3,NIMA (never in mitosis gene a)-related expressed kinase 3,MGI:1344371,N,N
ENSMUSG00000042282,Gucy2f,guanylate cyclase 2f,MGI:105119,Y,N
ENSMUSG00000029231,Pdgfra,"platelet derived growth factor receptor, alpha polypeptide",MGI:97530,Y,N
ENSMUSG00000002688,Prkd1,protein kinase D1,MGI:99879,N,N
ENSMUSG00000020272,Stk10,serine/threonine kinase 10,MGI:1099439,N,N
ENSMUSG00000073458,Smok2a,sperm motility kinase 2A,MGI:1351487,N,N
ENSMUSG00000073457,Smok2b,sperm motility kinase 2B,MGI:3037705,N,N
ENSMUSG00000017291,Taok1,TAO kinase 1,MGI:1914490,N,N
ENSMUSG00000031016,Wee1,WEE 1 homolog 1 (S. pombe),MGI:103075,N,N
ENSMUSG00000052783,Grk4,G protein-coupled receptor kinase 4,MGI:95801,N,N
ENSMUSG00000042817,Flt3,FMS-like tyrosine kinase 3,MGI:95559,Y,N
ENSMUSG00000031537,Ikbkb,inhibitor of kappaB kinase beta,MGI:1338071,N,Y
ENSMUSG00000021701,Plk2,polo like kinase 2,MGI:1099790,N,N
ENSMUSG00000005672,Kit,KIT proto-oncogene receptor tyrosine kinase,MGI:96677,Y,N
ENSMUSG00000026778,Prkcq,"protein kinase C, theta",MGI:97601,N,N
ENSMUSG00000029053,Prkcz,"protein kinase C, zeta",MGI:97602,N,Y
ENSMUSG00000062234,Gak,cyclin G associated kinase,MGI:2442153,N,N
ENSMUSG00000031644,Nek1,NIMA (never in mitosis gene a)-related expressed kinase 1,MGI:97303,N,N
ENSMUSG00000032308,Ulk3,unc-51-like kinase 3,MGI:1918992,N,N
ENSMUSG00000042064,Myo3b,myosin IIIB,MGI:2448580,N,N
ENSMUSG00000062960,Kdr,kinase insert domain protein receptor,MGI:96683,N,N
ENSMUSG00000005958,Ephb3,Eph receptor B3,MGI:104770,N,N
ENSMUSG00000032312,Csk,c-src tyrosine kinase,MGI:88537,N,N
ENSMUSG00000031377,Bmx,BMX non-receptor tyrosine kinase,MGI:1101778,N,N
ENSMUSG00000041997,Tlk1,tousled-like kinase 1,MGI:2441683,N,N
ENSMUSG00000033985,Tesk2,testis-specific kinase 2,MGI:2385204,N,N
ENSMUSG00000033618,Map3k13,mitogen-activated protein kinase kinase kinase 13,MGI:2444243,N,N
ENSMUSG00000031284,Pak3,p21 (RAC1) activated kinase 3,MGI:1339656,N,N
ENSMUSG00000024727,Trpm6,"transient receptor potential cation channel, subfamily M, member 6",MGI:2675603,N,N
ENSMUSG00000026094,Stk17b,serine/threonine kinase 17b (apoptosis-inducing),MGI:2138162,N,N
ENSMUSG00000030802,Bckdk,branched chain ketoacid dehydrogenase kinase,MGI:1276121,N,N
ENSMUSG00000029647,Pan3,PAN3 poly(A) specific ribonuclease subunit,MGI:1919837,N,N
ENSMUSG00000031698,Mylk3,myosin light chain kinase 3,MGI:2443063,N,N
ENSMUSG00000028030,Tbck,TBC1 domain containing kinase,MGI:2445052,N,N
ENSMUSG00000021115,Vrk1,vaccinia related kinase 1,MGI:1261847,N,N
ENSMUSG00000029648,Flt1,FMS-like tyrosine kinase 1,MGI:95558,N,N
ENSMUSG00000018932,Map2k3,mitogen-activated protein kinase kinase 3,MGI:1346868,N,Y
ENSMUSG00000025060,Slk,STE20-like kinase,MGI:103241,N,N
ENSMUSG00000116564,Riok2,RIO kinase 2,MGI:1914295,N,N
ENSMUSG00000028664,Ephb2,Eph receptor B2,MGI:99611,N,N
ENSMUSG00000028661,Epha8,Eph receptor A8,MGI:109378,N,N
ENSMUSG00000037337,Map4k1,mitogen-activated protein kinase kinase kinase kinase 1,MGI:1346882,N,N
ENSMUSG00000051590,Map3k19,mitogen-activated protein kinase kinase kinase 19,MGI:1203481,N,N
ENSMUSG00000047654,Tssk6,testis-specific serine kinase 6,MGI:2148775,N,N
ENSMUSG00000006386,Tek,TEK receptor tyrosine kinase,MGI:98664,N,N
ENSMUSG00000042724,Map3k9,mitogen-activated protein kinase kinase kinase 9,MGI:2449952,N,N
ENSMUSG00000006494,Pdk1,"pyruvate dehydrogenase kinase, isoenzyme 1",MGI:1926119,Y,N
ENSMUSG00000004798,Ulk2,unc-51 like kinase 2,MGI:1352758,N,N
ENSMUSG00000020395,Itk,IL2 inducible T cell kinase,MGI:96621,N,N
ENSMUSG00000032409,Atr,ataxia telangiectasia and Rad3 related,MGI:108028,N,N
ENSMUSG00000033966,Cdkl4,cyclin dependent kinase like 4,MGI:3587025,N,N
ENSMUSG00000024242,Map4k3,mitogen-activated protein kinase kinase kinase kinase 3,MGI:2154405,N,N
ENSMUSG00000024247,Pkdcc,"protein kinase domain containing, cytoplasmic",MGI:2147077,N,N
ENSMUSG00000033191,Tie1,tyrosine kinase with immunoglobulin-like and EGF-like domains 1,MGI:99906,N,N
ENSMUSG00000035112,Wnk4,WNK lysine deficient protein kinase 4,MGI:1917097,N,N
ENSMUSG00000004085,Map3k20,mitogen-activated protein kinase kinase kinase 20,MGI:2443258,N,N
ENSMUSG00000026620,Mark1,MAP/microtubule affinity regulating kinase 1,MGI:2664902,N,N
ENSMUSG00000005534,Insr,insulin receptor,MGI:96575,N,N
ENSMUSG00000031012,Cask,calcium/calmodulin dependent serine protein kinase,MGI:1309489,N,N
ENSMUSG00000055523,Gucy2g,guanylate cyclase 2g,MGI:106025,Y,N
ENSMUSG00000032899,Styk1,serine/threonine/tyrosine kinase 1,MGI:2141396,N,N
ENSMUSG00000018166,Erbb3,erb-b2 receptor tyrosine kinase 3,MGI:95411,N,N
ENSMUSG00000027797,Dclk1,doublecortin-like kinase 1,MGI:1330861,N,N
ENSMUSG00000025358,Cdk2,cyclin dependent kinase 2,MGI:104772,N,N
ENSMUSG00000030774,Pak1,p21 (RAC1) activated kinase 1,MGI:1339975,N,N
ENSMUSG00000024576,Csnk1a1,"casein kinase 1, alpha 1",MGI:1934950,N,N
ENSMUSG00000024830,Rps6kb2,"ribosomal protein S6 kinase, polypeptide 2",MGI:1927343,Y,N
ENSMUSG00000024235,Map3k8,mitogen-activated protein kinase kinase kinase 8,MGI:1346878,N,N
ENSMUSG00000035305,Ror1,receptor tyrosine kinase-like orphan receptor 1,MGI:1347520,N,N
ENSMUSG00000024858,Grk2,G protein-coupled receptor kinase 2,MGI:87940,N,N
ENSMUSG00000001729,Akt1,thymoma viral proto-oncogene 1,MGI:87986,Y,Y
ENSMUSG00000022781,Pak2,p21 (RAC1) activated kinase 2,MGI:1339984,N,N
ENSMUSG00000026034,Clk1,CDC-like kinase 1,MGI:107403,N,N
ENSMUSG00000015599,Ttbk1,tau tubulin kinase 1,MGI:2147036,N,N
ENSMUSG00000028530,Jak1,Janus kinase 1,MGI:96628,N,N
ENSMUSG00000035390,Brsk1,BR serine/threonine kinase 1,MGI:2685946,N,N
ENSMUSG00000023972,Ptk7,PTK7 protein tyrosine kinase 7,MGI:1918711,N,N
ENSMUSG00000053158,Fes,feline sarcoma oncogene,MGI:95514,N,N
ENSMUSG00000029123,Stk32b,serine/threonine kinase 32B,MGI:1927552,N,N
ENSMUSG00000061751,Kalrn,"kalirin, RhoGEF kinase",MGI:2685385,N,N
ENSMUSG00000025665,Rps6ka6,ribosomal protein S6 kinase polypeptide 6,MGI:1914321,N,N
ENSMUSG00000042349,Ikbke,inhibitor of kappaB kinase epsilon,MGI:1929612,N,Y
ENSMUSG00000022836,Mylk,"myosin, light polypeptide kinase",MGI:894806,N,N
ENSMUSG00000002948,Map2k7,mitogen-activated protein kinase kinase 7,MGI:1346871,N,Y
ENSMUSG00000118668,Rps6ka4,"ribosomal protein S6 kinase, polypeptide 4",MGI:1930076,N,N
ENSMUSG00000024558,Mapk4,mitogen-activated protein kinase 4,MGI:2444559,N,N
ENSMUSG00000036273,Lrrk2,leucine-rich repeat kinase 2,MGI:1913975,N,N
ENSMUSG00000020366,Mapk9,mitogen-activated protein kinase 9,MGI:1346862,Y,Y
ENSMUSG00000026027,Stradb,STE20-related kinase adaptor beta,MGI:2144047,N,N
ENSMUSG00000063704,Mapk15,mitogen-activated protein kinase 15,MGI:2652894,N,N
ENSMUSG00000042249,Grk3,G protein-coupled receptor kinase 3,MGI:87941,N,N
ENSMUSG00000021044,Adck1,aarF domain containing kinase 1,MGI:1919363,N,N
ENSMUSG00000006445,Epha2,Eph receptor A2,MGI:95278,N,N
ENSMUSG00000021936,Mapk8,mitogen-activated protein kinase 8,MGI:1346861,Y,Y
ENSMUSG00000055254,Ntrk2,"neurotrophic tyrosine kinase, receptor, type 2",MGI:97384,N,N
ENSMUSG00000089872,Rps6kc1,ribosomal protein S6 kinase polypeptide 1,MGI:2443419,N,N
ENSMUSG00000075590,Nrbp2,nuclear receptor binding protein 2,MGI:2385017,N,N
ENSMUSG00000041297,Cdk13,cyclin dependent kinase 13,MGI:1916812,N,N
ENSMUSG00000029245,Epha5,Eph receptor A5,MGI:99654,N,N
ENSMUSG00000031853,Map3k21,mitogen-activated protein kinase kinase kinase 21,MGI:2385307,N,N
ENSMUSG00000021796,Bmpr1a,"bone morphogenetic protein receptor, type 1A",MGI:1338938,N,N
ENSMUSG00000031065,Cdk16,cyclin dependent kinase 16,MGI:97516,N,N
ENSMUSG00000028876,Epha10,Eph receptor A10,MGI:3586824,N,N
ENSMUSG00000071369,Map3k5,mitogen-activated protein kinase kinase kinase 5,MGI:1346876,N,Y
ENSMUSG00000024617,Camk2a,calcium/calmodulin-dependent protein kinase II alpha,MGI:88256,N,Y
ENSMUSG00000042638,Gucy2c,guanylate cyclase 2c,MGI:106903,Y,N
ENSMUSG00000042608,Stk40,serine/threonine kinase 40,MGI:1921428,N,N
ENSMUSG00000052430,Bmpr1b,"bone morphogenetic protein receptor, type 1B",MGI:107191,N,N
ENSMUSG00000026023,Cdk15,cyclin dependent kinase 15,MGI:3583944,N,N
ENSMUSG00000007411,Mark3,MAP/microtubule affinity regulating kinase 3,MGI:1341865,N,N
ENSMUSG00000017376,Nlk,nemo like kinase,MGI:1201387,N,N
ENSMUSG00000032537,Ephb1,Eph receptor B1,MGI:1096337,N,N
ENSMUSG00000019970,Sgk1,serum/glucocorticoid regulated kinase 1,MGI:1340062,N,N
ENSMUSG00000024290,Rock1,Rho-associated coiled-coil containing protein kinase 1,MGI:107927,N,Y
ENSMUSG00000021279,Cdc42bpb,CDC42 binding protein kinase beta,MGI:2136459,N,N
ENSMUSG00000026622,Nek2,NIMA (never in mitosis gene a)-related expressed kinase 2,MGI:109359,N,N
ENSMUSG00000027646,Src,Rous sarcoma oncogene,MGI:98397,N,Y
ENSMUSG00000030849,Fgfr2,fibroblast growth factor receptor 2,MGI:95523,Y,N
ENSMUSG00000052854,Nrk,Nik related kinase,MGI:1351326,N,N
ENSMUSG00000046707,Csnk2a2,"casein kinase 2, alpha prime polypeptide",MGI:88547,N,N
ENSMUSG00000020385,Clk4,CDC like kinase 4,MGI:1098551,N,N
ENSMUSG00000033352,Map2k4,mitogen-activated protein kinase kinase 4,MGI:1346869,N,Y
ENSMUSG00000024042,Sik1,salt inducible kinase 1,MGI:104754,N,N
ENSMUSG00000018334,Ksr1,kinase suppressor of ras 1,MGI:105051,N,N
ENSMUSG00000095930,Nim1k,NIM1 serine/threonine protein kinase,MGI:2442399,N,N
ENSMUSG00000028289,Epha7,Eph receptor A7,MGI:95276,N,N
ENSMUSG00000005251,Ripk4,receptor-interacting serine-threonine kinase 4,MGI:1919638,N,N
ENSMUSG00000058444,Map2k5,mitogen-activated protein kinase kinase 5,MGI:1346345,N,N
ENSMUSG00000028284,Map3k7,mitogen-activated protein kinase kinase kinase 7,MGI:1346877,N,Y
ENSMUSG00000020389,Cdkl3,cyclin dependent kinase like 3,MGI:2388268,N,N
ENSMUSG00000004591,Pkn2,protein kinase N2,MGI:109211,N,N
ENSMUSG00000062604,Srpk2,serine/arginine-rich protein specific kinase 2,MGI:1201408,N,N
ENSMUSG00000026584,Scyl3,SCY1-like 3 (S. cerevisiae),MGI:1921385,N,N
ENSMUSG00000042567,Nek10,NIMA (never in mitosis gene a)- related kinase 10,MGI:2685128,N,N
ENSMUSG00000024969,Mark2,MAP/microtubule affinity regulating kinase 2,MGI:99638,N,N
ENSMUSG00000057230,Aak1,AP2 associated kinase 1,MGI:1098687,N,N
ENSMUSG00000042228,Lyn,"LYN proto-oncogene, Src family tyrosine kinase",MGI:96892,N,Y
ENSMUSG00000060794,Tssk5,testis-specific serine kinase 5,MGI:1920792,N,N
ENSMUSG00000078365,Mos,Moloney sarcoma oncogene,MGI:97052,N,N
ENSMUSG00000016179,Camk1g,calcium/calmodulin-dependent protein kinase I gamma,MGI:2388073,N,N
ENSMUSG00000005320,Fgfr4,fibroblast growth factor receptor 4,MGI:95525,N,N
ENSMUSG00000001127,Araf,"Araf proto-oncogene, serine/threonine kinase",MGI:88065,N,N
ENSMUSG00000034761,Map4k5,mitogen-activated protein kinase kinase kinase kinase 5,MGI:1925503,N,N
ENSMUSG00000026779,Mastl,microtubule associated serine/threonine kinase-like,MGI:1914371,N,N
ENSMUSG00000034135,Sik3,SIK family kinase 3,MGI:2446296,N,N
ENSMUSG00000035032,Nek11,NIMA (never in mitosis gene a)-related expressed kinase 11,MGI:2442276,N,N
ENSMUSG00000026575,Nme7,NME/NM23 family member 7,MGI:2449121,Y,N
ENSMUSG00000057177,Gsk3a,glycogen synthase kinase 3 alpha,MGI:2152453,N,N
ENSMUSG00000000441,Raf1,v-raf-leukemia viral oncogene 1,MGI:97847,Y,Y
ENSMUSG00000020580,Rock2,Rho-associated coiled-coil containing protein kinase 2,MGI:107926,N,Y
ENSMUSG00000074886,Grk6,G protein-coupled receptor kinase 6,MGI:1347078,N,N
ENSMUSG00000033885,Pxk,PX domain containing serine/threonine kinase,MGI:1289230,N,N
ENSMUSG00000009185,Ccl8,C-C motif chemokine ligand 8,MGI:101878,N,N
ENSMUSG00000024620,Pdgfrb,"platelet derived growth factor receptor, beta polypeptide",MGI:97531,Y,N
ENSMUSG00000024621,Csf1r,colony stimulating factor 1 receptor,MGI:1339758,N,N
ENSMUSG00000031155,Pim2,proviral integration site 2,MGI:97587,N,N
ENSMUSG00000050271,Prag1,PEAK1 related kinase activating pseudokinase 1,MGI:1196223,N,N
ENSMUSG00000032571,Pik3r4,phosphoinositide-3-kinase regulatory subunit 4,MGI:1922919,N,N
ENSMUSG00000017868,Sgk2,serum/glucocorticoid regulated kinase 2,MGI:1351318,N,N
ENSMUSG00000069089,Cdk7,cyclin dependent kinase 7,MGI:102956,N,N
ENSMUSG00000026842,Abl1,"c-abl oncogene 1, non-receptor tyrosine kinase",MGI:87859,N,N
ENSMUSG00000035486,Plk5,polo like kinase 5,MGI:3026984,N,N
ENSMUSG00000031392,Irak1,interleukin-1 receptor-associated kinase 1,MGI:107420,N,Y
ENSMUSG00000005034,Prkacb,"protein kinase, cAMP dependent, catalytic, beta",MGI:97594,N,N
ENSMUSG00000018209,Stk4,serine/threonine kinase 4,MGI:1929004,N,N
ENSMUSG00000041135,Ripk2,receptor (TNFRSF)-interacting serine-threonine kinase 2,MGI:1891456,N,N
ENSMUSG00000027692,Tnik,TRAF2 and NCK interacting kinase,MGI:1916264,N,N
ENSMUSG00000030110,Ret,ret proto-oncogene,MGI:97902,Y,N
ENSMUSG00000004054,Map3k11,mitogen-activated protein kinase kinase kinase 11,MGI:1346880,N,N
ENSMUSG00000032384,Csnk1g1,"casein kinase 1, gamma 1",MGI:2660884,N,N
ENSMUSG00000061288,Taok3,TAO kinase 3,MGI:3041177,N,N
ENSMUSG00000032500,Dclk3,doublecortin-like kinase 3,MGI:3039580,N,N
ENSMUSG00000032380,Dapk2,death-associated protein kinase 2,MGI:1341297,N,N
ENSMUSG00000029833,Trim24,tripartite motif-containing 24,MGI:109275,N,N
ENSMUSG00000031833,Mast3,microtubule associated serine/threonine kinase 3,MGI:2683541,N,N
ENSMUSG00000003345,Csnk1g2,"casein kinase 1, gamma 2",MGI:1920014,N,N
ENSMUSG00000021363,Mak,male germ cell-associated kinase,MGI:96913,N,N
ENSMUSG00000024941,Scyl1,SCY1-like 1 (S. cerevisiae),MGI:1931787,N,N
ENSMUSG00000003534,Ddr1,"discoidin domain receptor family, member 1",MGI:99216,N,N
ENSMUSG00000035683,Melk,maternal embryonic leucine zipper kinase,MGI:106924,N,N
ENSMUSG00000024769,Cdc42bpg,CDC42 binding protein kinase gamma,MGI:2652845,N,N
ENSMUSG00000024079,Eif2ak2,eukaryotic translation initiation factor 2-alpha kinase 2,MGI:1353449,N,N
ENSMUSG00000035725,Prkx,"protein kinase, X-linked",MGI:1309999,N,N
ENSMUSG00000061436,Hipk2,homeodomain interacting protein kinase 2,MGI:1314872,N,N
ENSMUSG00000024070,Prkd3,protein kinase D3,MGI:1922542,N,N
ENSMUSG00000024948,Map4k2,mitogen-activated protein kinase kinase kinase kinase 2,MGI:1346883,N,N
ENSMUSG00000041245,Wnk3,WNK lysine deficient protein kinase 3,MGI:2652875,N,N
ENSMUSG00000026674,Ddr2,"discoidin domain receptor family, member 2",MGI:1345277,N,N
ENSMUSG00000031805,Jak3,Janus kinase 3,MGI:99928,N,N
ENSMUSG00000002413,Braf,Braf transforming gene,MGI:88190,N,N
ENSMUSG00000037159,Wee2,WEE1 homolog 2 (S. pombe),MGI:3027899,N,N
ENSMUSG00000024014,Pim1,proviral integration site 1,MGI:97584,N,N
ENSMUSG00000007613,Tgfbr1,"transforming growth factor, beta receptor I",MGI:98728,N,N
ENSMUSG00000037643,Prkci,"protein kinase C, iota",MGI:99260,N,N
ENSMUSG00000062209,Erbb4,erb-b2 receptor tyrosine kinase 4,MGI:104771,N,N
ENSMUSG00000022433,Csnk1e,"casein kinase 1, epsilon",MGI:1351660,N,N
ENSMUSG00000020227,Irak3,interleukin-1 receptor-associated kinase 3,MGI:1921164,N,N
ENSMUSG00000034663,Bmp2k,BMP2 inducible kinase,MGI:2155456,N,N
ENSMUSG00000019843,Fyn,Fyn proto-oncogene,MGI:95602,N,Y
ENSMUSG00000020190,Mknk2,MAP kinase-interacting serine/threonine kinase 2,MGI:894279,N,N
ENSMUSG00000037885,Stk35,serine/threonine kinase 35,MGI:1914583,N,N
ENSMUSG00000007591,Tssk4,testis-specific serine kinase 4,MGI:1918349,N,N
ENSMUSG00000045038,Prkce,"protein kinase C, epsilon",MGI:97599,N,Y
ENSMUSG00000029334,Prkg2,"protein kinase, cGMP-dependent, type II",MGI:108173,N,N
ENSMUSG00000039725,Trp53rka,transformation related protein 53 regulating kinase A,MGI:1918294,N,N
ENSMUSG00000022221,Ripk3,receptor-interacting serine-threonine kinase 3,MGI:2154952,N,N
ENSMUSG00000021108,Prkch,"protein kinase C, eta",MGI:97600,N,N
ENSMUSG00000027177,Hipk3,homeodomain interacting protein kinase 3,MGI:1314882,N,N
ENSMUSG00000020451,Limk2,LIM domain kinase 2,MGI:1197517,N,N
ENSMUSG00000021959,Lats2,large tumor suppressor 2,MGI:1354386,N,N
ENSMUSG00000023047,Amhr2,anti-Mullerian hormone type 2 receptor,MGI:105062,N,N
ENSMUSG00000030867,Plk1,polo like kinase 1,MGI:97621,N,N
ENSMUSG00000022791,Tnk2,"tyrosine kinase, non-receptor, 2",MGI:1858308,N,N
ENSMUSG00000026393,Nek7,NIMA (never in mitosis gene a)-related expressed kinase 7,MGI:1890645,N,N
ENSMUSG00000020715,Ern1,endoplasmic reticulum to nucleus signalling 1,MGI:1930134,N,Y
ENSMUSG00000042854,Trp53rkb,transformation related protein 53 regulating kinase B,MGI:1914050,N,N
ENSMUSG00000035027,Map2k2,mitogen-activated protein kinase kinase 2,MGI:1346867,Y,Y
ENSMUSG00000020516,Rps6kb1,"ribosomal protein S6 kinase, polypeptide 1",MGI:1270849,Y,N
ENSMUSG00000034974,Dapk3,death-associated protein kinase 3,MGI:1203520,N,N
ENSMUSG00000030866,Ern2,endoplasmic reticulum to nucleus signalling 2,MGI:1349436,N,N
ENSMUSG00000013629,Cad,"carbamoyl-phosphate synthetase 2, aspartate transcarbamylase, and dihydroorotase",MGI:1916969,Y,N
ENSMUSG00000052889,Prkcb,"protein kinase C, beta",MGI:97596,Y,Y
ENSMUSG00000023050,Map3k12,mitogen-activated protein kinase kinase kinase 12,MGI:1346881,N,N
ENSMUSG00000004933,Matk,megakaryocyte-associated tyrosine kinase,MGI:99259,N,N
ENSMUSG00000003810,Mast2,microtubule associated serine/threonine kinase 2,MGI:894676,N,N
ENSMUSG00000045962,Wnk1,WNK lysine deficient protein kinase 1,MGI:2442092,N,N
ENSMUSG00000010342,Tex14,testis expressed gene 14 intercellular bridge forming factor,MGI:1933227,N,N
ENSMUSG00000033862,Cdk10,cyclin dependent kinase 10,MGI:2448549,N,N
ENSMUSG00000021483,Cdk20,cyclin dependent kinase 20,MGI:2145349,N,N
ENSMUSG00000019942,Cdk1,cyclin dependent kinase 1,MGI:88351,N,N
ENSMUSG00000040936,Ulk4,unc-51-like kinase 4,MGI:1921622,N,N
ENSMUSG00000021559,Dapk1,death associated protein kinase 1,MGI:1916885,N,N
ENSMUSG00000029148,Nrbp1,nuclear receptor binding protein 1,MGI:2183436,N,N
ENSMUSG00000021464,Ror2,receptor tyrosine kinase-like orphan receptor 2,MGI:1347521,N,N
ENSMUSG00000041566,Tssk1,testis-specific serine kinase 1,MGI:1347557,N,N
ENSMUSG00000045521,Tssk2,testis-specific serine kinase 2,MGI:1347559,N,N
ENSMUSG00000021754,Map3k1,mitogen-activated protein kinase kinase kinase 1,MGI:1346872,N,N
ENSMUSG00000035232,Pdk3,"pyruvate dehydrogenase kinase, isoenzyme 3",MGI:2384308,N,N
ENSMUSG00000050965,Prkca,"protein kinase C, alpha",MGI:97595,Y,Y
ENSMUSG00000037251,Pomk,protein-O-mannose kinase,MGI:1921903,N,N
ENSMUSG00000003068,Stk11,serine/threonine kinase 11,MGI:1341870,N,N
ENSMUSG00000027339,Rassf2,Ras association (RalGDS/AF-6) domain family member 2,MGI:2442060,N,N
ENSMUSG00000029674,Limk1,LIM domain kinase 1,MGI:104572,N,N
ENSMUSG00000019577,Pdk4,"pyruvate dehydrogenase kinase, isoenzyme 4",MGI:1351481,N,N
ENSMUSG00000053046,Brsk2,BR serine/threonine kinase 2,MGI:1923020,N,N
ENSMUSG00000029062,Cdk11b,cyclin dependent kinase 11B,MGI:88353,N,N
ENSMUSG00000004865,Srpk1,serine/arginine-rich protein specific kinase 1,MGI:106908,N,N
ENSMUSG00000005469,Prkaca,"protein kinase, cAMP dependent, catalytic, alpha",MGI:97592,N,N
ENSMUSG00000037989,Wnk2,WNK lysine deficient protein kinase 2,MGI:1922857,N,N
ENSMUSG00000040021,Lats1,large tumor suppressor,MGI:1333883,N,N
ENSMUSG00000002012,Pnck,pregnancy upregulated non-ubiquitously expressed CaM kinase,MGI:1347357,N,N
ENSMUSG00000032440,Tgfbr2,"transforming growth factor, beta receptor II",MGI:98729,N,N
ENSMUSG00000027496,Aurka,aurora kinase A,MGI:894678,N,N
ENSMUSG00000002007,Srpk3,serine/arginine-rich protein specific kinase 3,MGI:1891338,N,N
ENSMUSG00000053693,Mast1,microtubule associated serine/threonine kinase 1,MGI:1861901,N,N
ENSMUSG00000060477,Irak2,interleukin-1 receptor-associated kinase 2,MGI:2429603,N,N
ENSMUSG00000008730,Hipk1,homeodomain interacting protein kinase 1,MGI:1314873,N,N
ENSMUSG00000032316,Clk3,CDC-like kinase 3,MGI:1098670,N,N
ENSMUSG00000028518,Prkaa2,"protein kinase, AMP-activated, alpha 2 catalytic subunit",MGI:1336173,N,N
ENSMUSG00000075598,Smok3c,sperm motility kinase 3C,MGI:3647925,N,N
ENSMUSG00000015981,Stk32c,serine/threonine kinase 32C,MGI:2385336,N,N
ENSMUSG00000020827,Mink1,misshapen-like kinase 1 (zebrafish),MGI:1355329,N,N
ENSMUSG00000025854,Fam20c,"FAM20C, golgi associated secretory pathway kinase",MGI:2136853,N,N
ENSMUSG00000005566,Trim28,tripartite motif-containing 28,MGI:109274,N,N
ENSMUSG00000028072,Ntrk1,"neurotrophic tyrosine kinase, receptor, type 1",MGI:97383,Y,N
ENSMUSG00000020623,Map2k6,mitogen-activated protein kinase kinase 6,MGI:1346870,N,Y
ENSMUSG00000027931,Npr1,natriuretic peptide receptor 1,MGI:97371,Y,N
ENSMUSG00000039913,Pak5,p21 (RAC1) activated kinase 5,MGI:1920334,N,N
ENSMUSG00000020032,Nuak1,"NUAK family, SNF1-like kinase, 1",MGI:1925226,N,N
ENSMUSG00000070837,Aurkc,aurora kinase C,MGI:1321119,N,N
ENSMUSG00000025758,Plk4,polo like kinase 4,MGI:101783,N,N
ENSMUSG00000028756,Pink1,PTEN induced putative kinase 1,MGI:1916193,N,N
ENSMUSG00000036737,Oxsr1,oxidative-stress responsive 1,MGI:1917378,N,N
ENSMUSG00000000530,Acvrl1,"activin A receptor, type II-like 1",MGI:1338946,N,N
ENSMUSG00000031565,Fgfr1,fibroblast growth factor receptor 1,MGI:95522,Y,N
ENSMUSG00000000532,Acvr1b,"activin A receptor, type 1B",MGI:1338944,N,N
ENSMUSG00000030272,Camk1,calcium/calmodulin-dependent protein kinase I,MGI:1098535,N,N
ENSMUSG00000039533,Mmd2,monocyte to macrophage differentiation-associated 2,MGI:1922354,N,N
ENSMUSG00000023809,Rps6ka2,"ribosomal protein S6 kinase, polypeptide 2",MGI:1342290,N,N
ENSMUSG00000005640,Insrr,insulin receptor-related receptor,MGI:1346037,N,N
ENSMUSG00000070348,Ccnd1,cyclin D1,MGI:88313,N,N
ENSMUSG00000062044,Lmtk3,lemur tyrosine kinase 3,MGI:3039582,N,N
ENSMUSG00000009772,Nuak2,"NUAK family, SNF1-like kinase, 2",MGI:1921387,N,N
ENSMUSG00000028708,Mknk1,MAP kinase-interacting serine/threonine kinase 1,MGI:894316,N,N
ENSMUSG00000004936,Map2k1,mitogen-activated protein kinase kinase 1,MGI:1346866,Y,Y
ENSMUSG00000025537,Phkg1,phosphorylase kinase gamma 1,MGI:97579,N,N
ENSMUSG00000003762,Coq8b,coenzyme Q8B,MGI:1924139,N,N
ENSMUSG00000032257,Ankk1,ankyrin repeat and kinase domain containing 1,MGI:3045301,N,N
ENSMUSG00000040424,Hipk4,homeodomain interacting protein kinase 4,MGI:2685008,N,N
ENSMUSG00000020785,Camkk1,"calcium/calmodulin-dependent protein kinase kinase 1, alpha",MGI:1891766,N,N
ENSMUSG00000026074,Map4k4,mitogen-activated protein kinase kinase kinase kinase 4,MGI:1349394,N,N
ENSMUSG00000068917,Clk2,CDC-like kinase 2,MGI:1098669,N,N
ENSMUSG00000050107,Haspin,histone H3 associated protein kinase,MGI:1194498,N,N
ENSMUSG00000005102,Eif2ak4,eukaryotic translation initiation factor 2 alpha kinase 4,MGI:1353427,N,N
ENSMUSG00000063410,Stk24,serine/threonine kinase 24,MGI:2385007,N,N
ENSMUSG00000029869,Ephb6,Eph receptor B6,MGI:1096338,N,N
ENSMUSG00000020122,Egfr,epidermal growth factor receptor,MGI:95294,Y,N
ENSMUSG00000040084,Bub1b,"BUB1B, mitotic checkpoint serine/threonine kinase",MGI:1333889,N,N
ENSMUSG00000057280,Musk,"muscle, skeletal, receptor tyrosine kinase",MGI:103581,N,N
ENSMUSG00000021820,Camk2g,calcium/calmodulin-dependent protein kinase II gamma,MGI:88259,N,Y
ENSMUSG00000002409,Dyrk1b,dual-specificity tyrosine phosphorylation regulated kinase 1b,MGI:1330302,N,N
ENSMUSG00000032584,Mst1r,macrophage stimulating 1 receptor (c-met-related tyrosine kinase),MGI:99614,N,N
ENSMUSG00000032936,Camkv,CaM kinase-like vesicle-associated,MGI:2384296,N,N
ENSMUSG00000063065,Mapk3,mitogen-activated protein kinase 3,MGI:1346859,Y,Y
ENSMUSG00000035042,Ccl5,C-C motif chemokine ligand 5,MGI:98262,N,Y
ENSMUSG00000000982,Ccl3,C-C motif chemokine ligand 3,MGI:98260,N,Y
ENSMUSG00000052155,Acvr2a,activin receptor IIA,MGI:102806,N,N
ENSMUSG00000061393,Acvr2b,activin receptor IIB,MGI:87912,N,N
ENSMUSG00000059981,Taok2,TAO kinase 2,MGI:1915919,N,N
ENSMUSG00000020941,Map3k14,mitogen-activated protein kinase kinase kinase 14,MGI:1858204,N,N
ENSMUSG00000033276,Stk36,serine/threonine kinase 36,MGI:1920831,N,N
ENSMUSG00000028680,Plk3,polo like kinase 3,MGI:109604,N,N
ENSMUSG00000029710,Ephb4,Eph receptor B4,MGI:104757,N,N
ENSMUSG00000026201,Stk16,serine/threonine kinase 16,MGI:1313271,N,N
ENSMUSG00000038976,Ppp1r9b,"protein phosphatase 1, regulatory subunit 9B",MGI:2387581,N,N
ENSMUSG00000038967,Pdk2,"pyruvate dehydrogenase kinase, isoenzyme 2",MGI:1343087,N,N
ENSMUSG00000023908,Pkmyt1,"protein kinase, membrane associated tyrosine/threonine 1",MGI:2137630,N,N
ENSMUSG00000026834,Acvr1c,"activin A receptor, type IC",MGI:2661081,N,N
ENSMUSG00000026836,Acvr1,"activin A receptor, type 1",MGI:87911,N,N
ENSMUSG00000024122,Pdpk1,3-phosphoinositide dependent protein kinase 1,MGI:1338068,Y,Y
ENSMUSG00000030433,Sbk2,"SH3-binding domain kinase family, member 2",MGI:2685925,N,N
ENSMUSG00000053436,Mapk14,mitogen-activated protein kinase 14,MGI:1346865,N,Y
ENSMUSG00000004864,Mapk13,mitogen-activated protein kinase 13,MGI:1346864,N,Y
ENSMUSG00000057672,Pkn1,protein kinase N1,MGI:108022,N,N
ENSMUSG00000001583,Tnk1,"tyrosine kinase, non-receptor, 1",MGI:1930958,N,N
ENSMUSG00000024006,Stk38,serine/threonine kinase 38,MGI:2442572,N,N
ENSMUSG00000025375,Aatk,apoptosis-associated tyrosine kinase,MGI:1197518,N,N
ENSMUSG00000028469,Npr2,natriuretic peptide receptor 2,MGI:97372,Y,N
ENSMUSG00000032175,Tyk2,tyrosine kinase 2,MGI:1929470,N,N
ENSMUSG00000028458,Tesk1,testis specific protein kinase 1,MGI:1201675,N,N
ENSMUSG00000061578,Ksr2,kinase suppressor of ras 2,MGI:3610315,N,N
ENSMUSG00000062132,Arhgap33os,"Rho GTPase activating protein 33, opposite strand",MGI:2685928,N,N
ENSMUSG00000026437,Cdk18,cyclin dependent kinase 18,MGI:97518,N,N
ENSMUSG00000027379,Bub1,"BUB1, mitotic checkpoint serine/threonine kinase",MGI:1100510,N,N
ENSMUSG00000028078,Dclk2,doublecortin-like kinase 2,MGI:1918012,N,N
ENSMUSG00000054252,Fgfr3,fibroblast growth factor receptor 3,MGI:95524,Y,N
ENSMUSG00000040086,Tnni3k,TNNI3 interacting kinase,MGI:2443276,N,N
ENSMUSG00000020700,Map3k3,mitogen-activated protein kinase kinase kinase 3,MGI:1346874,N,N
ENSMUSG00000069631,Strada,STE20-related kinase adaptor alpha,MGI:1919399,N,N
ENSMUSG00000026596,Abl2,"ABL proto-oncogene 2, non-receptor tyrosine kinase",MGI:87860,N,N
ENSMUSG00000041187,Prkd2,protein kinase D2,MGI:2141917,N,N
ENSMUSG00000017405,Nek8,NIMA (never in mitosis gene a)-related expressed kinase 8,MGI:1890646,N,N
ENSMUSG00000030397,Mark4,MAP/microtubule affinity regulating kinase 4,MGI:1920955,N,N
ENSMUSG00000037593,Rskr,ribosomal protein S6 kinase related,MGI:2652869,N,N
ENSMUSG00000075599,Smok3a,sperm motility kinase 3A,MGI:3693943,N,N
ENSMUSG00000079156,Smok3b,sperm motility kinase 3B,MGI:3615348,N,N
ENSMUSG00000029516,Cit,citron,MGI:105313,N,N
ENSMUSG00000026117,Zap70,zeta-chain (TCR) associated protein kinase,MGI:99613,N,N
ENSMUSG00000042046,Dstyk,dual serine/threonine and tyrosine protein kinase,MGI:1925064,N,N
ENSMUSG00000069539,Scyl2,SCY1-like 2 (S. cerevisiae),MGI:1289172,N,N
ENSMUSG00000030602,Pak4,p21 (RAC1) activated kinase 4,MGI:1917834,N,N
ENSMUSG00000038970,Lmtk2,lemur tyrosine kinase 2,MGI:3036247,N,N
ENSMUSG00000026274,Pask,PAS domain containing serine/threonine kinase,MGI:2155936,N,N
ENSMUSG00000026277,Stk25,serine/threonine kinase 25 (yeast),MGI:1891699,N,N
ENSMUSG00000002205,Vrk3,vaccinia related kinase 3,MGI:2182465,N,N
ENSMUSG00000026667,Uhmk1,U2AF homology motif (UHM) kinase 1,MGI:1341908,N,N
ENSMUSG00000016528,Mapkapk2,MAP kinase-activated protein kinase 2,MGI:109298,N,N
ENSMUSG00000016526,Dyrk3,dual-specificity tyrosine phosphorylation regulated kinase 3,MGI:1330300,N,N
ENSMUSG00000014932,Yes1,"YES proto-oncogene 1, Src family tyrosine kinase",MGI:99147,N,N
ENSMUSG00000009555,Cdk9,cyclin dependent kinase 9,MGI:1328368,N,N
ENSMUSG00000029454,Mapkapk5,MAP kinase-activated protein kinase 5,MGI:1333110,N,N
ENSMUSG00000030890,Ilk,integrin linked kinase,MGI:1195267,N,N
ENSMUSG00000037727,Avp,arginine vasopressin,MGI:88121,N,N
ENSMUSG00000030345,Dyrk4,dual-specificity tyrosine phosphorylation regulated kinase 4,MGI:1330292,N,N
ENSMUSG00000029512,Ulk1,unc-51 like kinase 1,MGI:1270126,N,N
ENSMUSG00000029521,Chek2,checkpoint kinase 2,MGI:1355321,N,N
ENSMUSG00000029471,Camkk2,"calcium/calmodulin-dependent protein kinase kinase 2, beta",MGI:2444812,N,N
ENSMUSG00000020897,Aurkb,aurora kinase B,MGI:107168,N,N
ENSMUSG00000020890,Gucy2e,guanylate cyclase 2e,MGI:105123,Y,N
ENSMUSG00000042688,Mapk6,mitogen-activated protein kinase 6,MGI:1354946,N,N
ENSMUSG00000009828,Cilk1,ciliogenesis associated kinase 1,MGI:1934157,N,N
ENSMUSG00000057897,Camk2b,"calcium/calmodulin-dependent protein kinase II, beta",MGI:88257,N,Y
ENSMUSG00000028874,Fgr,"FGR proto-oncogene, Src family tyrosine kinase",MGI:95527,N,N
ENSMUSG00000038145,Snrk,SNF related kinase,MGI:108104,N,N
ENSMUSG00000032547,Ryk,receptor-like tyrosine kinase,MGI:101766,N,N
ENSMUSG00000020357,Flt4,FMS-like tyrosine kinase 4,MGI:95561,N,N
ENSMUSG00000000411,Tssk3,testis-specific serine kinase 3,MGI:1929914,N,N
ENSMUSG00000000409,Lck,lymphocyte protein tyrosine kinase,MGI:96756,N,N
ENSMUSG00000046709,Mapk10,mitogen-activated protein kinase 10,MGI:1346863,Y,Y
ENSMUSG00000003644,Rps6ka1,ribosomal protein S6 kinase polypeptide 1,MGI:104558,N,N
ENSMUSG00000050890,Pdik1l,PDLIM1 interacting kinase 1 like,MGI:2385213,N,N
ENSMUSG00000028862,Map3k6,mitogen-activated protein kinase kinase kinase 6,MGI:1855691,N,N
ENSMUSG00000020694,Tlk2,tousled-like kinase 2 (Arabidopsis),MGI:1346023,N,N
ENSMUSG00000090100,Ttbk2,tau tubulin kinase 2,MGI:2155779,N,N
ENSMUSG00000004056,Akt2,thymoma viral proto-oncogene 2,MGI:104874,Y,Y
ENSMUSG00000040390,Map3k10,mitogen-activated protein kinase kinase kinase 10,MGI:1346879,N,N
ENSMUSG00000067336,Bmpr2,bone morphogenetic protein receptor type 2,MGI:1095407,N,N
ENSMUSG00000026785,Pkn3,protein kinase N3,MGI:2388285,N,N
ENSMUSG00000074698,Csnk2a1,"casein kinase 2, alpha 1 polypeptide",MGI:88543,N,N
ENSMUSG00000032715,Trib3,tribbles pseudokinase 3,MGI:1345675,N,N
ENSMUSG00000026207,Speg,SPEG complex locus,MGI:109282,N,N
ENSMUSG00000051747,Ttn,titin,MGI:98864,N,N
ENSMUSG00000025716,Myo3a,myosin IIIA,MGI:2183924,N,N
ENSMUSG00000030815,Phkg2,"phosphorylase kinase, gamma 2 (testis)",MGI:1916211,N,N
ENSMUSG00000026749,Nek6,NIMA (never in mitosis gene a)-related expressed kinase 6,MGI:1891638,N,N
ENSMUSG00000074003,Gucy2d,guanylate cyclase 2d,MGI:106030,Y,N
ENSMUSG00000028969,Cdk5,cyclin dependent kinase 5,MGI:101765,N,N
ENSMUSG00000029403,Cdkl2,cyclin dependent kinase like 2,MGI:1858227,N,N
ENSMUSG00000074923,Pak6,p21 (RAC1) activated kinase 6,MGI:2679420,N,N
ENSMUSG00000078816,Prkcg,"protein kinase C, gamma",MGI:97597,Y,Y
ENSMUSG00000003948,Mmd,monocyte to macrophage differentiation-associated,MGI:1914718,N,N
ENSMUSG00000085272,Sbk3,"SH3 domain binding kinase family, member 3",MGI:2685924,N,N
ENSMUSG00000025162,Csnk1d,"casein kinase 1, delta",MGI:1355272,N,N
ENSMUSG00000001034,Mapk7,mitogen-activated protein kinase 7,MGI:1346347,N,N
ENSMUSG00000027365,Trpm7,"transient receptor potential cation channel, subfamily M, member 7",MGI:1929996,N,N
ENSMUSG00000038751,Ptk6,PTK6 protein tyrosine kinase 6,MGI:99683,N,N
ENSMUSG00000027579,Srms,src-related kinase lacking C-terminal regulatory tyrosine and N-terminal myristylation sites,MGI:101865,N,N
ENSMUSG00000014361,Mertk,MER proto-oncogene tyrosine kinase,MGI:96965,N,N
ENSMUSG00000062070,Pgk1,phosphoglycerate kinase 1,MGI:97555,N,N
ENSMUSG00000032845,Alpk2,alpha-kinase 2,MGI:2449492,N,N
ENSMUSG00000002297,Dbf4,DBF4 zinc finger,MGI:1351328,N,N
ENSMUSG00000017631,Abr,active BCR-related gene,MGI:107771,N,N
ENSMUSG00000028028,Alpk1,alpha-kinase 1,MGI:1918731,N,N
ENSMUSG00000021428,Riok1,RIO kinase 1,MGI:1918590,N,N
ENSMUSG00000024404,Riok3,RIO kinase 3,MGI:1914128,N,N
ENSMUSG00000022504,Ciita,class II transactivator,MGI:108445,N,N
ENSMUSG00000038763,Alpk3,alpha-kinase 3,MGI:2151224,N,N
ENSMUSG00000009681,Bcr,BCR activator of RhoGEF and GTPase,MGI:88141,N,N
ENSMUSG00000030655,Smg1,SMG1 nonsense mediated mRNA decay associated PI3K related kinase,MGI:1919742,N,N
ENSMUSG00000070544,Top1,topoisomerase (DNA) I,MGI:98788,N,N
ENSMUSG00000024335,Brd2,bromodomain containing 2,MGI:99495,N,N
ENSMUSG00000039745,Htatip2,HIV-1 Tat interactive protein 2,MGI:1859271,N,N
ENSMUSG00000031314,Taf1,TATA-box binding protein associated factor 1,MGI:1336878,N,N
ENSMUSG00000024387,Csnk2b,"casein kinase 2, beta polypeptide",MGI:88548,N,N
ENSMUSG00000035064,Eef2k,eukaryotic elongation factor-2 kinase,MGI:1195261,N,N
ENSMUSG00000020573,Pik3cg,"phosphatidylinositol-4,5-bisphosphate 3-kinase catalytic subunit gamma",MGI:1353576,Y,N
ENSMUSG00000028228,Cpne3,copine III,MGI:1917818,N,N
ENSMUSG00000027665,Pik3ca,"phosphatidylinositol-4,5-bisphosphate 3-kinase catalytic subunit alpha",MGI:1206581,Y,Y
ENSMUSG00000025949,Pikfyve,"phosphoinositide kinase, FYVE type zinc finger containing",MGI:1335106,Y,N
ENSMUSG00000060180,Myh13,"myosin, heavy polypeptide 13, skeletal muscle",MGI:1339967,N,N
ENSMUSG00000040325,Dcaf1,DDB1 and CUL4 associated factor 1,MGI:2445220,N,N
ENSMUSG00000028959,Fastk,Fas-activated serine/threonine kinase,MGI:1913837,N,N
ENSMUSG00000001999,Blvra,biliverdin reductase A,MGI:88170,Y,N
ENSMUSG00000024867,Pip5k1b,"phosphatidylinositol-4-phosphate 5-kinase, type 1 beta",MGI:107930,Y,N
ENSMUSG00000036551,Akap14,A kinase anchor protein 14,MGI:3618288,N,N
ENSMUSG00000020258,Glyctk,glycerate kinase,MGI:2444085,Y,Y
ENSMUSG00000027296,Itpka,"inositol 1,4,5-trisphosphate 3-kinase A",MGI:1333822,Y,N
ENSMUSG00000029735,Tpk1,thiamine pyrophosphokinase,MGI:1352500,Y,N
ENSMUSG00000041417,Pik3r1,phosphoinositide-3-kinase regulatory subunit 1,MGI:97583,Y,Y
ENSMUSG00000039936,Pik3cd,"phosphatidylinositol-4,5-bisphosphate 3-kinase catalytic subunit delta",MGI:1098211,Y,Y
ENSMUSG00000035891,Cerk,ceramide kinase,MGI:2386052,Y,Y
ENSMUSG00000033610,Pank1,pantothenate kinase 1,MGI:1922985,N,N
ENSMUSG00000021385,Ippk,"inositol 1,3,4,5,6-pentakisphosphate 2-kinase",MGI:1922928,Y,N
ENSMUSG00000030275,Etnk1,ethanolamine kinase 1,MGI:1922570,Y,Y
ENSMUSG00000039058,Ak5,adenylate kinase 5,MGI:2677491,Y,N
ENSMUSG00000050089,Akap4,A kinase anchor protein 4,MGI:102794,N,N
ENSMUSG00000062248,Cks2,CDC28 protein kinase regulatory subunit 2,MGI:1913447,N,N
ENSMUSG00000091415,Ak9,adenylate kinase 9,MGI:2685080,Y,N
ENSMUSG00000020766,Galk1,galactokinase 1,MGI:95730,Y,N
ENSMUSG00000053624,Gykl1,glycerol kinase-like 1,MGI:891990,Y,Y
ENSMUSG00000026662,Sephs1,selenophosphate synthetase 1,MGI:1923580,Y,N
ENSMUSG00000035878,Hykk,hydroxylysine kinase 1,MGI:2443139,N,N
ENSMUSG00000025007,Aldh18a1,"aldehyde dehydrogenase 18 family, member A1",MGI:1888908,Y,N
ENSMUSG00000025417,Pip4k2c,"phosphatidylinositol-5-phosphate 4-kinase, type II, gamma",MGI:2152214,Y,N
ENSMUSG00000022617,Chkb,choline kinase beta,MGI:1328313,Y,Y
ENSMUSG00000092305,Prps1l1,phosphoribosyl pyrophosphate synthetase 1-like 1,MGI:1922706,Y,N
ENSMUSG00000000628,Hk2,hexokinase 2,MGI:1315197,Y,N
ENSMUSG00000033703,Fcsk,fucose kinase,MGI:1916071,Y,N
ENSMUSG00000004221,Ikbkg,inhibitor of kappaB kinase gamma,MGI:1338074,N,Y
ENSMUSG00000026807,Ak8,adenylate kinase 8,MGI:1916120,Y,N
ENSMUSG00000025178,Pi4k2a,phosphatidylinositol 4-kinase type 2 alpha,MGI:1934031,Y,N
ENSMUSG00000038855,Itpkb,"inositol 1,4,5-trisphosphate 3-kinase B",MGI:109235,Y,N
ENSMUSG00000036095,Dgkb,"diacylglycerol kinase, beta",MGI:2442474,Y,Y
ENSMUSG00000031432,Prps1,phosphoribosyl pyrophosphate synthetase 1,MGI:97775,Y,N
ENSMUSG00000034371,Tkfc,"triokinase, FMN cyclase",MGI:2385084,Y,Y
ENSMUSG00000060733,Ipmk,inositol polyphosphate multikinase,MGI:1916968,Y,N
ENSMUSG00000035476,Tab3,TGF-beta activated kinase 1/MAP3K7 binding protein 3,MGI:1913974,N,N
ENSMUSG00000014554,Dguok,deoxyguanosine kinase,MGI:1351602,Y,N
ENSMUSG00000021196,Pfkp,"phosphofructokinase, platelet",MGI:1891833,Y,N
ENSMUSG00000024712,Rfk,riboflavin kinase,MGI:1914688,Y,N
ENSMUSG00000041323,Ak7,adenylate kinase 7,MGI:1926051,Y,N
ENSMUSG00000031233,Pgk2,phosphoglycerate kinase 2,MGI:97563,N,N
ENSMUSG00000018846,Pank3,pantothenate kinase 3,MGI:2387464,N,N
ENSMUSG00000037847,Nmrk1,nicotinamide riboside kinase 1,MGI:2147434,Y,N
ENSMUSG00000022861,Dgkg,"diacylglycerol kinase, gamma",MGI:105060,Y,Y
ENSMUSG00000025059,Gk,glycerol kinase,MGI:106594,Y,Y
ENSMUSG00000028032,Papss1,3'-phosphoadenosine 5'-phosphosulfate synthase 1,MGI:1330587,Y,N
ENSMUSG00000004815,Dgkq,"diacylglycerol kinase, theta",MGI:102918,Y,Y
ENSMUSG00000034744,Nagk,N-acetylglucosamine kinase,MGI:1860418,Y,N
ENSMUSG00000021548,Ccnh,cyclin H,MGI:1913921,N,N
ENSMUSG00000001755,Coasy,Coenzyme A synthase,MGI:1918993,N,N
ENSMUSG00000028573,Fggy,FGGY carbohydrate kinase domain containing,MGI:1922828,N,N
ENSMUSG00000024210,Ip6k3,inositol hexaphosphate kinase 3,MGI:3045325,Y,N
ENSMUSG00000038587,Akap12,A kinase anchor protein 12,MGI:1932576,N,N
ENSMUSG00000033526,Ppip5k1,diphosphoinositol pentakisphosphate kinase 1,MGI:2443281,Y,N
ENSMUSG00000025742,Prps2,phosphoribosyl pyrophosphate synthetase 2,MGI:97776,Y,N
ENSMUSG00000000308,Ckmt1,"creatine kinase, mitochondrial 1, ubiquitous",MGI:99441,Y,N
ENSMUSG00000025236,Adpgk,ADP-dependent glucokinase,MGI:1919391,N,N
ENSMUSG00000041440,Gk5,glycerol kinase 5,MGI:2443336,N,N
ENSMUSG00000024843,Chka,choline kinase alpha,MGI:107760,Y,Y
ENSMUSG00000025357,Dgka,"diacylglycerol kinase, alpha",MGI:102952,Y,Y
ENSMUSG00000032294,Pkm,"pyruvate kinase, muscle",MGI:97591,Y,N
ENSMUSG00000034731,Dgkh,"diacylglycerol kinase, eta",MGI:2444188,Y,Y
ENSMUSG00000062393,Dgkk,diacylglycerol kinase kappa,MGI:3580254,Y,Y
ENSMUSG00000032601,Prkar2a,"protein kinase, cAMP dependent regulatory, type II alpha",MGI:108025,N,N
ENSMUSG00000028527,Ak4,adenylate kinase 4,MGI:87979,Y,N
ENSMUSG00000032462,Pik3cb,"phosphatidylinositol-4,5-bisphosphate 3-kinase catalytic subunit beta",MGI:1922019,Y,Y
ENSMUSG00000039197,Adk,adenosine kinase,MGI:87930,Y,N
ENSMUSG00000022253,Nadk2,"NAD kinase 2, mitochondrial",MGI:1915896,Y,N
ENSMUSG00000054115,Skp2,S-phase kinase-associated protein 2,MGI:1351663,N,N
ENSMUSG00000020638,Cmpk2,cytidine/uridine monophosphate kinase 2,MGI:99830,Y,N
ENSMUSG00000025648,Pfkfb4,"6-phosphofructo-2-kinase/fructose-2,6-biphosphatase 4",MGI:2687284,Y,N
ENSMUSG00000071654,Uqcc3,ubiquinol-cytochrome c reductase complex assembly factor 3,MGI:2147553,N,N
ENSMUSG00000057963,Itpk1,"inositol 1,3,4-triphosphate 5/6 kinase",MGI:2446159,Y,N
ENSMUSG00000024782,Ak3,adenylate kinase 3,MGI:1860835,Y,N
ENSMUSG00000021622,Ckmt2,"creatine kinase, mitochondrial 2",MGI:1923972,Y,N
ENSMUSG00000052373,Mpp3,"membrane protein, palmitoylated 3 (MAGUK p55 subfamily member 3)",MGI:1328354,N,N
ENSMUSG00000001270,Ckb,"creatine kinase, brain",MGI:88407,Y,N
ENSMUSG00000024899,Papss2,3'-phosphoadenosine 5'-phosphosulfate synthase 2,MGI:1330223,Y,N
ENSMUSG00000050002,Idnk,idnK gluconokinase homolog (E. coli),MGI:1922981,N,N
ENSMUSG00000032478,Nme6,NME/NM23 nucleoside diphosphate kinase 6,MGI:1861676,Y,N
ENSMUSG00000030660,Pik3c2a,phosphatidylinositol-4-phosphate 3-kinase catalytic subunit type 2 alpha,MGI:1203729,Y,N
ENSMUSG00000024045,Akap8,A kinase anchor protein 8,MGI:1928488,N,N
ENSMUSG00000030224,Strap,serine/threonine kinase receptor associated protein,MGI:1329037,N,N
ENSMUSG00000002625,Akap8l,A kinase anchor protein 8-like,MGI:1860606,N,N
ENSMUSG00000026447,Pik3c2b,phosphatidylinositol-4-phosphate 3-kinase catalytic subunit type 2 beta,MGI:2685045,Y,N
ENSMUSG00000041720,Pi4ka,phosphatidylinositol 4-kinase alpha,MGI:2448506,Y,N
ENSMUSG00000020901,Pik3r5,phosphoinositide-3-kinase regulatory subunit 5,MGI:2443588,N,N
ENSMUSG00000006262,Mob1b,MOB kinase activator 1B,MGI:1915723,N,N
ENSMUSG00000029366,Dck,deoxycytidine kinase,MGI:102726,Y,N
ENSMUSG00000063179,Pstk,phosphoseryl-tRNA kinase,MGI:2685945,Y,N
ENSMUSG00000025877,Hk3,hexokinase 3,MGI:2670962,Y,N
ENSMUSG00000024177,Nme4,NME/NM23 nucleoside diphosphate kinase 4,MGI:1931148,Y,N
ENSMUSG00000051146,Camk2n2,calcium/calmodulin-dependent protein kinase II inhibitor 2,MGI:1920297,N,N
ENSMUSG00000020277,Pfkl,"phosphofructokinase, liver, B-type",MGI:97547,Y,N
ENSMUSG00000033065,Pfkm,"phosphofructokinase, muscle",MGI:97548,Y,N
ENSMUSG00000079104,Prps1l3,phosphoribosyl pyrophosphate synthetase 1-like 3,MGI:3779453,Y,N
ENSMUSG00000048895,Cdk5r1,"cyclin dependent kinase 5, regulatory subunit 1",MGI:101764,N,N
ENSMUSG00000032788,Pdxk,"pyridoxal (pyridoxine, vitamin B6) kinase",MGI:1351869,Y,N
ENSMUSG00000021669,Cert1,ceramide transporter 1,MGI:1915268,N,N
ENSMUSG00000027952,Pmvk,phosphomevalonate kinase,MGI:1915853,N,N
ENSMUSG00000078941,Ak6,adenylate kinase 6,MGI:5510732,Y,N
ENSMUSG00000029186,Pi4k2b,phosphatidylinositol 4-kinase type 2 beta,MGI:1914323,Y,N
ENSMUSG00000075256,Cerkl,ceramide kinase-like,MGI:3037816,N,N
ENSMUSG00000026558,Uck2,uridine-cytidine kinase 2,MGI:1931744,Y,N
ENSMUSG00000038665,Dgki,"diacylglycerol kinase, iota",MGI:2443430,Y,Y
ENSMUSG00000028479,Gne,glucosamine (UDP-N-acetyl)-2-epimerase/N-acetylmannosamine kinase,MGI:1354951,Y,N
ENSMUSG00000073435,Nme3,NME/NM23 nucleoside diphosphate kinase 3,MGI:1930182,Y,N
ENSMUSG00000029916,Agk,acylglycerol kinase,MGI:1917173,Y,Y
ENSMUSG00000040451,Sgms1,sphingomyelin synthase 1,MGI:2444110,Y,Y
ENSMUSG00000040648,Ppip5k2,diphosphoinositol pentakisphosphate kinase 2,MGI:2142810,Y,N
ENSMUSG00000050931,Sgms2,sphingomyelin synthase 2,MGI:1921692,Y,Y
ENSMUSG00000050553,Gk2,glycerol kinase 2,MGI:1329027,Y,Y
ENSMUSG00000004939,Nmrk2,nicotinamide riboside kinase 2,MGI:1916814,Y,N
ENSMUSG00000028719,Cmpk1,cytidine/uridine monophosphate kinase 1,MGI:1913838,Y,N
ENSMUSG00000029136,Rbks,ribokinase,MGI:1918586,N,N
ENSMUSG00000032599,Ip6k2,inositol hexaphosphate kinase 2,MGI:1923750,Y,N
ENSMUSG00000029063,Nadk,NAD kinase,MGI:2183149,Y,N
ENSMUSG00000025271,Pfkfb1,"6-phosphofructo-2-kinase/fructose-2,6-biphosphatase 1",MGI:107816,Y,N
ENSMUSG00000041237,Pklr,pyruvate kinase liver and red blood cell,MGI:97604,Y,N
ENSMUSG00000031383,Dusp9,dual specificity phosphatase 9,MGI:2387107,N,N
ENSMUSG00000002748,Baz1b,"bromodomain adjacent to zinc finger domain, 1B",MGI:1353499,N,N
ENSMUSG00000002068,Ccne1,cyclin E1,MGI:88316,N,N
ENSMUSG00000056215,Lrguk,leucine-rich repeats and guanylate kinase domain containing,MGI:1921604,N,N
ENSMUSG00000035824,Tk2,"thymidine kinase 2, mitochondrial",MGI:1913266,Y,N
ENSMUSG00000000276,Dgke,"diacylglycerol kinase, epsilon",MGI:1889276,Y,Y
ENSMUSG00000037012,Hk1,hexokinase 1,MGI:96103,Y,N
ENSMUSG00000020080,Hkdc1,hexokinase domain containing 1,MGI:2384910,Y,N
ENSMUSG00000038861,Pi4kb,phosphatidylinositol 4-kinase beta,MGI:1334433,Y,N
ENSMUSG00000070644,Etnk2,ethanolamine kinase 2,MGI:2443760,Y,Y
ENSMUSG00000028126,Pip5k1a,"phosphatidylinositol-4-phosphate 5-kinase, type 1 alpha",MGI:107929,Y,N
ENSMUSG00000034902,Pip5k1c,"phosphatidylinositol-4-phosphate 5-kinase, type 1 gamma",MGI:1298224,Y,N
ENSMUSG00000028792,Ak2,adenylate kinase 2,MGI:87978,Y,N
ENSMUSG00000057342,Sphk2,sphingosine kinase 2,MGI:1861380,Y,Y
ENSMUSG00000028709,Mob3c,MOB kinase activator 3C,MGI:2140623,N,N
ENSMUSG00000003752,Itpkc,"inositol 1,4,5-trisphosphate 3-kinase C",MGI:2442554,Y,N
ENSMUSG00000028948,Nol9,nucleolar protein 9,MGI:1921285,N,N
ENSMUSG00000005951,Shpk,sedoheptulokinase,MGI:1921887,N,N
ENSMUSG00000021822,Plau,"plasminogen activator, urokinase",MGI:97611,N,N
ENSMUSG00000032594,Ip6k1,inositol hexaphosphate kinase 1,MGI:1351633,Y,N
ENSMUSG00000035769,Xylb,xylulokinase homolog (H. influenzae),MGI:2142985,N,N
ENSMUSG00000020444,Guk1,guanylate kinase 1,MGI:95871,Y,N
ENSMUSG00000030228,Pik3c2g,phosphatidylinositol-4-phosphate 3-kinase catalytic subunit type 2 gamma,MGI:1203730,Y,N
ENSMUSG00000061878,Sphk1,sphingosine kinase 1,MGI:1316649,Y,Y
ENSMUSG00000029162,Khk,ketohexokinase,MGI:1096353,Y,N
ENSMUSG00000059891,Tsks,testis-specific serine kinase substrate,MGI:1347560,N,N
ENSMUSG00000070738,Dgkd,"diacylglycerol kinase, delta",MGI:2138334,Y,Y
ENSMUSG00000110206,Flt3l,FMS-like tyrosine kinase 3 ligand,MGI:95560,N,N
ENSMUSG00000037514,Pank2,pantothenate kinase 2,MGI:1921700,N,N
ENSMUSG00000033557,Fam20b,"FAM20B, glycosaminoglycan xylosylkinase",MGI:2443990,N,N
ENSMUSG00000030399,Ckm,"creatine kinase, muscle",MGI:88413,Y,N
ENSMUSG00000039253,Fn3krp,fructosamine 3 kinase related protein,MGI:2679256,N,N
ENSMUSG00000025175,Fn3k,fructosamine 3 kinase,MGI:1926834,N,N
ENSMUSG00000020857,Nme2,NME/NM23 nucleoside diphosphate kinase 2,MGI:97356,Y,N
ENSMUSG00000037601,Nme1,NME/NM23 nucleoside diphosphate kinase 1,MGI:97355,Y,N
ENSMUSG00000046854,Pip5kl1,phosphatidylinositol-4-phosphate 5-kinase-like 1,MGI:2448520,Y,N
ENSMUSG00000002963,Pnkp,polynucleotide kinase 3'- phosphatase,MGI:1891698,N,N
ENSMUSG00000026817,Ak1,adenylate kinase 1,MGI:87977,Y,N
ENSMUSG00000091228,Nme1nme2,NME/NM23 nucleoside diphosphate kinase 1 and 2 readthrough,MGI:5141855,N,N
ENSMUSG00000026409,Pfkfb2,"6-phosphofructo-2-kinase/fructose-2,6-biphosphatase 2",MGI:107815,Y,N
ENSMUSG00000075419,Dolk,dolichol kinase,MGI:2677836,N,N
ENSMUSG00000041798,Gck,glucokinase,MGI:1270854,Y,N
ENSMUSG00000026773,Pfkfb3,"6-phosphofructo-2-kinase/fructose-2,6-biphosphatase 3",MGI:2181202,Y,N
ENSMUSG00000026737,Pip4k2a,"phosphatidylinositol-5-phosphate 4-kinase, type II, alpha",MGI:1298206,Y,N
ENSMUSG00000025574,Tk1,thymidine kinase 1,MGI:98763,Y,N
ENSMUSG00000041939,Mvk,mevalonate kinase,MGI:107624,N,N
ENSMUSG00000041890,Git2,GIT ArfGAP 2,MGI:1347053,N,N
ENSMUSG00000027079,Clp1,"CLP1, cleavage and polyadenylation factor I subunit",MGI:2138968,N,N
ENSMUSG00000040479,Dgkz,diacylglycerol kinase zeta,MGI:1278339,Y,Y
ENSMUSG00000027207,Galk2,galactokinase 2,MGI:1917226,Y,N
ENSMUSG00000026281,Dtymk,deoxythymidylate kinase,MGI:108396,Y,N
ENSMUSG00000049091,Sephs2,selenophosphate synthetase 2,MGI:108388,Y,N
ENSMUSG00000027513,Pck1,"phosphoenolpyruvate carboxykinase 1, cytosolic",MGI:97501,Y,N
ENSMUSG00000018547,Pip4k2b,"phosphatidylinositol-5-phosphate 4-kinase, type II, beta",MGI:1934234,Y,N
ENSMUSG00000002550,Uck1,uridine-cytidine kinase 1,MGI:98904,Y,N
ENSMUSG00000089917,Uckl1,uridine-cytidine kinase 1-like 1,MGI:1915806,Y,N
ENSMUSG00000078650,G6pc1,glucose-6-phosphatase catalytic subunit 1,MGI:95607,Y,N
