ensembl_gene_id,external_gene_name,description,HGNC_gene_name,HGNC_ID,Name,Group,Family,Subfamily,Manning_Group,Manning_Family,Manning_Subfamily
ENSG00000291428,BRSK2,BR serine/threonine kinase 2 [Source:HGNC Symbol;Acc:HGNC:11405],,,BRSK2,CAMK,CAMKL,BRSK,CAMK,CAMKL,BRSK
ENSG00000288499,FAM20C,FAM20C golgi associated secretory pathway kinase [Source:HGNC Symbol;Acc:HGNC:22140],,,,,,,,,
ENSG00000288263,GRK1,G protein-coupled receptor kinase 1 [Source:HGNC Symbol;Acc:HGNC:10013],,,,,,,,,
ENSG00000281320,DYRK1B,dual specificity tyrosine phosphorylation regulated kinase 1B [Source:HGNC Symbol;Acc:HGNC:3092],,,DYRK1B,CMGC,DYRK,Dyrk1,CMGC,DYRK,Dyrk1
ENSG00000281245,STKLD1,serine/threonine kinase like domain containing 1 [Source:HGNC Symbol;Acc:HGNC:28669],,,,,,,,,
ENSG00000285140,TSSK4,testis specific serine kinase 4 [Source:HGNC Symbol;Acc:HGNC:19825],,,TSSK4,CAMK,TSSK,"",CAMK,TSSK,""
ENSG00000283781,TNK1,tyrosine kinase non receptor 1 [Source:HGNC Symbol;Acc:HGNC:11940],,,TNK1,TK,Ack,"",TK,Ack,""
ENSG00000285379,RIPK3,receptor interacting serine/threonine kinase 3 [Source:HGNC Symbol;Acc:HGNC:10021],,,RIPK3,TKL,RIPK,"",TKL,RIPK,""
ENSG00000281877,RPS6KA1,ribosomal protein S6 kinase A1 [Source:HGNC Symbol;Acc:HGNC:10430],,,,,,,,,
ENSG00000291603,ZAP70,zeta chain of T cell receptor associated protein kinase 70 [Source:HGNC Symbol;Acc:HGNC:12858],,,ZAP70,TK,Syk,"",TK,Syk,""
ENSG00000288382,"","",,,,,,,,,
ENSG00000183421,RIPK4,receptor interacting serine/threonine kinase 4 [Source:HGNC Symbol;Acc:HGNC:496],,,,,,,,,
ENSG00000185974,GRK1,G protein-coupled receptor kinase 1 [Source:HGNC Symbol;Acc:HGNC:10013],,,,,,,,,
ENSG00000180138,CSNK1A1L,casein kinase 1 alpha 1 like [Source:HGNC Symbol;Acc:HGNC:20289],,,,,,,,,
ENSG00000284816,EPHA1,EPH receptor A1 [Source:HGNC Symbol;Acc:HGNC:3385],,,EphA1,TK,Eph,"",TK,Eph,""
ENSG00000285369,BLK,"BLK proto-oncogene, Src family tyrosine kinase [Source:HGNC Symbol;Acc:HGNC:1057]",,,BLK,TK,Src,"",TK,Src,""
ENSG00000292308,PRAG1,"PEAK1 related, kinase-activating pseudokinase 1 [Source:HGNC Symbol;Acc:HGNC:25438]",,,,,,,,,
ENSG00000281988,GRK1,G protein-coupled receptor kinase 1 [Source:HGNC Symbol;Acc:HGNC:10013],,,,,,,,,
ENSG00000291971,SRC,"SRC proto-oncogene, non-receptor tyrosine kinase [Source:HGNC Symbol;Acc:HGNC:11283]",,,SRC,TK,Src,"",TK,Src,""
ENSG00000067900,ROCK1,Rho associated coiled-coil containing protein kinase 1 [Source:HGNC Symbol;Acc:HGNC:10251],,,ROCK1,AGC,DMPK,ROCK,AGC,DMPK,ROCK
ENSG00000101200,AVP,arginine vasopressin [Source:HGNC Symbol;Acc:HGNC:894],,,,,,,,,
ENSG00000142178,SIK1,salt inducible kinase 1 [Source:HGNC Symbol;Acc:HGNC:11142],,,,,,,,,
ENSG00000101336,HCK,"HCK proto-oncogene, Src family tyrosine kinase [Source:HGNC Symbol;Acc:HGNC:4840]",,,HCK,TK,Src,"",TK,Src,""
ENSG00000125508,SRMS,src-related kinase lacking C-terminal regulatory tyrosine and N-terminal myristylation sites [Source:HGNC Symbol;Acc:HGNC:11298],,,,,,,,,
ENSG00000172315,TP53RK,TP53 regulating kinase [Source:HGNC Symbol;Acc:HGNC:16197],,,,,,,,,
ENSG00000157540,DYRK1A,dual specificity tyrosine phosphorylation regulated kinase 1A [Source:HGNC Symbol;Acc:HGNC:3091],,,DYRK1A,CMGC,DYRK,Dyrk1,CMGC,DYRK,Dyrk1
ENSG00000008086,CDKL5,cyclin dependent kinase like 5 [Source:HGNC Symbol;Acc:HGNC:11411],,,CDKL5,CMGC,CDKL,"",CMGC,CDKL,""
ENSG00000122025,FLT3,fms related receptor tyrosine kinase 3 [Source:HGNC Symbol;Acc:HGNC:3765],,,FLT3,TK,PDGFR,"",TK,PDGFR,""
ENSG00000206203,TSSK2,testis specific serine kinase 2 [Source:HGNC Symbol;Acc:HGNC:11401],,,TSSK2,CAMK,TSSK,"",CAMK,TSSK,""
ENSG00000283900,TPTEP2-CSNK1E,TPTEP2-CSNK1E readthrough [Source:HGNC Symbol;Acc:HGNC:53829],,,,,,,,,
ENSG00000142149,HUNK,hormonally up-regulated Neu-associated kinase [Source:HGNC Symbol;Acc:HGNC:13326],,,HUNK,CAMK,CAMKL,HUNK,CAMK,CAMKL,HUNK
ENSG00000102755,FLT1,fms related receptor tyrosine kinase 1 [Source:HGNC Symbol;Acc:HGNC:3763],,,FLT1,TK,VEGFR,"",TK,VEGFR,""
ENSG00000274233,CCL5,C-C motif chemokine ligand 5 [Source:HGNC Symbol;Acc:HGNC:10632],,,,,,,,,
ENSG00000274221,CCL3,C-C motif chemokine ligand 3 [Source:HGNC Symbol;Acc:HGNC:10627],,,,,,,,,
ENSG00000152520,PAN3,poly(A) specific ribonuclease subunit PAN3 [Source:HGNC Symbol;Acc:HGNC:29991],,,,,,,,,
ENSG00000278567,CCL3,C-C motif chemokine ligand 3 [Source:HGNC Symbol;Acc:HGNC:10627],,,,,,,,,
ENSG00000133083,DCLK1,doublecortin like kinase 1 [Source:HGNC Symbol;Acc:HGNC:2700],,,,,,,,,
ENSG00000101890,GUCY2F,"guanylate cyclase 2F, retinal [Source:HGNC Symbol;Acc:HGNC:4691]",,,,,,,,,
ENSG00000147613,PSKH2,protein serine kinase H2 [Source:HGNC Symbol;Acc:HGNC:18997],,,PSKH2,CAMK,PSK,"",CAMK,PSK,""
ENSG00000140443,IGF1R,insulin like growth factor 1 receptor [Source:HGNC Symbol;Acc:HGNC:5465],,,IGF1R,TK,InsR,"",TK,InsR,""
ENSG00000132964,CDK8,cyclin dependent kinase 8 [Source:HGNC Symbol;Acc:HGNC:1779],,,CDK8,CMGC,CDK,CDK8,CMGC,CDK,CDK8
ENSG00000172680,MOS,"MOS proto-oncogene, serine/threonine kinase [Source:HGNC Symbol;Acc:HGNC:7199]",,,MOS,Other,MOS,"",Other,MOS,""
ENSG00000139908,TSSK4,testis specific serine kinase 4 [Source:HGNC Symbol;Acc:HGNC:19825],,,TSSK4,CAMK,TSSK,"",CAMK,TSSK,""
ENSG00000092439,TRPM7,transient receptor potential cation channel subfamily M member 7 [Source:HGNC Symbol;Acc:HGNC:17994],,,,,,,,,
ENSG00000288602,C8orf44-SGK3,C8orf44-SGK3 readthrough [Source:HGNC Symbol;Acc:HGNC:48354],,,,,,,,,
ENSG00000136807,CDK9,cyclin dependent kinase 9 [Source:HGNC Symbol;Acc:HGNC:1780],,,CDK9,CMGC,CDK,CDK9,CMGC,CDK,CDK9
ENSG00000261893,CLK2,CDC like kinase 2 [Source:HGNC Symbol;Acc:HGNC:2069],,,CLK2,CMGC,CLK,"",CMGC,CLK,""
ENSG00000185532,PRKG1,protein kinase cGMP-dependent 1 [Source:HGNC Symbol;Acc:HGNC:9414],,,,,,,,,
ENSG00000282278,"",novel FIP1L1-PDGFRA fusion protein,,,,,,,,,
ENSG00000165059,PRKACG,protein kinase cAMP-activated catalytic subunit gamma [Source:HGNC Symbol;Acc:HGNC:9382],,,,,,,,,
ENSG00000275199,AKT3,AKT serine/threonine kinase 3 [Source:HGNC Symbol;Acc:HGNC:393],,,AKT3,AGC,AKT,"",AGC,AKT,""
ENSG00000169302,STK32A,serine/threonine kinase 32A [Source:HGNC Symbol;Acc:HGNC:28317],,,,,,,,,
ENSG00000102572,STK24,serine/threonine kinase 24 [Source:HGNC Symbol;Acc:HGNC:11403],,,,,,,,,
ENSG00000282218,"","novel protein, GOPC-ROS1 readthrough",,,,,,,,,
ENSG00000198870,STKLD1,serine/threonine kinase like domain containing 1 [Source:HGNC Symbol;Acc:HGNC:28669],,,,,,,,,
ENSG00000160469,BRSK1,BR serine/threonine kinase 1 [Source:HGNC Symbol;Acc:HGNC:18994],,,BRSK1,CAMK,CAMKL,BRSK,CAMK,CAMKL,BRSK
ENSG00000268434,"",novel protein,,,,,,,,,
ENSG00000160396,HIPK4,homeodomain interacting protein kinase 4 [Source:HGNC Symbol;Acc:HGNC:19007],,,HIPK4,CMGC,DYRK,HIPK,CMGC,DYRK,HIPK
ENSG00000030304,MUSK,muscle associated receptor tyrosine kinase [Source:HGNC Symbol;Acc:HGNC:7525],,,MUSK,TK,Musk,"",TK,Musk,""
ENSG00000185386,MAPK11,mitogen-activated protein kinase 11 [Source:HGNC Symbol;Acc:HGNC:6873],,,,,,,,,
ENSG00000102096,PIM2,"Pim-2 proto-oncogene, serine/threonine kinase [Source:HGNC Symbol;Acc:HGNC:8987]",,,PIM2,CAMK,PIM,"",CAMK,PIM,""
ENSG00000111837,MAK,male germ cell associated kinase [Source:HGNC Symbol;Acc:HGNC:6816],,,MAK,CMGC,RCK,"",CMGC,RCK,""
ENSG00000183049,CAMK1D,calcium/calmodulin dependent protein kinase ID [Source:HGNC Symbol;Acc:HGNC:19341],,,CaMK1d,CAMK,CAMK1,"",CAMK,CAMK1,""
ENSG00000112144,CILK1,ciliogenesis associated kinase 1 [Source:HGNC Symbol;Acc:HGNC:21219],,,,,,,,,
ENSG00000184304,PRKD1,protein kinase D1 [Source:HGNC Symbol;Acc:HGNC:9407],,,,,,,,,
ENSG00000254598,CSNK2A3,casein kinase 2 alpha 3 [Source:HGNC Symbol;Acc:HGNC:2458],,,,,,,,,
ENSG00000105723,GSK3A,glycogen synthase kinase 3 alpha [Source:HGNC Symbol;Acc:HGNC:4616],,,GSK3A,CMGC,GSK,"",CMGC,GSK,""
ENSG00000268643,"",novel protein,,,,,,,,,
ENSG00000069020,MAST4,microtubule associated serine/threonine kinase family member 4 [Source:HGNC Symbol;Acc:HGNC:19037],,,MAST4,AGC,MAST,"",AGC,MAST,""
ENSG00000132356,PRKAA1,protein kinase AMP-activated catalytic subunit alpha 1 [Source:HGNC Symbol;Acc:HGNC:9376],,,,,,,,,
ENSG00000126583,PRKCG,protein kinase C gamma [Source:HGNC Symbol;Acc:HGNC:9402],,,,,,,,,
ENSG00000006837,CDKL3,cyclin dependent kinase like 3 [Source:HGNC Symbol;Acc:HGNC:15483],,,CDKL3,CMGC,CDKL,"",CMGC,CDKL,""
ENSG00000277273,CDK7,cyclin dependent kinase 7 [Source:HGNC Symbol;Acc:HGNC:1778],,,CDK7,CMGC,CDK,CDK7,CMGC,CDK,CDK7
ENSG00000142235,LMTK3,lemur tyrosine kinase 3 [Source:HGNC Symbol;Acc:HGNC:19295],,,,,,,,,
ENSG00000173334,TRIB1,tribbles pseudokinase 1 [Source:HGNC Symbol;Acc:HGNC:16891],,,,,,,,,
ENSG00000119121,TRPM6,transient receptor potential cation channel subfamily M member 6 [Source:HGNC Symbol;Acc:HGNC:17995],,,,,,,,,
ENSG00000141639,MAPK4,mitogen-activated protein kinase 4 [Source:HGNC Symbol;Acc:HGNC:6878],,,,,,,,,
ENSG00000038382,TRIO,trio Rho guanine nucleotide exchange factor [Source:HGNC Symbol;Acc:HGNC:12303],,,Trio,CAMK,Trio,"",CAMK,Trio,""
ENSG00000212122,TSSK1B,testis specific serine kinase 1B [Source:HGNC Symbol;Acc:HGNC:14968],,,,,,,,,
ENSG00000113712,CSNK1A1,casein kinase 1 alpha 1 [Source:HGNC Symbol;Acc:HGNC:2451],,,,,,,,,
ENSG00000123572,NRK,Nik related kinase [Source:HGNC Symbol;Acc:HGNC:25391],,,,,,,,,
ENSG00000105639,JAK3,Janus kinase 3 [Source:HGNC Symbol;Acc:HGNC:6193],,,JAK3,TK,JakA,"",TK,JakA,""
ENSG00000274205,MAPK15,mitogen-activated protein kinase 15 [Source:HGNC Symbol;Acc:HGNC:24667],,,,,,,,,
ENSG00000176105,YES1,"YES proto-oncogene 1, Src family tyrosine kinase [Source:HGNC Symbol;Acc:HGNC:12841]",,,,,,,,,
ENSG00000105613,MAST1,microtubule associated serine/threonine kinase 1 [Source:HGNC Symbol;Acc:HGNC:19034],,,MAST1,AGC,MAST,"",AGC,MAST,""
ENSG00000101109,STK4,serine/threonine kinase 4 [Source:HGNC Symbol;Acc:HGNC:11408],,,,,,,,,
ENSG00000154237,LRRK1,leucine rich repeat kinase 1 [Source:HGNC Symbol;Acc:HGNC:18608],,,LRRK1,TKL,LRRK,"",TKL,LRRK,""
ENSG00000074590,NUAK1,NUAK family kinase 1 [Source:HGNC Symbol;Acc:HGNC:14311],,,NuaK1,CAMK,CAMKL,NuaK,CAMK,CAMKL,NuaK
ENSG00000123374,CDK2,cyclin dependent kinase 2 [Source:HGNC Symbol;Acc:HGNC:1771],,,CDK2,CMGC,CDK,CDC2,CMGC,CDK,CDC2
ENSG00000027075,PRKCH,protein kinase C eta [Source:HGNC Symbol;Acc:HGNC:9403],,,,,,,,,
ENSG00000258989,"",novel protein,,,,,,,,,
ENSG00000072133,RPS6KA6,ribosomal protein S6 kinase A6 [Source:HGNC Symbol;Acc:HGNC:10435],,,,,,,,,
ENSG00000146216,TTBK1,tau tubulin kinase 1 [Source:HGNC Symbol;Acc:HGNC:19140],,,TTBK1,CK1,TTBK,"",CK1,TTBK,""
ENSG00000171094,ALK,ALK receptor tyrosine kinase [Source:HGNC Symbol;Acc:HGNC:427],,,ALK,TK,Alk,"",TK,Alk,""
ENSG00000105204,DYRK1B,dual specificity tyrosine phosphorylation regulated kinase 1B [Source:HGNC Symbol;Acc:HGNC:3092],,,DYRK1B,CMGC,DYRK,Dyrk1,CMGC,DYRK,Dyrk1
ENSG00000292210,PIM2,"Pim-2 proto-oncogene, serine/threonine kinase [Source:HGNC Symbol;Acc:HGNC:8987]",,,PIM2,CAMK,PIM,"",CAMK,PIM,""
ENSG00000160145,KALRN,kalirin RhoGEF kinase [Source:HGNC Symbol;Acc:HGNC:4814],,,,,,,,,
ENSG00000010219,DYRK4,dual specificity tyrosine phosphorylation regulated kinase 4 [Source:HGNC Symbol;Acc:HGNC:3095],,,DYRK4,CMGC,DYRK,Dyrk2,CMGC,DYRK,Dyrk2
ENSG00000272921,"",novel protein,,,,,,,,,
ENSG00000178093,TSSK6,testis specific serine kinase 6 [Source:HGNC Symbol;Acc:HGNC:30410],,,,,,,,,
ENSG00000196632,WNK3,WNK lysine deficient protein kinase 3 [Source:HGNC Symbol;Acc:HGNC:14543],,,Wnk3,Other,Wnk,"",Other,Wnk,""
ENSG00000114124,GRK7,G protein-coupled receptor kinase 7 [Source:HGNC Symbol;Acc:HGNC:17031],,,,,,,,,
ENSG00000100077,GRK3,G protein-coupled receptor kinase 3 [Source:HGNC Symbol;Acc:HGNC:290],,,,,,,,,
ENSG00000071909,MYO3B,myosin IIIB [Source:HGNC Symbol;Acc:HGNC:15576],,,MYO3B,STE,STE20,NinaC,STE,STE20,NinaC
ENSG00000188130,MAPK12,mitogen-activated protein kinase 12 [Source:HGNC Symbol;Acc:HGNC:6874],,,,,,,,,
ENSG00000072195,SPEG,striated muscle enriched protein kinase [Source:HGNC Symbol;Acc:HGNC:16901],,,SPEG,CAMK,Trio,"",CAMK,Trio,""
ENSG00000286143,"",novel protein,,,,,,,,,
ENSG00000134602,STK26,serine/threonine kinase 26 [Source:HGNC Symbol;Acc:HGNC:18174],,,,,,,,,
ENSG00000171435,KSR2,kinase suppressor of ras 2 [Source:HGNC Symbol;Acc:HGNC:18610],,,KSR2,TKL,RAF,"",TKL,RAF,""
ENSG00000067992,PDK3,pyruvate dehydrogenase kinase 3 [Source:HGNC Symbol;Acc:HGNC:8811],,,,,,,,,
ENSG00000080224,EPHA6,EPH receptor A6 [Source:HGNC Symbol;Acc:HGNC:19296],,,EphA6,TK,Eph,"",TK,Eph,""
ENSG00000138395,CDK15,cyclin dependent kinase 15 [Source:HGNC Symbol;Acc:HGNC:14434],,,,,,,,,
ENSG00000150457,LATS2,large tumor suppressor kinase 2 [Source:HGNC Symbol;Acc:HGNC:6515],,,LATS2,AGC,NDR,"",AGC,NDR,""
ENSG00000136573,BLK,"BLK proto-oncogene, Src family tyrosine kinase [Source:HGNC Symbol;Acc:HGNC:1057]",,,BLK,TK,Src,"",TK,Src,""
ENSG00000170209,ANKK1,ankyrin repeat and kinase domain containing 1 [Source:HGNC Symbol;Acc:HGNC:21027],,,,,,,,,
ENSG00000185189,NRBP2,nuclear receptor binding protein 2 [Source:HGNC Symbol;Acc:HGNC:19339],,,NRBP2,Other,NRBP,"",Other,NRBP,""
ENSG00000230456,DDR1,discoidin domain receptor tyrosine kinase 1 [Source:HGNC Symbol;Acc:HGNC:2730],,,DDR1,TK,DDR,"",TK,DDR,""
ENSG00000137332,DDR1,discoidin domain receptor tyrosine kinase 1 [Source:HGNC Symbol;Acc:HGNC:2730],,,DDR1,TK,DDR,"",TK,DDR,""
ENSG00000089022,MAPKAPK5,MAPK activated protein kinase 5 [Source:HGNC Symbol;Acc:HGNC:6889],,,MAPKAPK5,CAMK,MAPKAPK,MAPKAPK,CAMK,MAPKAPK,MAPKAPK
ENSG00000136098,NEK3,NIMA related kinase 3 [Source:HGNC Symbol;Acc:HGNC:7746],,,NEK3,Other,NEK,"",Other,NEK,""
ENSG00000172071,EIF2AK3,eukaryotic translation initiation factor 2 alpha kinase 3 [Source:HGNC Symbol;Acc:HGNC:3255],,,,,,,,,
ENSG00000188305,PEAK3,PEAK family member 3 [Source:HGNC Symbol;Acc:HGNC:24793],,,,,,,,,
ENSG00000071575,TRIB2,tribbles pseudokinase 2 [Source:HGNC Symbol;Acc:HGNC:30809],,,,,,,,,
ENSG00000168078,PBK,PDZ binding kinase [Source:HGNC Symbol;Acc:HGNC:18282],,,PBK,Other,TOPK,"",Other,TOPK,""
ENSG00000288208,"",novel protein,,,,,,,,,
ENSG00000142731,PLK4,polo like kinase 4 [Source:HGNC Symbol;Acc:HGNC:11397],,,PLK4,Other,PLK,"",Other,PLK,""
ENSG00000204217,BMPR2,bone morphogenetic protein receptor type 2 [Source:HGNC Symbol;Acc:HGNC:1078],,,BMPR2,TKL,STKR,Type2,TKL,STKR,Type2
ENSG00000070886,EPHA8,EPH receptor A8 [Source:HGNC Symbol;Acc:HGNC:3391],,,EphA8,TK,Eph,"",TK,Eph,""
ENSG00000148053,NTRK2,neurotrophic receptor tyrosine kinase 2 [Source:HGNC Symbol;Acc:HGNC:8032],,,,,,,,,
ENSG00000288516,PRKACA,protein kinase cAMP-activated catalytic subunit alpha [Source:HGNC Symbol;Acc:HGNC:9380],,,,,,,,,
ENSG00000152953,STK32B,serine/threonine kinase 32B [Source:HGNC Symbol;Acc:HGNC:14217],,,,,,,,,
ENSG00000138756,BMP2K,BMP2 inducible kinase [Source:HGNC Symbol;Acc:HGNC:18041],,,,,,,,,
ENSG00000027644,INSRR,insulin receptor related receptor [Source:HGNC Symbol;Acc:HGNC:6093],,,,,,,,,
ENSG00000080823,MOK,MOK protein kinase [Source:HGNC Symbol;Acc:HGNC:9833],,,MOK,CMGC,RCK,"",CMGC,RCK,""
ENSG00000162526,TSSK3,testis specific serine kinase 3 [Source:HGNC Symbol;Acc:HGNC:15473],,,TSSK3,CAMK,TSSK,"",CAMK,TSSK,""
ENSG00000176601,MAP3K19,mitogen-activated protein kinase kinase kinase 19 [Source:HGNC Symbol;Acc:HGNC:26249],,,,,,,,,
ENSG00000102010,BMX,BMX non-receptor tyrosine kinase [Source:HGNC Symbol;Acc:HGNC:1079],,,BMX,TK,Tec,"",TK,Tec,""
ENSG00000133216,EPHB2,EPH receptor B2 [Source:HGNC Symbol;Acc:HGNC:3393],,,EphB2,TK,Eph,"",TK,Eph,""
ENSG00000197168,NEK5,NIMA related kinase 5 [Source:HGNC Symbol;Acc:HGNC:7748],,,NEK5,Other,NEK,"",Other,NEK,""
ENSG00000107643,MAPK8,mitogen-activated protein kinase 8 [Source:HGNC Symbol;Acc:HGNC:6881],,,,,,,,,
ENSG00000117020,AKT3,AKT serine/threonine kinase 3 [Source:HGNC Symbol;Acc:HGNC:393],,,AKT3,AGC,AKT,"",AGC,AKT,""
ENSG00000165238,WNK2,WNK lysine deficient protein kinase 2 [Source:HGNC Symbol;Acc:HGNC:14542],,,Wnk2,Other,Wnk,"",Other,Wnk,""
ENSG00000253729,PRKDC,"protein kinase, DNA-activated, catalytic subunit [Source:HGNC Symbol;Acc:HGNC:9413]",,,,,,,,,
ENSG00000259030,FPGT-TNNI3K,FPGT-TNNI3K readthrough [Source:HGNC Symbol;Acc:HGNC:42952],,,,,,,,,
ENSG00000154358,OBSCN,"obscurin, cytoskeletal calmodulin and titin-interacting RhoGEF [Source:HGNC Symbol;Acc:HGNC:15719]",,,Obscn,CAMK,Trio,"",CAMK,Trio,""
ENSG00000078142,PIK3C3,phosphatidylinositol 3-kinase catalytic subunit type 3 [Source:HGNC Symbol;Acc:HGNC:8974],,,,,,,,,
ENSG00000145242,EPHA5,EPH receptor A5 [Source:HGNC Symbol;Acc:HGNC:3389],,,EphA5,TK,Eph,"",TK,Eph,""
ENSG00000128881,TTBK2,tau tubulin kinase 2 [Source:HGNC Symbol;Acc:HGNC:19141],,,TTBK2,CK1,TTBK,"",CK1,TTBK,""
ENSG00000070808,CAMK2A,calcium/calmodulin dependent protein kinase II alpha [Source:HGNC Symbol;Acc:HGNC:1460],,,CaMK2a,CAMK,CAMK2,"",CAMK,CAMK2,""
ENSG00000263042,WEE2,WEE2 oocyte meiosis inhibiting kinase [Source:HGNC Symbol;Acc:HGNC:19684],,,,,,,,,
ENSG00000184216,IRAK1,interleukin 1 receptor associated kinase 1 [Source:HGNC Symbol;Acc:HGNC:6112],,,IRAK1,TKL,IRAK,"",TKL,IRAK,""
ENSG00000143479,DYRK3,dual specificity tyrosine phosphorylation regulated kinase 3 [Source:HGNC Symbol;Acc:HGNC:3094],,,DYRK3,CMGC,DYRK,Dyrk2,CMGC,DYRK,Dyrk2
ENSG00000213341,CHUK,component of inhibitor of nuclear factor kappa B kinase complex [Source:HGNC Symbol;Acc:HGNC:1974],,,,,,,,,
ENSG00000006432,MAP3K9,mitogen-activated protein kinase kinase kinase 9 [Source:HGNC Symbol;Acc:HGNC:6861],,,,,,,,,
ENSG00000275482,EPHB6,EPH receptor B6 [Source:HGNC Symbol;Acc:HGNC:3396],,,EphB6,TK,Eph,"",TK,Eph,""
ENSG00000113263,ITK,IL2 inducible T cell kinase [Source:HGNC Symbol;Acc:HGNC:6171],,,ITK,TK,Tec,"",TK,Tec,""
ENSG00000181085,MAPK15,mitogen-activated protein kinase 15 [Source:HGNC Symbol;Acc:HGNC:24667],,,,,,,,,
ENSG00000010671,BTK,Bruton tyrosine kinase [Source:HGNC Symbol;Acc:HGNC:1133],,,BTK,TK,Tec,"",TK,Tec,""
ENSG00000234078,DDR1,discoidin domain receptor tyrosine kinase 1 [Source:HGNC Symbol;Acc:HGNC:2730],,,DDR1,TK,DDR,"",TK,DDR,""
ENSG00000198752,CDC42BPB,CDC42 binding protein kinase beta [Source:HGNC Symbol;Acc:HGNC:1738],,,,,,,,,
ENSG00000185483,ROR1,receptor tyrosine kinase like orphan receptor 1 [Source:HGNC Symbol;Acc:HGNC:10256],,,ROR1,TK,Ror,"",TK,Ror,""
ENSG00000178568,ERBB4,erb-b2 receptor tyrosine kinase 4 [Source:HGNC Symbol;Acc:HGNC:3432],,,,,,,,,
ENSG00000099308,MAST3,microtubule associated serine/threonine kinase 3 [Source:HGNC Symbol;Acc:HGNC:19036],,,MAST3,AGC,MAST,"",AGC,MAST,""
ENSG00000156970,BUB1B,BUB1 mitotic checkpoint serine/threonine kinase B [Source:HGNC Symbol;Acc:HGNC:1149],,,,,,,,,
ENSG00000097007,ABL1,"ABL proto-oncogene 1, non-receptor tyrosine kinase [Source:HGNC Symbol;Acc:HGNC:76]",,,,,,,,,
ENSG00000101266,CSNK2A1,casein kinase 2 alpha 1 [Source:HGNC Symbol;Acc:HGNC:2457],,,,,,,,,
ENSG00000132518,GUCY2D,"guanylate cyclase 2D, retinal [Source:HGNC Symbol;Acc:HGNC:4689]",,,,,,,,,
ENSG00000171105,INSR,insulin receptor [Source:HGNC Symbol;Acc:HGNC:6091],,,INSR,TK,InsR,"",TK,InsR,""
ENSG00000128052,KDR,kinase insert domain receptor [Source:HGNC Symbol;Acc:HGNC:6307],,,KDR,TK,VEGFR,"",TK,VEGFR,""
ENSG00000104312,RIPK2,receptor interacting serine/threonine kinase 2 [Source:HGNC Symbol;Acc:HGNC:10020],,,RIPK2,TKL,RIPK,"",TKL,RIPK,""
ENSG00000095777,MYO3A,myosin IIIA [Source:HGNC Symbol;Acc:HGNC:7601],,,MYO3A,STE,STE20,NinaC,STE,STE20,NinaC
ENSG00000183765,CHEK2,checkpoint kinase 2 [Source:HGNC Symbol;Acc:HGNC:16627],,,,,,,,,
ENSG00000147133,TAF1,TATA-box binding protein associated factor 1 [Source:HGNC Symbol;Acc:HGNC:11535],,,TAF1,Atypical,TAF1,"",Atypical,TAF1,""
ENSG00000169032,MAP2K1,mitogen-activated protein kinase kinase 1 [Source:HGNC Symbol;Acc:HGNC:6840],,,MAP2K1,STE,STE7,"",STE,STE7,""
ENSG00000100490,CDKL1,cyclin dependent kinase like 1 [Source:HGNC Symbol;Acc:HGNC:1781],,,CDKL1,CMGC,CDKL,"",CMGC,CDKL,""
ENSG00000077264,PAK3,p21 (RAC1) activated kinase 3 [Source:HGNC Symbol;Acc:HGNC:8592],,,PAK3,STE,STE20,PAKA,STE,STE20,PAKA
ENSG00000275342,PRAG1,"PEAK1 related, kinase-activating pseudokinase 1 [Source:HGNC Symbol;Acc:HGNC:25438]",,,,,,,,,
ENSG00000160447,PKN3,protein kinase N3 [Source:HGNC Symbol;Acc:HGNC:17999],,,PKN3,AGC,PKN,"",AGC,PKN,""
ENSG00000188322,SBK1,SH3 domain binding kinase 1 [Source:HGNC Symbol;Acc:HGNC:17699],,,,,,,,,
ENSG00000178607,ERN1,endoplasmic reticulum to nucleus signaling 1 [Source:HGNC Symbol;Acc:HGNC:3449],,,,,,,,,
ENSG00000155657,TTN,titin [Source:HGNC Symbol;Acc:HGNC:12403],,,TTN,CAMK,MLCK,"",CAMK,MLCK,""
ENSG00000072786,STK10,serine/threonine kinase 10 [Source:HGNC Symbol;Acc:HGNC:11388],,,,,,,,,
ENSG00000215522,DDR1,discoidin domain receptor tyrosine kinase 1 [Source:HGNC Symbol;Acc:HGNC:2730],,,DDR1,TK,DDR,"",TK,DDR,""
ENSG00000157404,KIT,"KIT proto-oncogene, receptor tyrosine kinase [Source:HGNC Symbol;Acc:HGNC:6342]",,,KIT,TK,PDGFR,"",TK,PDGFR,""
ENSG00000167601,AXL,AXL receptor tyrosine kinase [Source:HGNC Symbol;Acc:HGNC:905],,,AXL,TK,Axl,"",TK,Axl,""
ENSG00000197122,SRC,"SRC proto-oncogene, non-receptor tyrosine kinase [Source:HGNC Symbol;Acc:HGNC:11283]",,,SRC,TK,Src,"",TK,Src,""
ENSG00000185900,POMK,protein O-mannose kinase [Source:HGNC Symbol;Acc:HGNC:26267],,,,,,,,,
ENSG00000172939,OXSR1,oxidative stress responsive kinase 1 [Source:HGNC Symbol;Acc:HGNC:8508],,,,,,,,,
ENSG00000180815,MAP3K15,mitogen-activated protein kinase kinase kinase 15 [Source:HGNC Symbol;Acc:HGNC:31689],,,,,,,,,
ENSG00000111816,FRK,fyn related Src family tyrosine kinase [Source:HGNC Symbol;Acc:HGNC:3955],,,FRK,TK,Src,"",TK,Src,""
ENSG00000137601,NEK1,NIMA related kinase 1 [Source:HGNC Symbol;Acc:HGNC:7744],,,NEK1,Other,NEK,"",Other,NEK,""
ENSG00000174292,TNK1,tyrosine kinase non receptor 1 [Source:HGNC Symbol;Acc:HGNC:11940],,,TNK1,TK,Ack,"",TK,Ack,""
ENSG00000113240,CLK4,CDC like kinase 4 [Source:HGNC Symbol;Acc:HGNC:13659],,,CLK4,CMGC,CLK,"",CMGC,CLK,""
ENSG00000099875,MKNK2,MAPK interacting serine/threonine kinase 2 [Source:HGNC Symbol;Acc:HGNC:7111],,,,,,,,,
ENSG00000165731,RET,ret proto-oncogene [Source:HGNC Symbol;Acc:HGNC:9967],,,RET,TK,Ret,"",TK,Ret,""
ENSG00000163545,NUAK2,NUAK family kinase 2 [Source:HGNC Symbol;Acc:HGNC:29558],,,NuaK2,CAMK,CAMKL,NuaK,CAMK,CAMKL,NuaK
ENSG00000058729,RIOK2,RIO kinase 2 [Source:HGNC Symbol;Acc:HGNC:18999],,,RIOK2,Atypical,RIO,RIO2,Atypical,RIO,RIO2
ENSG00000108700,CCL8,C-C motif chemokine ligand 8 [Source:HGNC Symbol;Acc:HGNC:10635],,,,,,,,,
ENSG00000108691,CCL2,C-C motif chemokine ligand 2 [Source:HGNC Symbol;Acc:HGNC:10618],,,,,,,,,
ENSG00000177602,HASPIN,histone H3 associated protein kinase [Source:HGNC Symbol;Acc:HGNC:19682],,,Haspin,Other,Haspin,"",Other,Haspin,""
ENSG00000159792,PSKH1,protein serine kinase H1 [Source:HGNC Symbol;Acc:HGNC:9529],,,PSKH1,CAMK,PSK,"",CAMK,PSK,""
ENSG00000119638,NEK9,NIMA related kinase 9 [Source:HGNC Symbol;Acc:HGNC:18591],,,NEK9,Other,NEK,"",Other,NEK,""
ENSG00000143322,ABL2,"ABL proto-oncogene 2, non-receptor tyrosine kinase [Source:HGNC Symbol;Acc:HGNC:77]",,,,,,,,,
ENSG00000066468,FGFR2,fibroblast growth factor receptor 2 [Source:HGNC Symbol;Acc:HGNC:3689],,,FGFR2,TK,FGFR,"",TK,FGFR,""
ENSG00000012983,MAP4K5,mitogen-activated protein kinase kinase kinase kinase 5 [Source:HGNC Symbol;Acc:HGNC:6867],,,,,,,,,
ENSG00000105146,AURKC,aurora kinase C [Source:HGNC Symbol;Acc:HGNC:11391],,,,,,,,,
ENSG00000078061,ARAF,"A-Raf proto-oncogene, serine/threonine kinase [Source:HGNC Symbol;Acc:HGNC:646]",,,ARAF,TKL,RAF,"",TKL,RAF,""
ENSG00000082701,GSK3B,glycogen synthase kinase 3 beta [Source:HGNC Symbol;Acc:HGNC:4617],,,GSK3B,CMGC,GSK,"",CMGC,GSK,""
ENSG00000007264,MATK,megakaryocyte-associated tyrosine kinase [Source:HGNC Symbol;Acc:HGNC:6906],,,,,,,,,
ENSG00000196335,STK31,serine/threonine kinase 31 [Source:HGNC Symbol;Acc:HGNC:11407],,,,,,,,,
ENSG00000072518,MARK2,microtubule affinity regulating kinase 2 [Source:HGNC Symbol;Acc:HGNC:3332],,,MARK2,CAMK,CAMKL,MARK,CAMK,CAMKL,MARK
ENSG00000100784,RPS6KA5,ribosomal protein S6 kinase A5 [Source:HGNC Symbol;Acc:HGNC:10434],,,,,,,,,
ENSG00000110092,CCND1,cyclin D1 [Source:HGNC Symbol;Acc:HGNC:1582],,,,,,,,,
ENSG00000007047,MARK4,microtubule affinity regulating kinase 4 [Source:HGNC Symbol;Acc:HGNC:13538],,,MARK4,CAMK,CAMKL,MARK,CAMK,CAMKL,MARK
ENSG00000092445,TYRO3,TYRO3 protein tyrosine kinase [Source:HGNC Symbol;Acc:HGNC:12446],,,TYRO3,TK,Axl,"",TK,Axl,""
ENSG00000101213,PTK6,protein tyrosine kinase 6 [Source:HGNC Symbol;Acc:HGNC:9617],,,,,,,,,
ENSG00000131023,LATS1,large tumor suppressor kinase 1 [Source:HGNC Symbol;Acc:HGNC:6514],,,LATS1,AGC,NDR,"",AGC,NDR,""
ENSG00000134058,CDK7,cyclin dependent kinase 7 [Source:HGNC Symbol;Acc:HGNC:1778],,,CDK7,CMGC,CDK,CDK7,CMGC,CDK,CDK7
ENSG00000138769,CDKL2,cyclin dependent kinase like 2 [Source:HGNC Symbol;Acc:HGNC:1782],,,CDKL2,CMGC,CDKL,"",CMGC,CDKL,""
ENSG00000177189,RPS6KA3,ribosomal protein S6 kinase A3 [Source:HGNC Symbol;Acc:HGNC:10432],,,,,,,,,
ENSG00000135503,ACVR1B,activin A receptor type 1B [Source:HGNC Symbol;Acc:HGNC:172],,,,,,,,,
ENSG00000183943,PRKX,protein kinase cAMP-dependent X-linked catalytic subunit [Source:HGNC Symbol;Acc:HGNC:9441],,,PRKX,AGC,PKA,"",AGC,PKA,""
ENSG00000165304,MELK,maternal embryonic leucine zipper kinase [Source:HGNC Symbol;Acc:HGNC:16870],,,MELK,CAMK,CAMKL,MELK,CAMK,CAMKL,MELK
ENSG00000127334,DYRK2,dual specificity tyrosine phosphorylation regulated kinase 2 [Source:HGNC Symbol;Acc:HGNC:3093],,,DYRK2,CMGC,DYRK,Dyrk2,CMGC,DYRK,Dyrk2
ENSG00000149554,CHEK1,checkpoint kinase 1 [Source:HGNC Symbol;Acc:HGNC:1925],,,,,,,,,
ENSG00000120156,TEK,TEK receptor tyrosine kinase [Source:HGNC Symbol;Acc:HGNC:11724],,,,,,,,,
ENSG00000176444,CLK2,CDC like kinase 2 [Source:HGNC Symbol;Acc:HGNC:2069],,,CLK2,CMGC,CLK,"",CMGC,CLK,""
ENSG00000169398,PTK2,protein tyrosine kinase 2 [Source:HGNC Symbol;Acc:HGNC:9611],,,,,,,,,
ENSG00000135333,EPHA7,EPH receptor A7 [Source:HGNC Symbol;Acc:HGNC:3390],,,EphA7,TK,Eph,"",TK,Eph,""
ENSG00000135446,CDK4,cyclin dependent kinase 4 [Source:HGNC Symbol;Acc:HGNC:1773],,,CDK4,CMGC,CDK,CDK4,CMGC,CDK,CDK4
ENSG00000104814,MAP4K1,mitogen-activated protein kinase kinase kinase kinase 1 [Source:HGNC Symbol;Acc:HGNC:6863],,,,,,,,,
ENSG00000166483,WEE1,WEE1 G2 checkpoint kinase [Source:HGNC Symbol;Acc:HGNC:12761],,,Wee1,Other,WEE,"",Other,WEE,""
ENSG00000114739,ACVR2B,activin A receptor type 2B [Source:HGNC Symbol;Acc:HGNC:174],,,,,,,,,
ENSG00000107779,BMPR1A,bone morphogenetic protein receptor type 1A [Source:HGNC Symbol;Acc:HGNC:1076],,,BMPR1A,TKL,STKR,Type1,TKL,STKR,Type1
ENSG00000198873,GRK5,G protein-coupled receptor kinase 5 [Source:HGNC Symbol;Acc:HGNC:4544],,,,,,,,,
ENSG00000110422,HIPK3,homeodomain interacting protein kinase 3 [Source:HGNC Symbol;Acc:HGNC:4915],,,HIPK3,CMGC,DYRK,HIPK,CMGC,DYRK,HIPK
ENSG00000163673,DCLK3,doublecortin like kinase 3 [Source:HGNC Symbol;Acc:HGNC:19005],,,,,,,,,
ENSG00000101349,PAK5,p21 (RAC1) activated kinase 5 [Source:HGNC Symbol;Acc:HGNC:15916],,,PAK5,STE,STE20,PAKB,STE,STE20,PAKB
ENSG00000101049,SGK2,serum/glucocorticoid regulated kinase 2 [Source:HGNC Symbol;Acc:HGNC:13900],,,SGK2,AGC,SGK,"",AGC,SGK,""
ENSG00000286095,SPEGNB,SPEG neighbor [Source:HGNC Symbol;Acc:HGNC:51251],,,,,,,,,
ENSG00000035664,DAPK2,death associated protein kinase 2 [Source:HGNC Symbol;Acc:HGNC:2675],,,DAPK2,CAMK,DAPK,"",CAMK,DAPK,""
ENSG00000129465,RIPK3,receptor interacting serine/threonine kinase 3 [Source:HGNC Symbol;Acc:HGNC:10021],,,RIPK3,TKL,RIPK,"",TKL,RIPK,""
ENSG00000170312,CDK1,cyclin dependent kinase 1 [Source:HGNC Symbol;Acc:HGNC:1722],,,,,,,,,
ENSG00000044524,EPHA3,EPH receptor A3 [Source:HGNC Symbol;Acc:HGNC:3387],,,EphA3,TK,Eph,"",TK,Eph,""
ENSG00000065361,ERBB3,erb-b2 receptor tyrosine kinase 3 [Source:HGNC Symbol;Acc:HGNC:3431],,,,,,,,,
ENSG00000112742,TTK,TTK protein kinase [Source:HGNC Symbol;Acc:HGNC:12401],,,TTK,Other,TTK,"",Other,TTK,""
ENSG00000130822,PNCK,pregnancy up-regulated nonubiquitous CaM kinase [Source:HGNC Symbol;Acc:HGNC:13415],,,,,,,,,
ENSG00000271503,CCL5,C-C motif chemokine ligand 5 [Source:HGNC Symbol;Acc:HGNC:10632],,,,,,,,,
ENSG00000122966,CIT,citron rho-interacting serine/threonine kinase [Source:HGNC Symbol;Acc:HGNC:1985],,,,,,,,,
ENSG00000175054,ATR,ATR serine/threonine kinase [Source:HGNC Symbol;Acc:HGNC:882],,,ATR,Atypical,PIKK,ATR,Atypical,PIKK,ATR
ENSG00000141068,KSR1,kinase suppressor of ras 1 [Source:HGNC Symbol;Acc:HGNC:6465],,,KSR1,TKL,RAF,"",TKL,RAF,""
ENSG00000182541,LIMK2,LIM domain kinase 2 [Source:HGNC Symbol;Acc:HGNC:6614],,,LIMK2,TKL,LISK,LIMK,TKL,LISK,LIMK
ENSG00000082146,STRADB,STE20 related adaptor beta [Source:HGNC Symbol;Acc:HGNC:13205],,,,,,,,,
ENSG00000060237,WNK1,WNK lysine deficient protein kinase 1 [Source:HGNC Symbol;Acc:HGNC:14540],,,Wnk1,Other,Wnk,"",Other,Wnk,""
ENSG00000105287,PRKD2,protein kinase D2 [Source:HGNC Symbol;Acc:HGNC:17293],,,,,,,,,
ENSG00000205111,CDKL4,cyclin dependent kinase like 4 [Source:HGNC Symbol;Acc:HGNC:19287],,,CDKL4,CMGC,CDKL,"",CMGC,CDKL,""
ENSG00000147044,CASK,calcium/calmodulin dependent serine protein kinase [Source:HGNC Symbol;Acc:HGNC:1497],,,CASK,CAMK,CASK,"",CAMK,CASK,""
ENSG00000171132,PRKCE,protein kinase C epsilon [Source:HGNC Symbol;Acc:HGNC:9401],,,,,,,,,
ENSG00000130758,MAP3K10,mitogen-activated protein kinase kinase kinase 10 [Source:HGNC Symbol;Acc:HGNC:6849],,,,,,,,,
ENSG00000065613,SLK,STE20 like kinase [Source:HGNC Symbol;Acc:HGNC:11088],,,SLK,STE,STE20,SLK,STE,STE20,SLK
ENSG00000100030,MAPK1,mitogen-activated protein kinase 1 [Source:HGNC Symbol;Acc:HGNC:6871],,,,,,,,,
ENSG00000134398,ERN2,endoplasmic reticulum to nucleus signaling 2 [Source:HGNC Symbol;Acc:HGNC:16942],,,,,,,,,
ENSG00000145949,MYLK4,myosin light chain kinase family member 4 [Source:HGNC Symbol;Acc:HGNC:27972],,,,,,,,,
ENSG00000132155,RAF1,"Raf-1 proto-oncogene, serine/threonine kinase [Source:HGNC Symbol;Acc:HGNC:9829]",,,RAF1,TKL,RAF,"",TKL,RAF,""
ENSG00000118046,STK11,serine/threonine kinase 11 [Source:HGNC Symbol;Acc:HGNC:11389],,,,,,,,,
ENSG00000184343,SRPK3,SRSF protein kinase 3 [Source:HGNC Symbol;Acc:HGNC:11402],,,,,,,,,
ENSG00000135341,MAP3K7,mitogen-activated protein kinase kinase kinase 7 [Source:HGNC Symbol;Acc:HGNC:6859],,,MAP3K7,STE,STE11,"",STE,STE11,""
ENSG00000198355,PIM3,"Pim-3 proto-oncogene, serine/threonine kinase [Source:HGNC Symbol;Acc:HGNC:19310]",,,PIM3,CAMK,PIM,"",CAMK,PIM,""
ENSG00000169118,CSNK1G1,casein kinase 1 gamma 1 [Source:HGNC Symbol;Acc:HGNC:2454],,,,,,,,,
ENSG00000177453,NIM1K,NIM1 serine/threonine protein kinase [Source:HGNC Symbol;Acc:HGNC:28646],,,,,,,,,
ENSG00000169967,MAP3K2,mitogen-activated protein kinase kinase kinase 2 [Source:HGNC Symbol;Acc:HGNC:6854],,,MAP3K2,STE,STE11,"",STE,STE11,""
ENSG00000104205,SGK3,serum/glucocorticoid regulated kinase family member 3 [Source:HGNC Symbol;Acc:HGNC:10812],,,SGK3,AGC,SGK,"",AGC,SGK,""
ENSG00000163513,TGFBR2,transforming growth factor beta receptor 2 [Source:HGNC Symbol;Acc:HGNC:11773],,,TGFbR2,TKL,STKR,Type2,TKL,STKR,Type2
ENSG00000138669,PRKG2,protein kinase cGMP-dependent 2 [Source:HGNC Symbol;Acc:HGNC:9416],,,,,,,,,
ENSG00000171219,CDC42BPG,CDC42 binding protein kinase gamma [Source:HGNC Symbol;Acc:HGNC:29829],,,,,,,,,
ENSG00000115085,ZAP70,zeta chain of T cell receptor associated protein kinase 70 [Source:HGNC Symbol;Acc:HGNC:12858],,,ZAP70,TK,Syk,"",TK,Syk,""
ENSG00000137193,PIM1,"Pim-1 proto-oncogene, serine/threonine kinase [Source:HGNC Symbol;Acc:HGNC:8986]",,,PIM1,CAMK,PIM,"",CAMK,PIM,""
ENSG00000149930,TAOK2,TAO kinase 2 [Source:HGNC Symbol;Acc:HGNC:16835],,,,,,,,,
ENSG00000177169,ULK1,unc-51 like autophagy activating kinase 1 [Source:HGNC Symbol;Acc:HGNC:12558],,,ULK1,Other,ULK,"",Other,ULK,""
ENSG00000116106,EPHA4,EPH receptor A4 [Source:HGNC Symbol;Acc:HGNC:3388],,,EphA4,TK,Eph,"",TK,Eph,""
ENSG00000170145,SIK2,salt inducible kinase 2 [Source:HGNC Symbol;Acc:HGNC:21680],,,,,,,,,
ENSG00000101306,MYLK2,myosin light chain kinase 2 [Source:HGNC Symbol;Acc:HGNC:16243],,,,,,,,,
ENSG00000118515,SGK1,serum/glucocorticoid regulated kinase 1 [Source:HGNC Symbol;Acc:HGNC:10810],,,,,,,,,
ENSG00000050748,MAPK9,mitogen-activated protein kinase 9 [Source:HGNC Symbol;Acc:HGNC:6886],,,,,,,,,
ENSG00000115977,AAK1,AP2 associated kinase 1 [Source:HGNC Symbol;Acc:HGNC:19679],,,AAK1,Other,NAK,"",Other,NAK,""
ENSG00000146648,EGFR,epidermal growth factor receptor [Source:HGNC Symbol;Acc:HGNC:3236],,,EGFR,TK,EGFR,"",TK,EGFR,""
ENSG00000277632,CCL3,C-C motif chemokine ligand 3 [Source:HGNC Symbol;Acc:HGNC:10627],,,,,,,,,
ENSG00000213923,CSNK1E,casein kinase 1 epsilon [Source:HGNC Symbol;Acc:HGNC:2453],,,,,,,,,
ENSG00000064393,HIPK2,homeodomain interacting protein kinase 2 [Source:HGNC Symbol;Acc:HGNC:14402],,,HIPK2,CMGC,DYRK,HIPK,CMGC,DYRK,HIPK
ENSG00000106683,LIMK1,LIM domain kinase 1 [Source:HGNC Symbol;Acc:HGNC:6613],,,LIMK1,TKL,LISK,LIMK,TKL,LISK,LIMK
ENSG00000156345,CDK20,cyclin dependent kinase 20 [Source:HGNC Symbol;Acc:HGNC:21420],,,,,,,,,
ENSG00000087586,AURKA,aurora kinase A [Source:HGNC Symbol;Acc:HGNC:11393],,,,,,,,,
ENSG00000123612,ACVR1C,activin A receptor type 1C [Source:HGNC Symbol;Acc:HGNC:18123],,,,,,,,,
ENSG00000173327,MAP3K11,mitogen-activated protein kinase kinase kinase 11 [Source:HGNC Symbol;Acc:HGNC:6850],,,,,,,,,
ENSG00000166851,PLK1,polo like kinase 1 [Source:HGNC Symbol;Acc:HGNC:9077],,,PLK1,Other,PLK,"",Other,PLK,""
ENSG00000125834,STK35,serine/threonine kinase 35 [Source:HGNC Symbol;Acc:HGNC:16254],,,,,,,,,
ENSG00000101255,TRIB3,tribbles pseudokinase 3 [Source:HGNC Symbol;Acc:HGNC:16228],,,,,,,,,
ENSG00000103653,CSK,C-terminal Src kinase [Source:HGNC Symbol;Acc:HGNC:2444],,,CSK,TK,Csk,"",TK,Csk,""
ENSG00000095015,MAP3K1,mitogen-activated protein kinase kinase kinase 1 [Source:HGNC Symbol;Acc:HGNC:6848],,,MAP3K1,STE,STE11,"",STE,STE11,""
ENSG00000101265,RASSF2,Ras association domain family member 2 [Source:HGNC Symbol;Acc:HGNC:9883],,,,,,,,,
ENSG00000146904,EPHA1,EPH receptor A1 [Source:HGNC Symbol;Acc:HGNC:3385],,,EphA1,TK,Eph,"",TK,Eph,""
ENSG00000137764,MAP2K5,mitogen-activated protein kinase kinase 5 [Source:HGNC Symbol;Acc:HGNC:6845],,,MAP2K5,STE,STE7,"",STE,STE7,""
ENSG00000123143,PKN1,protein kinase N1 [Source:HGNC Symbol;Acc:HGNC:9405],,,PKN1,AGC,PKN,"",AGC,PKN,""
ENSG00000084774,CAD,"carbamoyl-phosphate synthetase 2, aspartate transcarbamylase, and dihydroorotase [Source:HGNC Symbol;Acc:HGNC:1424]",,,,,,,,,
ENSG00000145349,CAMK2D,calcium/calmodulin dependent protein kinase II delta [Source:HGNC Symbol;Acc:HGNC:1462],,,CaMK2d,CAMK,CAMK2,"",CAMK,CAMK2,""
ENSG00000115661,STK16,serine/threonine kinase 16 [Source:HGNC Symbol;Acc:HGNC:11394],,,,,,,,,
ENSG00000141551,CSNK1D,casein kinase 1 delta [Source:HGNC Symbol;Acc:HGNC:2452],,,,,,,,,
ENSG00000105053,VRK3,VRK serine/threonine kinase 3 [Source:HGNC Symbol;Acc:HGNC:18996],,,VRK3,CK1,VRK,"",CK1,VRK,""
ENSG00000183317,EPHA10,EPH receptor A10 [Source:HGNC Symbol;Acc:HGNC:19987],,,EphA10,TK,Eph,"",TK,Eph,""
ENSG00000181409,AATK,apoptosis associated tyrosine kinase [Source:HGNC Symbol;Acc:HGNC:21],,,,,,,,,
ENSG00000085511,MAP3K4,mitogen-activated protein kinase kinase kinase 4 [Source:HGNC Symbol;Acc:HGNC:6856],,,MAP3K4,STE,STE11,"",STE,STE11,""
ENSG00000175634,RPS6KB2,ribosomal protein S6 kinase B2 [Source:HGNC Symbol;Acc:HGNC:10437],,,,,,,,,
ENSG00000126562,WNK4,WNK lysine deficient protein kinase 4 [Source:HGNC Symbol;Acc:HGNC:14544],,,Wnk4,Other,Wnk,"",Other,Wnk,""
ENSG00000167524,RSKR,ribosomal protein S6 kinase related [Source:HGNC Symbol;Acc:HGNC:26314],,,,,,,,,
ENSG00000063761,ADCK1,aarF domain containing kinase 1 [Source:HGNC Symbol;Acc:HGNC:19038],,,ADCK1,Atypical,ABC1,ABC1-B,Atypical,ABC1,ABC1-B
ENSG00000081320,STK17B,serine/threonine kinase 17b [Source:HGNC Symbol;Acc:HGNC:11396],,,,,,,,,
ENSG00000126934,MAP2K2,mitogen-activated protein kinase kinase 2 [Source:HGNC Symbol;Acc:HGNC:6842],,,MAP2K2,STE,STE7,"",STE,STE7,""
ENSG00000127564,PKMYT1,"protein kinase, membrane associated tyrosine/threonine 1 [Source:HGNC Symbol;Acc:HGNC:29650]",,,,,,,,,
ENSG00000140538,NTRK3,neurotrophic receptor tyrosine kinase 3 [Source:HGNC Symbol;Acc:HGNC:8033],,,,,,,,,
ENSG00000139567,ACVRL1,activin A receptor like type 1 [Source:HGNC Symbol;Acc:HGNC:175],,,,,,,,,
ENSG00000114904,NEK4,NIMA related kinase 4 [Source:HGNC Symbol;Acc:HGNC:11399],,,NEK4,Other,NEK,"",Other,NEK,""
ENSG00000062524,LTK,leukocyte receptor tyrosine kinase [Source:HGNC Symbol;Acc:HGNC:6721],,,LTK,TK,Alk,"",TK,Alk,""
ENSG00000164715,LMTK2,lemur tyrosine kinase 2 [Source:HGNC Symbol;Acc:HGNC:17880],,,,,,,,,
ENSG00000164078,MST1R,macrophage stimulating 1 receptor [Source:HGNC Symbol;Acc:HGNC:7381],,,,,,,,,
ENSG00000162409,PRKAA2,protein kinase AMP-activated catalytic subunit alpha 2 [Source:HGNC Symbol;Acc:HGNC:9377],,,,,,,,,
ENSG00000123815,COQ8B,coenzyme Q8B [Source:HGNC Symbol;Acc:HGNC:19041],,,,,,,,,
ENSG00000069956,MAPK6,mitogen-activated protein kinase 6 [Source:HGNC Symbol;Acc:HGNC:6879],,,,,,,,,
ENSG00000168297,PXK,PX domain containing serine/threonine kinase like [Source:HGNC Symbol;Acc:HGNC:23326],,,,,,,,,
ENSG00000120899,PTK2B,protein tyrosine kinase 2 beta [Source:HGNC Symbol;Acc:HGNC:9612],,,,,,,,,
ENSG00000169679,BUB1,BUB1 mitotic checkpoint serine/threonine kinase [Source:HGNC Symbol;Acc:HGNC:1148],,,BUB1,Other,BUB,"",Other,BUB,""
ENSG00000135250,SRPK2,SRSF protein kinase 2 [Source:HGNC Symbol;Acc:HGNC:11306],,,SRPK2,CMGC,SRPK,"",CMGC,SRPK,""
ENSG00000104936,DMPK,DM1 protein kinase [Source:HGNC Symbol;Acc:HGNC:2933],,,,,,,,,
ENSG00000104365,IKBKB,inhibitor of nuclear factor kappa B kinase subunit beta [Source:HGNC Symbol;Acc:HGNC:5960],,,,,,,,,
ENSG00000163491,NEK10,NIMA related kinase 10 [Source:HGNC Symbol;Acc:HGNC:18592],,,NEK10,Other,NEK,"",Other,NEK,""
ENSG00000113721,PDGFRB,platelet derived growth factor receptor beta [Source:HGNC Symbol;Acc:HGNC:8804],,,PDGFRb,TK,PDGFR,"",TK,PDGFR,""
ENSG00000110931,CAMKK2,calcium/calmodulin dependent protein kinase kinase 2 [Source:HGNC Symbol;Acc:HGNC:1470],,,CaMKK2,Other,CAMKK,Meta,Other,CAMKK,Meta
ENSG00000109339,MAPK10,mitogen-activated protein kinase 10 [Source:HGNC Symbol;Acc:HGNC:6872],,,,,,,,,
ENSG00000106123,EPHB6,EPH receptor B6 [Source:HGNC Symbol;Acc:HGNC:3396],,,EphB6,TK,Eph,"",TK,Eph,""
ENSG00000157106,SMG1,SMG1 nonsense mediated mRNA decay associated PI3K related kinase [Source:HGNC Symbol;Acc:HGNC:30045],,,SMG1,Atypical,PIKK,SMG1,Atypical,PIKK,SMG1
ENSG00000137843,PAK6,p21 (RAC1) activated kinase 6 [Source:HGNC Symbol;Acc:HGNC:16061],,,PAK6,STE,STE20,PAKB,STE,STE20,PAKB
ENSG00000177706,FAM20C,FAM20C golgi associated secretory pathway kinase [Source:HGNC Symbol;Acc:HGNC:22140],,,,,,,,,
ENSG00000185324,CDK10,cyclin dependent kinase 10 [Source:HGNC Symbol;Acc:HGNC:1770],,,CDK10,CMGC,CDK,CDK10,CMGC,CDK,CDK10
ENSG00000168067,MAP4K2,mitogen-activated protein kinase kinase kinase kinase 2 [Source:HGNC Symbol;Acc:HGNC:6864],,,,,,,,,
ENSG00000128829,EIF2AK4,eukaryotic translation initiation factor 2 alpha kinase 4 [Source:HGNC Symbol;Acc:HGNC:19687],,,,,,,,,
ENSG00000163785,RYK,receptor like tyrosine kinase [Source:HGNC Symbol;Acc:HGNC:10481],,,RYK,TK,Ryk,"",TK,Ryk,""
ENSG00000102225,CDK16,cyclin dependent kinase 16 [Source:HGNC Symbol;Acc:HGNC:8749],,,,,,,,,
ENSG00000105221,AKT2,AKT serine/threonine kinase 2 [Source:HGNC Symbol;Acc:HGNC:392],,,AKT2,AGC,AKT,"",AGC,AKT,""
ENSG00000115687,PASK,PAS domain containing serine/threonine kinase [Source:HGNC Symbol;Acc:HGNC:17270],,,PASK,CAMK,CAMKL,PASK,CAMK,CAMKL,PASK
ENSG00000142875,PRKACB,protein kinase cAMP-activated catalytic subunit beta [Source:HGNC Symbol;Acc:HGNC:9381],,,,,,,,,
ENSG00000160551,TAOK1,TAO kinase 1 [Source:HGNC Symbol;Acc:HGNC:29259],,,,,,,,,
ENSG00000121101,TEX14,"testis expressed 14, intercellular bridge forming factor [Source:HGNC Symbol;Acc:HGNC:11737]",,,,,,,,,
ENSG00000115825,PRKD3,protein kinase D3 [Source:HGNC Symbol;Acc:HGNC:9408],,,,,,,,,
ENSG00000133275,CSNK1G2,casein kinase 1 gamma 2 [Source:HGNC Symbol;Acc:HGNC:2455],,,,,,,,,
ENSG00000198055,GRK6,G protein-coupled receptor kinase 6 [Source:HGNC Symbol;Acc:HGNC:4545],,,,,,,,,
ENSG00000196730,DAPK1,death associated protein kinase 1 [Source:HGNC Symbol;Acc:HGNC:2674],,,DAPK1,CAMK,DAPK,"",CAMK,DAPK,""
ENSG00000103319,EEF2K,eukaryotic elongation factor 2 kinase [Source:HGNC Symbol;Acc:HGNC:24615],,,eEF2K,Atypical,Alpha,eEF2K,Atypical,Alpha,eEF2K
ENSG00000112062,MAPK14,mitogen-activated protein kinase 14 [Source:HGNC Symbol;Acc:HGNC:6876],,,,,,,,,
ENSG00000167258,CDK12,cyclin dependent kinase 12 [Source:HGNC Symbol;Acc:HGNC:24224],,,,,,,,,
ENSG00000058404,CAMK2B,calcium/calmodulin dependent protein kinase II beta [Source:HGNC Symbol;Acc:HGNC:1461],,,CaMK2b,CAMK,CAMK2,"",CAMK,CAMK2,""
ENSG00000130726,TRIM28,tripartite motif containing 28 [Source:HGNC Symbol;Acc:HGNC:16384],,,,,,,,,
ENSG00000142208,AKT1,AKT serine/threonine kinase 1 [Source:HGNC Symbol;Acc:HGNC:391],,,AKT1,AGC,AKT,"",AGC,AKT,""
ENSG00000117650,NEK2,NIMA related kinase 2 [Source:HGNC Symbol;Acc:HGNC:7745],,,NEK2,Other,NEK,"",Other,NEK,""
ENSG00000004799,PDK4,pyruvate dehydrogenase kinase 4 [Source:HGNC Symbol;Acc:HGNC:8812],,,,,,,,,
ENSG00000166484,MAPK7,mitogen-activated protein kinase 7 [Source:HGNC Symbol;Acc:HGNC:6880],,,,,,,,,
ENSG00000157764,BRAF,"B-Raf proto-oncogene, serine/threonine kinase [Source:HGNC Symbol;Acc:HGNC:1097]",,,BRAF,TKL,RAF,"",TKL,RAF,""
ENSG00000108984,MAP2K6,mitogen-activated protein kinase kinase 6 [Source:HGNC Symbol;Acc:HGNC:6846],,,MAP2K6,STE,STE7,"",STE,STE7,""
ENSG00000152495,CAMK4,calcium/calmodulin dependent protein kinase IV [Source:HGNC Symbol;Acc:HGNC:1464],,,CaMK4,CAMK,CAMK1,"",CAMK,CAMK1,""
ENSG00000097046,CDC7,cell division cycle 7 [Source:HGNC Symbol;Acc:HGNC:1745],,,CDC7,Other,CDC7,"",Other,CDC7,""
ENSG00000037280,FLT4,fms related receptor tyrosine kinase 4 [Source:HGNC Symbol;Acc:HGNC:3767],,,FLT4,TK,VEGFR,"",TK,VEGFR,""
ENSG00000163558,PRKCI,protein kinase C iota [Source:HGNC Symbol;Acc:HGNC:9404],,,,,,,,,
ENSG00000178999,AURKB,aurora kinase B [Source:HGNC Symbol;Acc:HGNC:11390],,,,,,,,,
ENSG00000198208,RPS6KL1,ribosomal protein S6 kinase like 1 [Source:HGNC Symbol;Acc:HGNC:20222],,,,,,,,,
ENSG00000090376,IRAK3,interleukin 1 receptor associated kinase 3 [Source:HGNC Symbol;Acc:HGNC:17020],,,IRAK3,TKL,IRAK,"",TKL,IRAK,""
ENSG00000077782,FGFR1,fibroblast growth factor receptor 1 [Source:HGNC Symbol;Acc:HGNC:3688],,,FGFR1,TK,FGFR,"",TK,FGFR,""
ENSG00000182511,FES,"FES proto-oncogene, tyrosine kinase [Source:HGNC Symbol;Acc:HGNC:3657]",,,FES,TK,Fer,"",TK,Fer,""
ENSG00000096063,SRPK1,SRSF protein kinase 1 [Source:HGNC Symbol;Acc:HGNC:11305],,,SRPK1,CMGC,SRPK,"",CMGC,SRPK,""
ENSG00000143674,MAP3K21,mitogen-activated protein kinase kinase kinase 21 [Source:HGNC Symbol;Acc:HGNC:29798],,,,,,,,,
ENSG00000154310,TNIK,TRAF2 and NCK interacting kinase [Source:HGNC Symbol;Acc:HGNC:30765],,,,,,,,,
ENSG00000142627,EPHA2,EPH receptor A2 [Source:HGNC Symbol;Acc:HGNC:3386],,,EphA2,TK,Eph,"",TK,Eph,""
ENSG00000096968,JAK2,Janus kinase 2 [Source:HGNC Symbol;Acc:HGNC:6192],,,JAK2,TK,JakA,"",TK,JakA,""
ENSG00000065675,PRKCQ,protein kinase C theta [Source:HGNC Symbol;Acc:HGNC:9410],,,,,,,,,
ENSG00000250506,CDK3,cyclin dependent kinase 3 [Source:HGNC Symbol;Acc:HGNC:1772],,,CDK3,CMGC,CDK,CDC2,CMGC,CDK,CDC2
ENSG00000108960,MMD,monocyte to macrophage differentiation associated [Source:HGNC Symbol;Acc:HGNC:7153],,,,,,,,,
ENSG00000112739,PRP4K,pre-mRNA processing factor kinase PRP4K [Source:HGNC Symbol;Acc:HGNC:17346],,,,,,,,,
ENSG00000076984,MAP2K7,mitogen-activated protein kinase kinase 7 [Source:HGNC Symbol;Acc:HGNC:6847],,,MAP2K7,STE,STE7,"",STE,STE7,""
ENSG00000170390,DCLK2,doublecortin like kinase 2 [Source:HGNC Symbol;Acc:HGNC:19002],,,,,,,,,
ENSG00000197442,MAP3K5,mitogen-activated protein kinase kinase kinase 5 [Source:HGNC Symbol;Acc:HGNC:6857],,,MAP3K5,STE,STE11,"",STE,STE11,""
ENSG00000065559,MAP2K4,mitogen-activated protein kinase kinase 4 [Source:HGNC Symbol;Acc:HGNC:6844],,,MAP2K4,STE,STE7,"",STE,STE7,""
ENSG00000165752,STK32C,serine/threonine kinase 32C [Source:HGNC Symbol;Acc:HGNC:21332],,,,,,,,,
ENSG00000169071,ROR2,receptor tyrosine kinase like orphan receptor 2 [Source:HGNC Symbol;Acc:HGNC:10257],,,ROR2,TK,Ror,"",TK,Ror,""
ENSG00000159899,NPR2,natriuretic peptide receptor 2 [Source:HGNC Symbol;Acc:HGNC:7944],,,,,,,,,
ENSG00000156711,MAPK13,mitogen-activated protein kinase 13 [Source:HGNC Symbol;Acc:HGNC:6875],,,,,,,,,
ENSG00000139625,MAP3K12,mitogen-activated protein kinase kinase kinase 12 [Source:HGNC Symbol;Acc:HGNC:6851],,,,,,,,,
ENSG00000231274,SBK3,SH3 domain binding kinase family member 3 [Source:HGNC Symbol;Acc:HGNC:44121],,,,,,,,,
ENSG00000155111,CDK19,cyclin dependent kinase 19 [Source:HGNC Symbol;Acc:HGNC:19338],,,,,,,,,
ENSG00000254087,LYN,"LYN proto-oncogene, Src family tyrosine kinase [Source:HGNC Symbol;Acc:HGNC:6735]",,,LYN,TK,Src,"",TK,Src,""
ENSG00000135605,TEC,tec protein tyrosine kinase [Source:HGNC Symbol;Acc:HGNC:11719],,,TEC,TK,Tec,"",TK,Tec,""
ENSG00000115694,STK25,serine/threonine kinase 25 [Source:HGNC Symbol;Acc:HGNC:11404],,,,,,,,,
ENSG00000068078,FGFR3,fibroblast growth factor receptor 3 [Source:HGNC Symbol;Acc:HGNC:3690],,,FGFR3,TK,FGFR,"",TK,FGFR,""
ENSG00000140474,ULK3,unc-51 like kinase 3 [Source:HGNC Symbol;Acc:HGNC:19703],,,ULK3,Other,ULK,"",Other,ULK,""
ENSG00000151422,FER,FER tyrosine kinase [Source:HGNC Symbol;Acc:HGNC:3655],,,FER,TK,Fer,"",TK,Fer,""
ENSG00000138696,BMPR1B,bone morphogenetic protein receptor type 1B [Source:HGNC Symbol;Acc:HGNC:1077],,,BMPR1B,TKL,STKR,Type1,TKL,STKR,Type1
ENSG00000100749,VRK1,VRK serine/threonine kinase 1 [Source:HGNC Symbol;Acc:HGNC:12718],,,VRK1,CK1,VRK,"",CK1,VRK,""
ENSG00000173517,PEAK1,pseudopodium enriched atypical kinase 1 [Source:HGNC Symbol;Acc:HGNC:29431],,,,,,,,,
ENSG00000167657,DAPK3,death associated protein kinase 3 [Source:HGNC Symbol;Acc:HGNC:2676],,,DAPK3,CAMK,DAPK,"",CAMK,DAPK,""
ENSG00000188906,LRRK2,leucine rich repeat kinase 2 [Source:HGNC Symbol;Acc:HGNC:18618],,,LRRK2,TKL,LRRK,"",TKL,LRRK,""
ENSG00000086015,MAST2,microtubule associated serine/threonine kinase 2 [Source:HGNC Symbol;Acc:HGNC:19035],,,MAST2,AGC,MAST,"",AGC,MAST,""
ENSG00000134853,PDGFRA,platelet derived growth factor receptor alpha [Source:HGNC Symbol;Acc:HGNC:8803],,,PDGFRa,TK,PDGFR,"",TK,PDGFR,""
ENSG00000174672,BRSK2,BR serine/threonine kinase 2 [Source:HGNC Symbol;Acc:HGNC:11405],,,BRSK2,CAMK,CAMKL,BRSK,CAMK,CAMKL,BRSK
ENSG00000163932,PRKCD,protein kinase C delta [Source:HGNC Symbol;Acc:HGNC:9399],,,,,,,,,
ENSG00000204580,DDR1,discoidin domain receptor tyrosine kinase 1 [Source:HGNC Symbol;Acc:HGNC:2730],,,DDR1,TK,DDR,"",TK,DDR,""
ENSG00000047936,ROS1,"ROS proto-oncogene 1, receptor tyrosine kinase [Source:HGNC Symbol;Acc:HGNC:10261]",,,,,,,,,
ENSG00000178950,GAK,cyclin G associated kinase [Source:HGNC Symbol;Acc:HGNC:4113],,,GAK,Other,NAK,"",Other,NAK,""
ENSG00000105397,TYK2,tyrosine kinase 2 [Source:HGNC Symbol;Acc:HGNC:12440],,,TYK2,TK,JakA,"",TK,JakA,""
ENSG00000104375,STK3,serine/threonine kinase 3 [Source:HGNC Symbol;Acc:HGNC:11406],,,,,,,,,
ENSG00000121989,ACVR2A,activin A receptor type 2A [Source:HGNC Symbol;Acc:HGNC:173],,,,,,,,,
ENSG00000136021,SCYL2,SCY1 like pseudokinase 2 [Source:HGNC Symbol;Acc:HGNC:19286],,,SCYL2,Other,SCY1,"",Other,SCY1,""
ENSG00000073803,MAP3K13,mitogen-activated protein kinase kinase kinase 13 [Source:HGNC Symbol;Acc:HGNC:6852],,,,,,,,,
ENSG00000179335,CLK3,CDC like kinase 3 [Source:HGNC Symbol;Acc:HGNC:2071],,,CLK3,CMGC,CLK,"",CMGC,CLK,""
ENSG00000103507,BCKDK,branched chain keto acid dehydrogenase kinase [Source:HGNC Symbol;Acc:HGNC:16902],,,BCKDK,Atypical,PDHK,"",Atypical,PDHK,""
ENSG00000182578,CSF1R,colony stimulating factor 1 receptor [Source:HGNC Symbol;Acc:HGNC:2433],,,,,,,,,
ENSG00000075413,MARK3,microtubule affinity regulating kinase 3 [Source:HGNC Symbol;Acc:HGNC:6897],,,MARK3,CAMK,CAMKL,MARK,CAMK,CAMKL,MARK
ENSG00000074966,TXK,TXK tyrosine kinase [Source:HGNC Symbol;Acc:HGNC:12434],,,TXK,TK,Tec,"",TK,Tec,""
ENSG00000185988,PLK5,polo like kinase 5 (inactive) [Source:HGNC Symbol;Acc:HGNC:27001],,,,,,,,,
ENSG00000173020,GRK2,G protein-coupled receptor kinase 2 [Source:HGNC Symbol;Acc:HGNC:289],,,,,,,,,
ENSG00000160867,FGFR4,fibroblast growth factor receptor 4 [Source:HGNC Symbol;Acc:HGNC:3691],,,FGFR4,TK,FGFR,"",TK,FGFR,""
ENSG00000083290,ULK2,unc-51 like autophagy activating kinase 2 [Source:HGNC Symbol;Acc:HGNC:13480],,,ULK2,Other,ULK,"",Other,ULK,""
ENSG00000164076,CAMKV,CaM kinase like vesicle associated [Source:HGNC Symbol;Acc:HGNC:28788],,,,,,,,,
ENSG00000164543,STK17A,serine/threonine kinase 17a [Source:HGNC Symbol;Acc:HGNC:11395],,,,,,,,,
ENSG00000166333,ILK,integrin linked kinase [Source:HGNC Symbol;Acc:HGNC:6040],,,ILK,TKL,MLK,ILK,TKL,MLK,ILK
ENSG00000163349,HIPK1,homeodomain interacting protein kinase 1 [Source:HGNC Symbol;Acc:HGNC:19006],,,HIPK1,CMGC,DYRK,HIPK,CMGC,DYRK,HIPK
ENSG00000008118,CAMK1G,calcium/calmodulin dependent protein kinase IG [Source:HGNC Symbol;Acc:HGNC:14585],,,CaMK1g,CAMK,CAMK1,"",CAMK,CAMK1,""
ENSG00000151292,CSNK1G3,casein kinase 1 gamma 3 [Source:HGNC Symbol;Acc:HGNC:2456],,,,,,,,,
ENSG00000105976,MET,"MET proto-oncogene, receptor tyrosine kinase [Source:HGNC Symbol;Acc:HGNC:7029]",,,MET,TK,Met,"",TK,Met,""
ENSG00000165025,SYK,spleen associated tyrosine kinase [Source:HGNC Symbol;Acc:HGNC:11491],,,SYK,TK,Syk,"",TK,Syk,""
ENSG00000070770,CSNK2A2,casein kinase 2 alpha 2 [Source:HGNC Symbol;Acc:HGNC:2459],,,,,,,,,
ENSG00000107140,TESK1,testis associated actin remodelling kinase 1 [Source:HGNC Symbol;Acc:HGNC:11731],,,TESK1,TKL,LISK,TESK,TKL,LISK,TESK
ENSG00000134318,ROCK2,Rho associated coiled-coil containing protein kinase 2 [Source:HGNC Symbol;Acc:HGNC:10252],,,ROCK2,AGC,DMPK,ROCK,AGC,DMPK,ROCK
ENSG00000248333,CDK11B,cyclin dependent kinase 11B [Source:HGNC Symbol;Acc:HGNC:1729],,,,,,,,,
ENSG00000106799,TGFBR1,transforming growth factor beta receptor 1 [Source:HGNC Symbol;Acc:HGNC:11772],,,TGFbR1,TKL,STKR,Type1,TKL,STKR,Type1
ENSG00000168038,ULK4,unc-51 like kinase 4 [Source:HGNC Symbol;Acc:HGNC:15784],,,ULK4,Other,ULK,"",Other,ULK,""
ENSG00000119408,NEK6,NIMA related kinase 6 [Source:HGNC Symbol;Acc:HGNC:7749],,,NEK6,Other,NEK,"",Other,NEK,""
ENSG00000198793,MTOR,mechanistic target of rapamycin kinase [Source:HGNC Symbol;Acc:HGNC:3942],,,,,,,,,
ENSG00000115170,ACVR1,activin A receptor type 1 [Source:HGNC Symbol;Acc:HGNC:171],,,,,,,,,
ENSG00000008128,CDK11A,cyclin dependent kinase 11A [Source:HGNC Symbol;Acc:HGNC:1730],,,,,,,,,
ENSG00000060140,STYK1,serine/threonine/tyrosine kinase 1 [Source:HGNC Symbol;Acc:HGNC:18889],,,,,,,,,
ENSG00000133597,ADCK2,aarF domain containing kinase 2 [Source:HGNC Symbol;Acc:HGNC:19039],,,ADCK2,Atypical,ABC1,ABC1-C,Atypical,ABC1,ABC1-C
ENSG00000105851,PIK3CG,"phosphatidylinositol-4,5-bisphosphate 3-kinase catalytic subunit gamma [Source:HGNC Symbol;Acc:HGNC:8978]",,,,,,,,,
ENSG00000198001,IRAK4,interleukin 1 receptor associated kinase 4 [Source:HGNC Symbol;Acc:HGNC:17967],,,IRAK4,TKL,IRAK,"",TKL,IRAK,""
ENSG00000160584,SIK3,SIK family kinase 3 [Source:HGNC Symbol;Acc:HGNC:29165],,,,,,,,,
ENSG00000148660,CAMK2G,calcium/calmodulin dependent protein kinase II gamma [Source:HGNC Symbol;Acc:HGNC:1463],,,CaMK2g,CAMK,CAMK2,"",CAMK,CAMK2,""
ENSG00000130669,PAK4,p21 (RAC1) activated kinase 4 [Source:HGNC Symbol;Acc:HGNC:16059],,,PAK4,STE,STE20,PAKB,STE,STE20,PAKB
ENSG00000140992,PDPK1,3-phosphoinositide dependent protein kinase 1 [Source:HGNC Symbol;Acc:HGNC:8816],,,,,,,,,
ENSG00000187550,SBK2,SH3 domain binding kinase family member 2 [Source:HGNC Symbol;Acc:HGNC:34416],,,,,,,,,
ENSG00000156873,PHKG2,phosphorylase kinase catalytic subunit gamma 2 [Source:HGNC Symbol;Acc:HGNC:8931],,,PHKg2,CAMK,PHK,"",CAMK,PHK,""
ENSG00000010810,FYN,"FYN proto-oncogene, Src family tyrosine kinase [Source:HGNC Symbol;Acc:HGNC:4037]",,,FYN,TK,Src,"",TK,Src,""
ENSG00000071242,RPS6KA2,ribosomal protein S6 kinase A2 [Source:HGNC Symbol;Acc:HGNC:10431],,,,,,,,,
ENSG00000125388,GRK4,G protein-coupled receptor kinase 4 [Source:HGNC Symbol;Acc:HGNC:4543],,,,,,,,,
ENSG00000145348,TBCK,TBC1 domain containing kinase [Source:HGNC Symbol;Acc:HGNC:28261],,,TBCK,Other,TBCK,"",Other,TBCK,""
ENSG00000137275,RIPK1,receptor interacting serine/threonine kinase 1 [Source:HGNC Symbol;Acc:HGNC:10019],,,RIPK1,TKL,RIPK,"",TKL,RIPK,""
ENSG00000034152,MAP2K3,mitogen-activated protein kinase kinase 3 [Source:HGNC Symbol;Acc:HGNC:6843],,,MAP2K3,STE,STE7,"",STE,STE7,""
ENSG00000175087,PDIK1L,PDLIM1 interacting kinase 1 like [Source:HGNC Symbol;Acc:HGNC:18981],,,,,,,,,
ENSG00000145632,PLK2,polo like kinase 2 [Source:HGNC Symbol;Acc:HGNC:19699],,,PLK2,Other,PLK,"",Other,PLK,""
ENSG00000163788,SNRK,SNF related kinase [Source:HGNC Symbol;Acc:HGNC:30598],,,SNRK,CAMK,CAMKL,SNRK,CAMK,CAMKL,SNRK
ENSG00000196455,PIK3R4,phosphoinositide-3-kinase regulatory subunit 4 [Source:HGNC Symbol;Acc:HGNC:8982],,,PIK3R4,Other,VPS15,"",Other,VPS15,""
ENSG00000120539,MASTL,microtubule associated serine/threonine kinase like [Source:HGNC Symbol;Acc:HGNC:19042],,,MASTL,AGC,MAST,"",AGC,MAST,""
ENSG00000117266,CDK18,cyclin dependent kinase 18 [Source:HGNC Symbol;Acc:HGNC:8751],,,,,,,,,
ENSG00000173846,PLK3,polo like kinase 3 [Source:HGNC Symbol;Acc:HGNC:2154],,,PLK3,Other,PLK,"",Other,PLK,""
ENSG00000168404,MLKL,mixed lineage kinase domain like pseudokinase [Source:HGNC Symbol;Acc:HGNC:26617],,,MLKL,TKL,TKL-Unique,"",TKL,TKL-Unique,""
ENSG00000013441,CLK1,CDC like kinase 1 [Source:HGNC Symbol;Acc:HGNC:2068],,,CLK1,CMGC,CLK,"",CMGC,CLK,""
ENSG00000214102,WEE2,WEE2 oocyte meiosis inhibiting kinase [Source:HGNC Symbol;Acc:HGNC:19684],,,,,,,,,
ENSG00000107968,MAP3K8,mitogen-activated protein kinase kinase kinase 8 [Source:HGNC Symbol;Acc:HGNC:6860],,,MAP3K8,STE,STE11,"",STE,STE11,""
ENSG00000149269,PAK1,p21 (RAC1) activated kinase 1 [Source:HGNC Symbol;Acc:HGNC:8590],,,PAK1,STE,STE20,PAKA,STE,STE20,PAKA
ENSG00000211455,STK38L,serine/threonine kinase 38 like [Source:HGNC Symbol;Acc:HGNC:17848],,,,,,,,,
ENSG00000112079,STK38,serine/threonine kinase 38 [Source:HGNC Symbol;Acc:HGNC:17847],,,,,,,,,
ENSG00000162889,MAPKAPK2,MAPK activated protein kinase 2 [Source:HGNC Symbol;Acc:HGNC:6887],,,MAPKAPK2,CAMK,MAPKAPK,MAPKAPK,CAMK,MAPKAPK,MAPKAPK
ENSG00000112655,PTK7,protein tyrosine kinase 7 (inactive) [Source:HGNC Symbol;Acc:HGNC:9618],,,,,,,,,
ENSG00000055332,EIF2AK2,eukaryotic translation initiation factor 2 alpha kinase 2 [Source:HGNC Symbol;Acc:HGNC:9437],,,,,,,,,
ENSG00000182580,EPHB3,EPH receptor B3 [Source:HGNC Symbol;Acc:HGNC:3394],,,EphB3,TK,Eph,"",TK,Eph,""
ENSG00000166501,PRKCB,protein kinase C beta [Source:HGNC Symbol;Acc:HGNC:9395],,,,,,,,,
ENSG00000263528,IKBKE,inhibitor of nuclear factor kappa B kinase subunit epsilon [Source:HGNC Symbol;Acc:HGNC:14552],,,,,,,,,
ENSG00000072062,PRKACA,protein kinase cAMP-activated catalytic subunit alpha [Source:HGNC Symbol;Acc:HGNC:9380],,,,,,,,,
ENSG00000087095,NLK,nemo like kinase [Source:HGNC Symbol;Acc:HGNC:29858],,,NLK,CMGC,MAPK,nmo,CMGC,MAPK,nmo
ENSG00000135409,AMHR2,anti-Mullerian hormone receptor type 2 [Source:HGNC Symbol;Acc:HGNC:465],,,,,,,,,
ENSG00000059758,CDK17,cyclin dependent kinase 17 [Source:HGNC Symbol;Acc:HGNC:8750],,,,,,,,,
ENSG00000180370,PAK2,p21 (RAC1) activated kinase 2 [Source:HGNC Symbol;Acc:HGNC:8591],,,PAK2,STE,STE20,PAKA,STE,STE20,PAKA
ENSG00000158828,PINK1,PTEN induced kinase 1 [Source:HGNC Symbol;Acc:HGNC:14581],,,PINK1,Other,NKF2,"",Other,NKF2,""
ENSG00000176749,CDK5R1,cyclin dependent kinase 5 regulatory subunit 1 [Source:HGNC Symbol;Acc:HGNC:1775],,,,,,,,,
ENSG00000266173,STRADA,STE20 related adaptor alpha [Source:HGNC Symbol;Acc:HGNC:30172],,,,,,,,,
ENSG00000102882,MAPK3,mitogen-activated protein kinase 3 [Source:HGNC Symbol;Acc:HGNC:6877],,,,,,,,,
ENSG00000105810,CDK6,cyclin dependent kinase 6 [Source:HGNC Symbol;Acc:HGNC:1777],,,CDK6,CMGC,CDK,CDK4,CMGC,CDK,CDK4
ENSG00000116783,TNNI3K,TNNI3 interacting kinase [Source:HGNC Symbol;Acc:HGNC:19661],,,,,,,,,
ENSG00000058091,CDK14,cyclin dependent kinase 14 [Source:HGNC Symbol;Acc:HGNC:8883],,,,,,,,,
ENSG00000198648,STK39,serine/threonine kinase 39 [Source:HGNC Symbol;Acc:HGNC:17717],,,,,,,,,
ENSG00000134072,CAMK1,calcium/calmodulin dependent protein kinase I [Source:HGNC Symbol;Acc:HGNC:1459],,,,,,,,,
ENSG00000135828,RNASEL,ribonuclease L [Source:HGNC Symbol;Acc:HGNC:10050],,,RNAseL,Other,Other-Unique,"",Other,Other-Unique,""
ENSG00000153208,MERTK,"MER proto-oncogene, tyrosine kinase [Source:HGNC Symbol;Acc:HGNC:7027]",,,,,,,,,
ENSG00000116141,MARK1,microtubule affinity regulating kinase 1 [Source:HGNC Symbol;Acc:HGNC:6896],,,MARK1,CAMK,CAMKL,MARK,CAMK,CAMKL,MARK
ENSG00000004660,CAMKK1,calcium/calmodulin dependent protein kinase kinase 1 [Source:HGNC Symbol;Acc:HGNC:1469],,,CaMKK1,Other,CAMKK,Meta,Other,CAMKK,Meta
ENSG00000135090,TAOK3,TAO kinase 3 [Source:HGNC Symbol;Acc:HGNC:18133],,,,,,,,,
ENSG00000162878,PKDCC,"protein kinase domain containing, cytoplasmic [Source:HGNC Symbol;Acc:HGNC:25123]",,,,,,,,,
ENSG00000061938,TNK2,tyrosine kinase non receptor 2 [Source:HGNC Symbol;Acc:HGNC:19297],,,,,,,,,
ENSG00000140795,MYLK3,myosin light chain kinase 3 [Source:HGNC Symbol;Acc:HGNC:29826],,,,,,,,,
ENSG00000141736,ERBB2,erb-b2 receptor tyrosine kinase 2 [Source:HGNC Symbol;Acc:HGNC:3430],,,,,,,,,
ENSG00000136297,MMD2,monocyte to macrophage differentiation associated 2 [Source:HGNC Symbol;Acc:HGNC:30133],,,,,,,,,
ENSG00000183735,TBK1,TANK binding kinase 1 [Source:HGNC Symbol;Acc:HGNC:11584],,,TBK1,Other,IKK,"",Other,IKK,""
ENSG00000154229,PRKCA,protein kinase C alpha [Source:HGNC Symbol;Acc:HGNC:9393],,,,,,,,,
ENSG00000163482,STK36,serine/threonine kinase 36 [Source:HGNC Symbol;Acc:HGNC:17209],,,,,,,,,
ENSG00000070019,GUCY2C,guanylate cyclase 2C [Source:HGNC Symbol;Acc:HGNC:4688],,,,,,,,,
ENSG00000130413,STK33,serine/threonine kinase 33 [Source:HGNC Symbol;Acc:HGNC:14568],,,STK33,CAMK,CAMK-Unique,"",CAMK,CAMK-Unique,""
ENSG00000115216,NRBP1,nuclear receptor binding protein 1 [Source:HGNC Symbol;Acc:HGNC:7993],,,NRBP1,Other,NRBP,"",Other,NRBP,""
ENSG00000108443,RPS6KB1,ribosomal protein S6 kinase B1 [Source:HGNC Symbol;Acc:HGNC:10436],,,,,,,,,
ENSG00000141503,MINK1,misshapen like kinase 1 [Source:HGNC Symbol;Acc:HGNC:17565],,,,,,,,,
ENSG00000164776,PHKG1,phosphorylase kinase catalytic subunit gamma 1 [Source:HGNC Symbol;Acc:HGNC:8930],,,PHKg1,CAMK,PHK,"",CAMK,PHK,""
ENSG00000065883,CDK13,cyclin dependent kinase 13 [Source:HGNC Symbol;Acc:HGNC:1733],,,,,,,,,
ENSG00000164885,CDK5,cyclin dependent kinase 5 [Source:HGNC Symbol;Acc:HGNC:1774],,,CDK5,CMGC,CDK,CDK5,CMGC,CDK,CDK5
ENSG00000108819,PPP1R9B,protein phosphatase 1 regulatory subunit 9B [Source:HGNC Symbol;Acc:HGNC:9298],,,,,,,,,
ENSG00000146872,TLK2,tousled like kinase 2 [Source:HGNC Symbol;Acc:HGNC:11842],,,TLK2,Other,TLK,"",Other,TLK,""
ENSG00000198909,MAP3K3,mitogen-activated protein kinase kinase kinase 3 [Source:HGNC Symbol;Acc:HGNC:6855],,,MAP3K3,STE,STE11,"",STE,STE11,""
ENSG00000152332,UHMK1,U2AF homology motif kinase 1 [Source:HGNC Symbol;Acc:HGNC:19683],,,,,,,,,
ENSG00000162302,RPS6KA4,ribosomal protein S6 kinase A4 [Source:HGNC Symbol;Acc:HGNC:10433],,,,,,,,,
ENSG00000152256,PDK1,pyruvate dehydrogenase kinase 1 [Source:HGNC Symbol;Acc:HGNC:8809],,,PDK1,AGC,PKB,"",AGC,PKB,""
ENSG00000122779,TRIM24,tripartite motif containing 24 [Source:HGNC Symbol;Acc:HGNC:11812],,,,,,,,,
ENSG00000149311,ATM,ATM serine/threonine kinase [Source:HGNC Symbol;Acc:HGNC:795],,,ATM,Atypical,PIKK,ATM,Atypical,PIKK,ATM
ENSG00000086232,EIF2AK1,eukaryotic translation initiation factor 2 alpha kinase 1 [Source:HGNC Symbol;Acc:HGNC:24921],,,,,,,,,
ENSG00000163050,COQ8A,coenzyme Q8A [Source:HGNC Symbol;Acc:HGNC:16812],,,,,,,,,
ENSG00000114738,MAPKAPK3,MAPK activated protein kinase 3 [Source:HGNC Symbol;Acc:HGNC:6888],,,MAPKAPK3,CAMK,MAPKAPK,MAPKAPK,CAMK,MAPKAPK,MAPKAPK
ENSG00000142186,SCYL1,SCY1 like pseudokinase 1 [Source:HGNC Symbol;Acc:HGNC:14372],,,SCYL1,Other,SCY1,"",Other,SCY1,""
ENSG00000196411,EPHB4,EPH receptor B4 [Source:HGNC Symbol;Acc:HGNC:3395],,,EphB4,TK,Eph,"",TK,Eph,""
ENSG00000154928,EPHB1,EPH receptor B1 [Source:HGNC Symbol;Acc:HGNC:3392],,,EphB1,TK,Eph,"",TK,Eph,""
ENSG00000070759,TESK2,testis associated actin remodelling kinase 2 [Source:HGNC Symbol;Acc:HGNC:11732],,,TESK2,TKL,LISK,TESK,TKL,LISK,TESK
ENSG00000134070,IRAK2,interleukin 1 receptor associated kinase 2 [Source:HGNC Symbol;Acc:HGNC:6113],,,IRAK2,TKL,IRAK,"",TKL,IRAK,""
ENSG00000117676,RPS6KA1,ribosomal protein S6 kinase A1 [Source:HGNC Symbol;Acc:HGNC:10430],,,,,,,,,
ENSG00000065534,MYLK,myosin light chain kinase [Source:HGNC Symbol;Acc:HGNC:7590],,,,,,,,,
ENSG00000011566,MAP4K3,mitogen-activated protein kinase kinase kinase kinase 3 [Source:HGNC Symbol;Acc:HGNC:6865],,,,,,,,,
ENSG00000005882,PDK2,pyruvate dehydrogenase kinase 2 [Source:HGNC Symbol;Acc:HGNC:8810],,,,,,,,,
ENSG00000160602,NEK8,NIMA related kinase 8 [Source:HGNC Symbol;Acc:HGNC:13387],,,NEK8,Other,NEK,"",Other,NEK,""
ENSG00000114670,NEK11,NIMA related kinase 11 [Source:HGNC Symbol;Acc:HGNC:18593],,,NEK11,Other,NEK,"",Other,NEK,""
ENSG00000065243,PKN2,protein kinase N2 [Source:HGNC Symbol;Acc:HGNC:9406],,,PKN2,AGC,PKN,"",AGC,PKN,""
ENSG00000006062,MAP3K14,mitogen-activated protein kinase kinase kinase 14 [Source:HGNC Symbol;Acc:HGNC:6853],,,,,,,,,
ENSG00000142733,MAP3K6,mitogen-activated protein kinase kinase kinase 6 [Source:HGNC Symbol;Acc:HGNC:6858],,,MAP3K6,STE,STE11,"",STE,STE11,""
ENSG00000169418,NPR1,natriuretic peptide receptor 1 [Source:HGNC Symbol;Acc:HGNC:7943],,,,,,,,,
ENSG00000196182,STK40,serine/threonine kinase 40 [Source:HGNC Symbol;Acc:HGNC:21373],,,,,,,,,
ENSG00000198400,NTRK1,neurotrophic receptor tyrosine kinase 1 [Source:HGNC Symbol;Acc:HGNC:8031],,,,,,,,,
ENSG00000133059,DSTYK,dual serine/threonine and tyrosine protein kinase [Source:HGNC Symbol;Acc:HGNC:29043],,,,,,,,,
ENSG00000091436,MAP3K20,mitogen-activated protein kinase kinase kinase 20 [Source:HGNC Symbol;Acc:HGNC:17797],,,,,,,,,
ENSG00000198586,TLK1,tousled like kinase 1 [Source:HGNC Symbol;Acc:HGNC:11841],,,TLK1,Other,TLK,"",Other,TLK,""
ENSG00000143156,NME7,NME/NM23 family member 7 [Source:HGNC Symbol;Acc:HGNC:20461],,,,,,,,,
ENSG00000182866,LCK,"LCK proto-oncogene, Src family tyrosine kinase [Source:HGNC Symbol;Acc:HGNC:6524]",,,LCK,TK,Src,"",TK,Src,""
ENSG00000151414,NEK7,NIMA related kinase 7 [Source:HGNC Symbol;Acc:HGNC:13386],,,NEK7,Other,NEK,"",Other,NEK,""
ENSG00000028116,VRK2,VRK serine/threonine kinase 2 [Source:HGNC Symbol;Acc:HGNC:12719],,,VRK2,CK1,VRK,"",CK1,VRK,""
ENSG00000136643,RPS6KC1,ribosomal protein S6 kinase C1 [Source:HGNC Symbol;Acc:HGNC:10439],,,,,,,,,
ENSG00000143776,CDC42BPA,CDC42 binding protein kinase alpha [Source:HGNC Symbol;Acc:HGNC:1737],,,,,,,,,
ENSG00000071054,MAP4K4,mitogen-activated protein kinase kinase kinase kinase 4 [Source:HGNC Symbol;Acc:HGNC:6866],,,,,,,,,
ENSG00000066056,TIE1,tyrosine kinase with immunoglobulin like and EGF like domains 1 [Source:HGNC Symbol;Acc:HGNC:11809],,,TIE1,TK,Tie,"",TK,Tie,""
ENSG00000067606,PRKCZ,protein kinase C zeta [Source:HGNC Symbol;Acc:HGNC:9412],,,,,,,,,
ENSG00000000457,SCYL3,SCY1 like pseudokinase 3 [Source:HGNC Symbol;Acc:HGNC:19285],,,SCYL3,Other,SCY1,"",Other,SCY1,""
ENSG00000162733,DDR2,discoidin domain receptor tyrosine kinase 2 [Source:HGNC Symbol;Acc:HGNC:2731],,,DDR2,TK,DDR,"",TK,DDR,""
ENSG00000079277,MKNK1,MAPK interacting serine/threonine kinase 1 [Source:HGNC Symbol;Acc:HGNC:7110],,,,,,,,,
ENSG00000000938,FGR,"FGR proto-oncogene, Src family tyrosine kinase [Source:HGNC Symbol;Acc:HGNC:3697]",,,FGR,TK,Src,"",TK,Src,""
ENSG00000162434,JAK1,Janus kinase 1 [Source:HGNC Symbol;Acc:HGNC:6190],,,JAK1,TK,JakA,"",TK,JakA,""
ENSG00000285451,ADCK5,aarF domain containing kinase 5 [Source:HGNC Symbol;Acc:HGNC:21738],,,ADCK5,Atypical,ABC1,ABC1-B,Atypical,ABC1,ABC1-B
ENSG00000284161,EEF2K,eukaryotic elongation factor 2 kinase [Source:HGNC Symbol;Acc:HGNC:24615],,,eEF2K,Atypical,Alpha,eEF2K,Atypical,Alpha,eEF2K
ENSG00000198900,TOP1,DNA topoisomerase I [Source:HGNC Symbol;Acc:HGNC:11986],,,,,,,,,
ENSG00000122728,TAF1L,TATA-box binding protein associated factor 1 like [Source:HGNC Symbol;Acc:HGNC:18056],,,TAF1L,Atypical,TAF1,"",Atypical,TAF1,""
ENSG00000198796,ALPK2,alpha kinase 2 [Source:HGNC Symbol;Acc:HGNC:20565],,,,,,,,,
ENSG00000204435,CSNK2B,casein kinase 2 beta [Source:HGNC Symbol;Acc:HGNC:2460],,,,,,,,,
ENSG00000141867,BRD4,bromodomain containing 4 [Source:HGNC Symbol;Acc:HGNC:13575],,,BRD4,Atypical,BRD,"",Atypical,BRD,""
ENSG00000230700,CSNK2B,casein kinase 2 beta [Source:HGNC Symbol;Acc:HGNC:2460],,,,,,,,,
ENSG00000235307,BRD2,bromodomain containing 2 [Source:HGNC Symbol;Acc:HGNC:1103],,,BRD2,Atypical,BRD,"",Atypical,BRD,""
ENSG00000234507,BRD2,bromodomain containing 2 [Source:HGNC Symbol;Acc:HGNC:1103],,,BRD2,Atypical,BRD,"",Atypical,BRD,""
ENSG00000224774,CSNK2B,casein kinase 2 beta [Source:HGNC Symbol;Acc:HGNC:2460],,,,,,,,,
ENSG00000228875,CSNK2B,casein kinase 2 beta [Source:HGNC Symbol;Acc:HGNC:2460],,,,,,,,,
ENSG00000137948,BRDT,bromodomain testis associated [Source:HGNC Symbol;Acc:HGNC:1105],,,BRDT,Atypical,BRD,"",Atypical,BRD,""
ENSG00000234704,BRD2,bromodomain containing 2 [Source:HGNC Symbol;Acc:HGNC:1103],,,BRD2,Atypical,BRD,"",Atypical,BRD,""
ENSG00000232960,CSNK2B,casein kinase 2 beta [Source:HGNC Symbol;Acc:HGNC:2460],,,,,,,,,
ENSG00000224398,CSNK2B,casein kinase 2 beta [Source:HGNC Symbol;Acc:HGNC:2460],,,,,,,,,
ENSG00000169925,BRD3,bromodomain containing 3 [Source:HGNC Symbol;Acc:HGNC:1104],,,BRD3,Atypical,BRD,"",Atypical,BRD,""
ENSG00000206406,CSNK2B,casein kinase 2 beta [Source:HGNC Symbol;Acc:HGNC:2460],,,,,,,,,
ENSG00000101782,RIOK3,RIO kinase 3 [Source:HGNC Symbol;Acc:HGNC:11451],,,RIOK3,Atypical,RIO,RIO3,Atypical,RIO,RIO3
ENSG00000136383,ALPK3,alpha kinase 3 [Source:HGNC Symbol;Acc:HGNC:17574],,,,,,,,,
ENSG00000215077,BRD2,bromodomain containing 2 [Source:HGNC Symbol;Acc:HGNC:1103],,,BRD2,Atypical,BRD,"",Atypical,BRD,""
ENSG00000102144,PGK1,phosphoglycerate kinase 1 [Source:HGNC Symbol;Acc:HGNC:8896],,,,,,,,,
ENSG00000186716,BCR,BCR activator of RhoGEF and GTPase [Source:HGNC Symbol;Acc:HGNC:1014],,,BCR,Atypical,BCR,"",Atypical,BCR,""
ENSG00000109854,HTATIP2,HIV-1 Tat interactive protein 2 [Source:HGNC Symbol;Acc:HGNC:16637],,,,,,,,,
ENSG00000204256,BRD2,bromodomain containing 2 [Source:HGNC Symbol;Acc:HGNC:1103],,,BRD2,Atypical,BRD,"",Atypical,BRD,""
ENSG00000145041,DCAF1,DDB1 and CUL4 associated factor 1 [Source:HGNC Symbol;Acc:HGNC:30911],,,,,,,,,
ENSG00000170836,PPM1D,"protein phosphatase, Mg2+/Mn2+ dependent 1D [Source:HGNC Symbol;Acc:HGNC:9277]",,,,,,,,,
ENSG00000106605,BLVRA,biliverdin reductase A [Source:HGNC Symbol;Acc:HGNC:1062],,,,,,,,,
ENSG00000073331,ALPK1,alpha kinase 1 [Source:HGNC Symbol;Acc:HGNC:20917],,,,,,,,,
ENSG00000173137,ADCK5,aarF domain containing kinase 5 [Source:HGNC Symbol;Acc:HGNC:21738],,,ADCK5,Atypical,ABC1,ABC1-B,Atypical,ABC1,ABC1-B
ENSG00000085719,CPNE3,copine 3 [Source:HGNC Symbol;Acc:HGNC:2316],,,,,,,,,
ENSG00000124784,RIOK1,RIO kinase 1 [Source:HGNC Symbol;Acc:HGNC:18656],,,RIOK1,Atypical,RIO,RIO1,Atypical,RIO,RIO1
ENSG00000129116,PALLD,"palladin, cytoskeletal associated protein [Source:HGNC Symbol;Acc:HGNC:17068]",,,,,,,,,
ENSG00000121879,PIK3CA,"phosphatidylinositol-4,5-bisphosphate 3-kinase catalytic subunit alpha [Source:HGNC Symbol;Acc:HGNC:8975]",,,,,,,,,
ENSG00000164896,FASTK,Fas activated serine/threonine kinase [Source:HGNC Symbol;Acc:HGNC:24676],,,FASTK,Atypical,FAST,"",Atypical,FAST,""
ENSG00000179583,CIITA,class II major histocompatibility complex transactivator [Source:HGNC Symbol;Acc:HGNC:7067],,,,,,,,,
ENSG00000159842,ABR,ABR activator of RhoGEF and GTPase [Source:HGNC Symbol;Acc:HGNC:81],,,,,,,,,
ENSG00000115020,PIKFYVE,"phosphoinositide kinase, FYVE-type zinc finger containing [Source:HGNC Symbol;Acc:HGNC:23785]",,,,,,,,,
ENSG00000285241,PCK2,"phosphoenolpyruvate carboxykinase 2, mitochondrial [Source:HGNC Symbol;Acc:HGNC:8725]",,,,,,,,,
ENSG00000173482,PTPRM,protein tyrosine phosphatase receptor type M [Source:HGNC Symbol;Acc:HGNC:9675],,,,,,,,,
ENSG00000274958,ITPK1,inositol-tetrakisphosphate 1-kinase [Source:HGNC Symbol;Acc:HGNC:6177],,,,,,,,,
ENSG00000147081,AKAP4,A-kinase anchoring protein 4 [Source:HGNC Symbol;Acc:HGNC:374],,,,,,,,,
ENSG00000125779,PANK2,pantothenate kinase 2 [Source:HGNC Symbol;Acc:HGNC:15894],,,,,,,,,
ENSG00000277292,PIP4K2B,phosphatidylinositol-5-phosphate 4-kinase type 2 beta [Source:HGNC Symbol;Acc:HGNC:8998],,,,,,,,,
ENSG00000147224,PRPS1,phosphoribosyl pyrophosphate synthetase 1 [Source:HGNC Symbol;Acc:HGNC:9462],,,,,,,,,
ENSG00000188266,HYKK,hydroxylysine kinase [Source:HGNC Symbol;Acc:HGNC:34403],,,,,,,,,
ENSG00000102780,DGKH,diacylglycerol kinase eta [Source:HGNC Symbol;Acc:HGNC:2854],,,,,,,,,
ENSG00000160209,PDXK,pyridoxal kinase [Source:HGNC Symbol;Acc:HGNC:8819],,,,,,,,,
ENSG00000262785,PKLR,pyruvate kinase L/R [Source:HGNC Symbol;Acc:HGNC:9020],,,,,,,,,
ENSG00000196475,GK2,glycerol kinase 2 [Source:HGNC Symbol;Acc:HGNC:4291],,,,,,,,,
ENSG00000167103,PIP5KL1,phosphatidylinositol-4-phosphate 5-kinase like 1 [Source:HGNC Symbol;Acc:HGNC:28711],,,,,,,,,
ENSG00000170950,PGK2,phosphoglycerate kinase 2 [Source:HGNC Symbol;Acc:HGNC:8898],,,,,,,,,
ENSG00000175283,DOLK,dolichol kinase [Source:HGNC Symbol;Acc:HGNC:23406],,,,,,,,,
ENSG00000141959,PFKL,"phosphofructokinase, liver type [Source:HGNC Symbol;Acc:HGNC:8876]",,,,,,,,,
ENSG00000085231,AK6,adenylate kinase 6 [Source:HGNC Symbol;Acc:HGNC:49151],,,,,,,,,
ENSG00000229894,GK3,glycerol kinase 3 [Source:HGNC Symbol;Acc:HGNC:4292],,,,,,,,,
ENSG00000135002,RFK,riboflavin kinase [Source:HGNC Symbol;Acc:HGNC:30324],,,,,,,,,
ENSG00000279247,AK6,adenylate kinase 6 [Source:HGNC Symbol;Acc:HGNC:49151],,,,,,,,,
ENSG00000155085,AK9,adenylate kinase 9 [Source:HGNC Symbol;Acc:HGNC:33814],,,,,,,,,
ENSG00000175066,GK5,glycerol kinase 5 [Source:HGNC Symbol;Acc:HGNC:28635],,,,,,,,,
ENSG00000086544,ITPKC,inositol-trisphosphate 3-kinase C [Source:HGNC Symbol;Acc:HGNC:14897],,,,,,,,,
ENSG00000158571,PFKFB1,"6-phosphofructo-2-kinase/fructose-2,6-biphosphatase 1 [Source:HGNC Symbol;Acc:HGNC:8872]",,,,,,,,,
ENSG00000179988,PSTK,phosphoseryl-tRNA kinase [Source:HGNC Symbol;Acc:HGNC:28578],,,,,,,,,
ENSG00000100324,TAB1,TGF-beta activated kinase 1 (MAP3K7) binding protein 1 [Source:HGNC Symbol;Acc:HGNC:18157],,,,,,,,,
ENSG00000140057,AK7,adenylate kinase 7 [Source:HGNC Symbol;Acc:HGNC:20091],,,,,,,,,
ENSG00000226257,WHR1,winged helix repair factor 1 [Source:HGNC Symbol;Acc:HGNC:11398],,,,,,,,,
ENSG00000274588,DGKK,diacylglycerol kinase kappa [Source:HGNC Symbol;Acc:HGNC:32395],,,,,,,,,
ENSG00000154027,AK5,adenylate kinase 5 [Source:HGNC Symbol;Acc:HGNC:365],,,,,,,,,
ENSG00000233381,AK4P3,adenylate kinase 4 pseudogene 3 [Source:HGNC Symbol;Acc:HGNC:21596],,,,,,,,,
ENSG00000134326,CMPK2,cytidine/uridine monophosphate kinase 2 [Source:HGNC Symbol;Acc:HGNC:27015],,,,,,,,,
ENSG00000234947,WHR1,winged helix repair factor 1 [Source:HGNC Symbol;Acc:HGNC:11398],,,,,,,,,
ENSG00000188452,CERKL,CERK like autophagy regulator [Source:HGNC Symbol;Acc:HGNC:21699],,,,,,,,,
ENSG00000236250,WHR1,winged helix repair factor 1 [Source:HGNC Symbol;Acc:HGNC:11398],,,,,,,,,
ENSG00000147853,AK3,adenylate kinase 3 [Source:HGNC Symbol;Acc:HGNC:17376],,,,,,,,,
ENSG00000143627,PKLR,pyruvate kinase L/R [Source:HGNC Symbol;Acc:HGNC:9020],,,,,,,,,
ENSG00000249967,"",novel protein,,,,,,,,,
ENSG00000100288,CHKB,choline kinase beta [Source:HGNC Symbol;Acc:HGNC:1938],,,,,,,,,
ENSG00000148057,IDNK,IDNK gluconokinase [Source:HGNC Symbol;Acc:HGNC:31367],,,,,,,,,
ENSG00000100422,CERK,ceramide kinase [Source:HGNC Symbol;Acc:HGNC:19256],,,,,,,,,
ENSG00000123154,WDR83,WD repeat domain 83 [Source:HGNC Symbol;Acc:HGNC:32672],,,,,,,,,
ENSG00000152782,PANK1,pantothenate kinase 1 [Source:HGNC Symbol;Acc:HGNC:8598],,,,,,,,,
ENSG00000145604,SKP2,S-phase kinase associated protein 2 [Source:HGNC Symbol;Acc:HGNC:10901],,,,,,,,,
ENSG00000151151,IPMK,inositol polyphosphate multikinase [Source:HGNC Symbol;Acc:HGNC:20739],,,,,,,,,
ENSG00000262327,AGK,acylglycerol kinase [Source:HGNC Symbol;Acc:HGNC:21869],,,,,,,,,
ENSG00000127080,IPPK,inositol-pentakisphosphate 2-kinase [Source:HGNC Symbol;Acc:HGNC:14645],,,,,,,,,
ENSG00000011052,NME1-NME2,NME1-NME2 readthrough [Source:HGNC Symbol;Acc:HGNC:33531],,,,,,,,,
ENSG00000139144,PIK3C2G,phosphatidylinositol-4-phosphate 3-kinase catalytic subunit type 2 gamma [Source:HGNC Symbol;Acc:HGNC:8973],,,,,,,,,
ENSG00000198814,GK,glycerol kinase [Source:HGNC Symbol;Acc:HGNC:4289],,,,,,,,,
ENSG00000120137,PANK3,pantothenate kinase 3 [Source:HGNC Symbol;Acc:HGNC:19365],,,,,,,,,
ENSG00000068120,COASY,Coenzyme A synthase [Source:HGNC Symbol;Acc:HGNC:29932],,,,,,,,,
ENSG00000106633,GCK,glucokinase [Source:HGNC Symbol;Acc:HGNC:4195],,,GCK,STE,STE20,KHS,STE,STE20,KHS
ENSG00000009954,BAZ1B,bromodomain adjacent to zinc finger domain 1B [Source:HGNC Symbol;Acc:HGNC:961],,,,,,,,,
ENSG00000130717,UCK1,uridine-cytidine kinase 1 [Source:HGNC Symbol;Acc:HGNC:14859],,,,,,,,,
ENSG00000226033,WHR1,winged helix repair factor 1 [Source:HGNC Symbol;Acc:HGNC:11398],,,,,,,,,
ENSG00000150867,PIP4K2A,phosphatidylinositol-5-phosphate 4-kinase type 2 alpha [Source:HGNC Symbol;Acc:HGNC:8997],,,,,,,,,
ENSG00000093217,XYLB,xylulokinase [Source:HGNC Symbol;Acc:HGNC:12839],,,,,,,,,
ENSG00000164924,YWHAZ,tyrosine 3-monooxygenase/tryptophan 5-monooxygenase activation protein zeta [Source:HGNC Symbol;Acc:HGNC:12855],,,,,,,,,
ENSG00000118507,AKAP7,A-kinase anchoring protein 7 [Source:HGNC Symbol;Acc:HGNC:377],,,,,,,,,
ENSG00000179918,SEPHS2,selenophosphate synthetase 2 [Source:HGNC Symbol;Acc:HGNC:19686],,,,,,,,,
ENSG00000155530,LRGUK,leucine rich repeats and guanylate kinase domain containing [Source:HGNC Symbol;Acc:HGNC:21964],,,,,,,,,
ENSG00000065357,DGKA,diacylglycerol kinase alpha [Source:HGNC Symbol;Acc:HGNC:2849],,,,,,,,,
ENSG00000166548,TK2,thymidine kinase 2 [Source:HGNC Symbol;Acc:HGNC:11831],,,,,,,,,
ENSG00000241973,PI4KA,phosphatidylinositol 4-kinase alpha [Source:HGNC Symbol;Acc:HGNC:8983],,,,,,,,,
ENSG00000262304,"",novel readthrough SHPK-TRPV1 protein,,,,,,,,,
ENSG00000197417,SHPK,sedoheptulokinase [Source:HGNC Symbol;Acc:HGNC:1492],,,,,,,,,
ENSG00000157680,DGKI,diacylglycerol kinase iota [Source:HGNC Symbol;Acc:HGNC:2855],,,,,,,,,
ENSG00000187391,MAGI2,"membrane associated guanylate kinase, WW and PDZ domain containing 2 [Source:HGNC Symbol;Acc:HGNC:18957]",,,,,,,,,
ENSG00000100605,ITPK1,inositol-tetrakisphosphate 1-kinase [Source:HGNC Symbol;Acc:HGNC:6177],,,,,,,,,
ENSG00000170525,PFKFB3,"6-phosphofructo-2-kinase/fructose-2,6-biphosphatase 3 [Source:HGNC Symbol;Acc:HGNC:8874]",,,,,,,,,
ENSG00000165695,AK8,adenylate kinase 8 [Source:HGNC Symbol;Acc:HGNC:26526],,,,,,,,,
ENSG00000155252,PI4K2A,phosphatidylinositol 4-kinase type 2 alpha [Source:HGNC Symbol;Acc:HGNC:30031],,,,,,,,,
ENSG00000237289,CKMT1B,"creatine kinase, mitochondrial 1B [Source:HGNC Symbol;Acc:HGNC:1995]",,,,,,,,,
ENSG00000063176,SPHK2,sphingosine kinase 2 [Source:HGNC Symbol;Acc:HGNC:18859],,,,,,,,,
ENSG00000115592,PRKAG3,protein kinase AMP-activated non-catalytic subunit gamma 3 [Source:HGNC Symbol;Acc:HGNC:9387],,,,,,,,,
ENSG00000166908,PIP4K2C,phosphatidylinositol-5-phosphate 4-kinase type 2 gamma [Source:HGNC Symbol;Acc:HGNC:23786],,,,,,,,,
ENSG00000172409,CLP1,cleavage factor polyribonucleotide kinase subunit 1 [Source:HGNC Symbol;Acc:HGNC:16999],,,,,,,,,
ENSG00000108946,PRKAR1A,protein kinase cAMP-dependent type I regulatory subunit alpha [Source:HGNC Symbol;Acc:HGNC:9388],,,,,,,,,
ENSG00000223572,CKMT1A,"creatine kinase, mitochondrial 1A [Source:HGNC Symbol;Acc:HGNC:31736]",,,,,,,,,
ENSG00000105173,CCNE1,cyclin E1 [Source:HGNC Symbol;Acc:HGNC:1589],,,,,,,,,
ENSG00000171174,RBKS,ribokinase [Source:HGNC Symbol;Acc:HGNC:30325],,,,,,,,,
ENSG00000084734,GCKR,glucokinase regulator [Source:HGNC Symbol;Acc:HGNC:4196],,,,,,,,,
ENSG00000110721,CHKA,choline kinase alpha [Source:HGNC Symbol;Acc:HGNC:1937],,,,,,,,,
ENSG00000114302,PRKAR2A,protein kinase cAMP-dependent type II regulatory subunit alpha [Source:HGNC Symbol;Acc:HGNC:9391],,,,,,,,,
ENSG00000229937,PRPS1L1,phosphoribosyl pyrophosphate synthetase 1 like 1 [Source:HGNC Symbol;Acc:HGNC:9463],,,,,,,,,
ENSG00000167797,CDK2AP2,cyclin dependent kinase 2 associated protein 2 [Source:HGNC Symbol;Acc:HGNC:30833],,,,,,,,,
ENSG00000107242,PIP5K1B,phosphatidylinositol-4-phosphate 5-kinase type 1 beta [Source:HGNC Symbol;Acc:HGNC:8995],,,,,,,,,
ENSG00000106617,PRKAG2,protein kinase AMP-activated non-catalytic subunit gamma 2 [Source:HGNC Symbol;Acc:HGNC:9386],,,,,,,,,
ENSG00000164023,SGMS2,sphingomyelin synthase 2 [Source:HGNC Symbol;Acc:HGNC:28395],,,,,,,,,
ENSG00000198682,PAPSS2,3'-phosphoadenosine 5'-phosphosulfate synthase 2 [Source:HGNC Symbol;Acc:HGNC:8604],,,,,,,,,
ENSG00000124253,PCK1,phosphoenolpyruvate carboxykinase 1 [Source:HGNC Symbol;Acc:HGNC:8724],,,,,,,,,
ENSG00000086475,SEPHS1,selenophosphate synthetase 1 [Source:HGNC Symbol;Acc:HGNC:19685],,,,,,,,,
ENSG00000103202,NME4,NME/NM23 nucleoside diphosphate kinase 4 [Source:HGNC Symbol;Acc:HGNC:7852],,,,,,,,,
ENSG00000101911,PRPS2,phosphoribosyl pyrophosphate synthetase 2 [Source:HGNC Symbol;Acc:HGNC:9465],,,,,,,,,
ENSG00000198276,UCKL1,uridine-cytidine kinase 1 like 1 [Source:HGNC Symbol;Acc:HGNC:15938],,,,,,,,,
ENSG00000152620,NADK2,"NAD kinase 2, mitochondrial [Source:HGNC Symbol;Acc:HGNC:26404]",,,,,,,,,
ENSG00000276293,PIP4K2B,phosphatidylinositol-5-phosphate 4-kinase type 2 beta [Source:HGNC Symbol;Acc:HGNC:8998],,,,,,,,,
ENSG00000172113,NME6,NME/NM23 nucleoside diphosphate kinase 6 [Source:HGNC Symbol;Acc:HGNC:20567],,,,,,,,,
ENSG00000106992,AK1,adenylate kinase 1 [Source:HGNC Symbol;Acc:HGNC:361],,,,,,,,,
ENSG00000152556,PFKM,"phosphofructokinase, muscle [Source:HGNC Symbol;Acc:HGNC:8877]",,,,,,,,,
ENSG00000114956,DGUOK,deoxyguanosine kinase [Source:HGNC Symbol;Acc:HGNC:2858],,,,,,,,,
ENSG00000143845,ETNK2,ethanolamine kinase 2 [Source:HGNC Symbol;Acc:HGNC:25575],,,,,,,,,
ENSG00000103024,NME3,NME/NM23 nucleoside diphosphate kinase 3 [Source:HGNC Symbol;Acc:HGNC:7851],,,,,,,,,
ENSG00000166165,CKB,creatine kinase B [Source:HGNC Symbol;Acc:HGNC:1991],,,,,,,,,
ENSG00000269335,IKBKG,inhibitor of nuclear factor kappa B kinase regulatory subunit gamma [Source:HGNC Symbol;Acc:HGNC:5961],,,,,,,,,
ENSG00000106733,NMRK1,nicotinamide riboside kinase 1 [Source:HGNC Symbol;Acc:HGNC:26057],,,,,,,,,
ENSG00000156510,HKDC1,hexokinase domain containing 1 [Source:HGNC Symbol;Acc:HGNC:23302],,,,,,,,,
ENSG00000159322,ADPGK,ADP dependent glucokinase [Source:HGNC Symbol;Acc:HGNC:25250],,,,,,,,,
ENSG00000141560,FN3KRP,fructosamine 3 kinase related protein [Source:HGNC Symbol;Acc:HGNC:25700],,,,,,,,,
ENSG00000167363,FN3K,fructosamine 3 kinase [Source:HGNC Symbol;Acc:HGNC:24822],,,,,,,,,
ENSG00000239672,NME1,NME/NM23 nucleoside diphosphate kinase 1 [Source:HGNC Symbol;Acc:HGNC:7849],,,,,,,,,
ENSG00000142675,CNKSR1,connector enhancer of kinase suppressor of Ras 1 [Source:HGNC Symbol;Acc:HGNC:19700],,,,,,,,,
ENSG00000100889,PCK2,"phosphoenolpyruvate carboxykinase 2, mitochondrial [Source:HGNC Symbol;Acc:HGNC:8725]",,,,,,,,,
ENSG00000147010,SH3KBP1,SH3 domain containing kinase binding protein 1 [Source:HGNC Symbol;Acc:HGNC:13867],,,,,,,,,
ENSG00000131730,CKMT2,"creatine kinase, mitochondrial 2 [Source:HGNC Symbol;Acc:HGNC:1996]",,,,,,,,,
ENSG00000068745,IP6K2,inositol hexakisphosphate kinase 2 [Source:HGNC Symbol;Acc:HGNC:17313],,,,,,,,,
ENSG00000004455,AK2,adenylate kinase 2 [Source:HGNC Symbol;Acc:HGNC:362],,,,,,,,,
ENSG00000165113,GKAP1,G kinase anchoring protein 1 [Source:HGNC Symbol;Acc:HGNC:17496],,,,,,,,,
ENSG00000173207,CKS1B,CDC28 protein kinase regulatory subunit 1B [Source:HGNC Symbol;Acc:HGNC:19083],,,,,,,,,
ENSG00000168393,DTYMK,deoxythymidylate kinase [Source:HGNC Symbol;Acc:HGNC:3061],,,,,,,,,
ENSG00000149091,DGKZ,diacylglycerol kinase zeta [Source:HGNC Symbol;Acc:HGNC:2857],,,,,,,,,
ENSG00000141506,PIK3R5,phosphoinositide-3-kinase regulatory subunit 5 [Source:HGNC Symbol;Acc:HGNC:30035],,,,,,,,,
ENSG00000160014,CALM3,calmodulin 3 [Source:HGNC Symbol;Acc:HGNC:1449],,,,,,,,,
ENSG00000176095,IP6K1,inositol hexakisphosphate kinase 1 [Source:HGNC Symbol;Acc:HGNC:18360],,,,,,,,,
ENSG00000168781,PPIP5K1,diphosphoinositol pentakisphosphate kinase 1 [Source:HGNC Symbol;Acc:HGNC:29023],,,,,,,,,
ENSG00000183092,BEGAIN,brain enriched guanylate kinase associated [Source:HGNC Symbol;Acc:HGNC:24163],,,,,,,,,
ENSG00000108599,AKAP10,A-kinase anchoring protein 10 [Source:HGNC Symbol;Acc:HGNC:368],,,,,,,,,
ENSG00000133056,PIK3C2B,phosphatidylinositol-4-phosphate 3-kinase catalytic subunit type 2 beta [Source:HGNC Symbol;Acc:HGNC:8972],,,,,,,,,
ENSG00000243678,NME2,NME/NM23 nucleoside diphosphate kinase 2 [Source:HGNC Symbol;Acc:HGNC:7850],,,,,,,,,
ENSG00000113163,CERT1,ceramide transporter 1 [Source:HGNC Symbol;Acc:HGNC:2205],,,,,,,,,
ENSG00000137825,ITPKA,inositol-trisphosphate 3-kinase A [Source:HGNC Symbol;Acc:HGNC:6178],,,,,,,,,
ENSG00000156958,GALK2,galactokinase 2 [Source:HGNC Symbol;Acc:HGNC:4119],,,,,,,,,
ENSG00000162408,NOL9,nucleolar protein 9 [Source:HGNC Symbol;Acc:HGNC:26265],,,,,,,,,
ENSG00000067225,PKM,pyruvate kinase M1/2 [Source:HGNC Symbol;Acc:HGNC:9021],,,,,,,,,
ENSG00000145725,PPIP5K2,diphosphoinositol pentakisphosphate kinase 2 [Source:HGNC Symbol;Acc:HGNC:29035],,,,,,,,,
ENSG00000143772,ITPKB,inositol-trisphosphate 3-kinase B [Source:HGNC Symbol;Acc:HGNC:6179],,,,,,,,,
ENSG00000161896,IP6K3,inositol hexakisphosphate kinase 3 [Source:HGNC Symbol;Acc:HGNC:17269],,,,,,,,,
ENSG00000159921,GNE,glucosamine (UDP-N-acetyl)-2-epimerase/N-acetylmannosamine kinase [Source:HGNC Symbol;Acc:HGNC:23657],,,,,,,,,
ENSG00000156110,ADK,adenosine kinase [Source:HGNC Symbol;Acc:HGNC:257],,,,,,,,,
ENSG00000143398,PIP5K1A,phosphatidylinositol-4-phosphate 5-kinase type 1 alpha [Source:HGNC Symbol;Acc:HGNC:8994],,,,,,,,,
ENSG00000145675,PIK3R1,phosphoinositide-3-kinase regulatory subunit 1 [Source:HGNC Symbol;Acc:HGNC:8979],,,,,,,,,
ENSG00000156136,DCK,deoxycytidine kinase [Source:HGNC Symbol;Acc:HGNC:2704],,,,,,,,,
ENSG00000167900,TK1,thymidine kinase 1 [Source:HGNC Symbol;Acc:HGNC:11830],,,,,,,,,
ENSG00000198668,CALM1,calmodulin 1 [Source:HGNC Symbol;Acc:HGNC:1442],,,,,,,,,
ENSG00000134480,CCNH,cyclin H [Source:HGNC Symbol;Acc:HGNC:1594],,,,,,,,,
ENSG00000131037,EPS8L1,EPS8 signaling adaptor L1 [Source:HGNC Symbol;Acc:HGNC:21295],,,,,,,,,
ENSG00000038210,PI4K2B,phosphatidylinositol 4-kinase type 2 beta [Source:HGNC Symbol;Acc:HGNC:18215],,,,,,,,,
ENSG00000059573,ALDH18A1,aldehyde dehydrogenase 18 family member A1 [Source:HGNC Symbol;Acc:HGNC:9722],,,,,,,,,
ENSG00000067057,PFKP,"phosphofructokinase, platelet [Source:HGNC Symbol;Acc:HGNC:8878]",,,,,,,,,
ENSG00000198964,SGMS1,sphingomyelin synthase 1 [Source:HGNC Symbol;Acc:HGNC:29799],,,,,,,,,
ENSG00000163344,PMVK,phosphomevalonate kinase [Source:HGNC Symbol;Acc:HGNC:9141],,,,,,,,,
ENSG00000143179,UCK2,uridine-cytidine kinase 2 [Source:HGNC Symbol;Acc:HGNC:12562],,,,,,,,,
ENSG00000124507,PACSIN1,protein kinase C and casein kinase substrate in neurons 1 [Source:HGNC Symbol;Acc:HGNC:8570],,,,,,,,,
ENSG00000149476,TKFC,triokinase and FMN cyclase [Source:HGNC Symbol;Acc:HGNC:24552],,,,,,,,,
ENSG00000139436,GIT2,GIT ArfGAP 2 [Source:HGNC Symbol;Acc:HGNC:4273],,,,,,,,,
ENSG00000172456,FGGY,FGGY carbohydrate kinase domain containing [Source:HGNC Symbol;Acc:HGNC:25610],,,,,,,,,
ENSG00000143933,CALM2,calmodulin 2 [Source:HGNC Symbol;Acc:HGNC:1445],,,,,,,,,
ENSG00000011243,AKAP8L,A-kinase anchoring protein 8 like [Source:HGNC Symbol;Acc:HGNC:29857],,,,,,,,,
ENSG00000160883,HK3,hexokinase 3 [Source:HGNC Symbol;Acc:HGNC:4925],,,,,,,,,
ENSG00000039650,PNKP,polynucleotide kinase 3'-phosphatase [Source:HGNC Symbol;Acc:HGNC:9154],,,,,,,,,
ENSG00000145214,DGKQ,diacylglycerol kinase theta [Source:HGNC Symbol;Acc:HGNC:2856],,,,,,,,,
ENSG00000153933,DGKE,diacylglycerol kinase epsilon [Source:HGNC Symbol;Acc:HGNC:2852],,,,,,,,,
ENSG00000138801,PAPSS1,3'-phosphoadenosine 5'-phosphosulfate synthase 1 [Source:HGNC Symbol;Acc:HGNC:8603],,,,,,,,,
ENSG00000051382,PIK3CB,"phosphatidylinositol-4,5-bisphosphate 3-kinase catalytic subunit beta [Source:HGNC Symbol;Acc:HGNC:8976]",,,,,,,,,
ENSG00000156515,HK1,hexokinase 1 [Source:HGNC Symbol;Acc:HGNC:4922],,,,,,,,,
ENSG00000186111,PIP5K1C,phosphatidylinositol-4-phosphate 5-kinase type 1 gamma [Source:HGNC Symbol;Acc:HGNC:8996],,,,,,,,,
ENSG00000157353,FCSK,fucose kinase [Source:HGNC Symbol;Acc:HGNC:29500],,,,,,,,,
ENSG00000196511,TPK1,thiamin pyrophosphokinase 1 [Source:HGNC Symbol;Acc:HGNC:17358],,,,,,,,,
ENSG00000077009,NMRK2,nicotinamide riboside kinase 2 [Source:HGNC Symbol;Acc:HGNC:17871],,,,,,,,,
ENSG00000114268,PFKFB4,"6-phosphofructo-2-kinase/fructose-2,6-biphosphatase 4 [Source:HGNC Symbol;Acc:HGNC:8875]",,,,,,,,,
ENSG00000143393,PI4KB,phosphatidylinositol 4-kinase beta [Source:HGNC Symbol;Acc:HGNC:8984],,,,,,,,,
ENSG00000104879,CKM,"creatine kinase, M-type [Source:HGNC Symbol;Acc:HGNC:1994]",,,,,,,,,
ENSG00000139163,ETNK1,ethanolamine kinase 1 [Source:HGNC Symbol;Acc:HGNC:24649],,,,,,,,,
ENSG00000110921,MVK,mevalonate kinase [Source:HGNC Symbol;Acc:HGNC:7530],,,,,,,,,
ENSG00000006530,AGK,acylglycerol kinase [Source:HGNC Symbol;Acc:HGNC:21869],,,,,,,,,
ENSG00000108479,GALK1,galactokinase 1 [Source:HGNC Symbol;Acc:HGNC:4118],,,,,,,,,
ENSG00000124357,NAGK,N-acetylglucosamine kinase [Source:HGNC Symbol;Acc:HGNC:17174],,,,,,,,,
ENSG00000011405,PIK3C2A,phosphatidylinositol-4-phosphate 3-kinase catalytic subunit type 2 alpha [Source:HGNC Symbol;Acc:HGNC:8971],,,,,,,,,
ENSG00000132323,ILKAP,ILK associated serine/threonine phosphatase [Source:HGNC Symbol;Acc:HGNC:15566],,,,,,,,,
ENSG00000058866,DGKG,diacylglycerol kinase gamma [Source:HGNC Symbol;Acc:HGNC:2853],,,,,,,,,
ENSG00000176170,SPHK1,sphingosine kinase 1 [Source:HGNC Symbol;Acc:HGNC:11240],,,,,,,,,
ENSG00000185359,HGS,hepatocyte growth factor-regulated tyrosine kinase substrate [Source:HGNC Symbol;Acc:HGNC:4897],,,,,,,,,
ENSG00000123836,PFKFB2,"6-phosphofructo-2-kinase/fructose-2,6-biphosphatase 2 [Source:HGNC Symbol;Acc:HGNC:8873]",,,,,,,,,
ENSG00000136267,DGKB,diacylglycerol kinase beta [Source:HGNC Symbol;Acc:HGNC:2850],,,,,,,,,
ENSG00000143774,GUK1,guanylate kinase 1 [Source:HGNC Symbol;Acc:HGNC:4693],,,,,,,,,
ENSG00000168237,GLYCTK,glycerate kinase [Source:HGNC Symbol;Acc:HGNC:24247],,,,,,,,,
ENSG00000008130,NADK,NAD kinase [Source:HGNC Symbol;Acc:HGNC:29831],,,,,,,,,
ENSG00000162368,CMPK1,cytidine/uridine monophosphate kinase 1 [Source:HGNC Symbol;Acc:HGNC:18170],,,,,,,,,
ENSG00000162433,AK4,adenylate kinase 4 [Source:HGNC Symbol;Acc:HGNC:363],,,,,,,,,
ENSG00000116199,FAM20B,FAM20B glycosaminoglycan xylosylkinase [Source:HGNC Symbol;Acc:HGNC:23017],,,,,,,,,
ENSG00000077044,DGKD,diacylglycerol kinase delta [Source:HGNC Symbol;Acc:HGNC:2851],,,,,,,,,
ENSG00000180228,PRKRA,protein activator of interferon induced protein kinase EIF2AK2 [Source:HGNC Symbol;Acc:HGNC:9438],,,,,,,,,
ENSG00000171608,PIK3CD,"phosphatidylinositol-4,5-bisphosphate 3-kinase catalytic subunit delta [Source:HGNC Symbol;Acc:HGNC:8977]",,,,,,,,,
ENSG00000159399,HK2,hexokinase 2 [Source:HGNC Symbol;Acc:HGNC:4923],,,,,,,,,
ENSG00000138030,KHK,ketohexokinase [Source:HGNC Symbol;Acc:HGNC:6315],,,,,,,,,
ENSG00000131482,G6PC1,glucose-6-phosphatase catalytic subunit 1 [Source:HGNC Symbol;Acc:HGNC:4056],,,,,,,,,
