ensembl_gene_id,HGNC_gene_name,external_gene_name,UniProtID_Human,Entrez_ID,description,Group,Family,Subfamily,Manning_Group,Manning_Family,Manning_Subfamily,HGNC_ID
ENSG00000174672,BRSK2,BRSK2,Q8IWQ3,9024,BR serine/threonine kinase 2 [Source:HGNC Symbol;Acc:HGNC:11405],CAMK,CAMKL,BRSK,CAMK,CAMKL,BRSK,HGNC:11405
ENSG00000185974,GRK1,GRK1,Q15835,6011,G protein-coupled receptor kinase 1 [Source:HGNC Symbol;Acc:HGNC:10013],,,,,,,HGNC:10013
ENSG00000105204,DYRK1B,DYRK1B,"",9149,dual specificity tyrosine phosphorylation regulated kinase 1B [Source:HGNC Symbol;Acc:HGNC:3092],CMGC,DYRK,Dyrk1,CMGC,DYRK,Dyrk1,HGNC:3092
ENSG00000198870,STKLD1,STKLD1,Q8NE28,169436,serine/threonine kinase like domain containing 1 [Source:HGNC Symbol;Acc:HGNC:28669],,,,,,,HGNC:28669
ENSG00000139908,TSSK4,TSSK4,Q6SA08,283629,testis specific serine kinase 4 [Source:HGNC Symbol;Acc:HGNC:19825],CAMK,TSSK,"",CAMK,TSSK,"",HGNC:19825
ENSG00000174292,TNK1,TNK1,Q13470,8711,tyrosine kinase non receptor 1 [Source:HGNC Symbol;Acc:HGNC:11940],TK,Ack,"",TK,Ack,"",HGNC:11940
ENSG00000129465,RIPK3,RIPK3,Q9Y572,11035,receptor interacting serine/threonine kinase 3 [Source:HGNC Symbol;Acc:HGNC:10021],TKL,RIPK,"",TKL,RIPK,"",HGNC:10021
ENSG00000117676,RPS6KA1,RPS6KA1,Q15418,6195,ribosomal protein S6 kinase A1 [Source:HGNC Symbol;Acc:HGNC:10430],,,,,,,HGNC:10430
ENSG00000115085,ZAP70,ZAP70,P43403,7535,zeta chain of T cell receptor associated protein kinase 70 [Source:HGNC Symbol;Acc:HGNC:12858],TK,Syk,"",TK,Syk,"",HGNC:12858
ENSG00000258989,,"","",,novel protein,,,,,,,
ENSG00000183421,RIPK4,RIPK4,P57078,54101,receptor interacting serine/threonine kinase 4 [Source:HGNC Symbol;Acc:HGNC:496],,,,,,,HGNC:496
ENSG00000180138,CSNK1A1L,CSNK1A1L,Q8N752,122011,casein kinase 1 alpha 1 like [Source:HGNC Symbol;Acc:HGNC:20289],,,,,,,HGNC:20289
ENSG00000146904,EPHA1,EPHA1,P21709,2041,EPH receptor A1 [Source:HGNC Symbol;Acc:HGNC:3385],TK,Eph,"",TK,Eph,"",HGNC:3385
ENSG00000136573,BLK,BLK,P51451,640,"BLK proto-oncogene, Src family tyrosine kinase [Source:HGNC Symbol;Acc:HGNC:1057]",TK,Src,"",TK,Src,"",HGNC:1057
ENSG00000275342,PRAG1,PRAG1,Q86YV5,157285,"PEAK1 related, kinase-activating pseudokinase 1 [Source:HGNC Symbol;Acc:HGNC:25438]",,,,,,,HGNC:25438
ENSG00000197122,SRC,SRC,P12931,6714,"SRC proto-oncogene, non-receptor tyrosine kinase [Source:HGNC Symbol;Acc:HGNC:11283]",TK,Src,"",TK,Src,"",HGNC:11283
ENSG00000067900,ROCK1,ROCK1,Q13464,6093,Rho associated coiled-coil containing protein kinase 1 [Source:HGNC Symbol;Acc:HGNC:10251],AGC,DMPK,ROCK,AGC,DMPK,ROCK,HGNC:10251
ENSG00000142178,SIK1,SIK1,P57059,150094,salt inducible kinase 1 [Source:HGNC Symbol;Acc:HGNC:11142],,,,,,,HGNC:11142
ENSG00000101336,HCK,HCK,P08631,3055,"HCK proto-oncogene, Src family tyrosine kinase [Source:HGNC Symbol;Acc:HGNC:4840]",TK,Src,"",TK,Src,"",HGNC:4840
ENSG00000125508,SRMS,SRMS,Q9H3Y6,6725,src-related kinase lacking C-terminal regulatory tyrosine and N-terminal myristylation sites [Source:HGNC Symbol;Acc:HGNC:11298],,,,,,,HGNC:11298
ENSG00000172315,TP53RK,TP53RK,Q96S44,112858,TP53 regulating kinase [Source:HGNC Symbol;Acc:HGNC:16197],,,,,,,HGNC:16197
ENSG00000157540,DYRK1A,DYRK1A,"",1859,dual specificity tyrosine phosphorylation regulated kinase 1A [Source:HGNC Symbol;Acc:HGNC:3091],CMGC,DYRK,Dyrk1,CMGC,DYRK,Dyrk1,HGNC:3091
ENSG00000008086,CDKL5,CDKL5,O76039,6792,cyclin dependent kinase like 5 [Source:HGNC Symbol;Acc:HGNC:11411],CMGC,CDKL,"",CMGC,CDKL,"",HGNC:11411
ENSG00000122025,FLT3,FLT3,P36888,2322,fms related receptor tyrosine kinase 3 [Source:HGNC Symbol;Acc:HGNC:3765],TK,PDGFR,"",TK,PDGFR,"",HGNC:3765
ENSG00000206203,TSSK2,TSSK2,Q96PF2,23617,testis specific serine kinase 2 [Source:HGNC Symbol;Acc:HGNC:11401],CAMK,TSSK,"",CAMK,TSSK,"",HGNC:11401
ENSG00000283900,TPTEP2-CSNK1E,TPTEP2-CSNK1E,"",102800317,TPTEP2-CSNK1E readthrough [Source:HGNC Symbol;Acc:HGNC:53829],,,,,,,HGNC:53829
ENSG00000142149,HUNK,HUNK,P57058,30811,hormonally up-regulated Neu-associated kinase [Source:HGNC Symbol;Acc:HGNC:13326],CAMK,CAMKL,HUNK,CAMK,CAMKL,HUNK,HGNC:13326
ENSG00000102755,FLT1,FLT1,P17948,2321,fms related receptor tyrosine kinase 1 [Source:HGNC Symbol;Acc:HGNC:3763],TK,VEGFR,"",TK,VEGFR,"",HGNC:3763
ENSG00000152520,PAN3,PAN3,Q58A45,255967,poly(A) specific ribonuclease subunit PAN3 [Source:HGNC Symbol;Acc:HGNC:29991],,,,,,,HGNC:29991
ENSG00000133083,DCLK1,DCLK1,O15075,9201,doublecortin like kinase 1 [Source:HGNC Symbol;Acc:HGNC:2700],,,,,,,HGNC:2700
ENSG00000101890,GUCY2F,GUCY2F,P51841,2986,"guanylate cyclase 2F, retinal [Source:HGNC Symbol;Acc:HGNC:4691]",,,,,,,HGNC:4691
ENSG00000147613,PSKH2,PSKH2,Q96QS6,85481,protein serine kinase H2 [Source:HGNC Symbol;Acc:HGNC:18997],CAMK,PSK,"",CAMK,PSK,"",HGNC:18997
ENSG00000140443,IGF1R,IGF1R,P08069,3480,insulin like growth factor 1 receptor [Source:HGNC Symbol;Acc:HGNC:5465],TK,InsR,"",TK,InsR,"",HGNC:5465
ENSG00000132964,CDK8,CDK8,P49336,1024,cyclin dependent kinase 8 [Source:HGNC Symbol;Acc:HGNC:1779],CMGC,CDK,CDK8,CMGC,CDK,CDK8,HGNC:1779
ENSG00000172680,MOS,MOS,P00540,4342,"MOS proto-oncogene, serine/threonine kinase [Source:HGNC Symbol;Acc:HGNC:7199]",Other,MOS,"",Other,MOS,"",HGNC:7199
ENSG00000288602,C8orf44-SGK3,C8orf44-SGK3,"",100533105,C8orf44-SGK3 readthrough [Source:HGNC Symbol;Acc:HGNC:48354],,,,,,,HGNC:48354
ENSG00000136807,CDK9,CDK9,"",1025,cyclin dependent kinase 9 [Source:HGNC Symbol;Acc:HGNC:1780],CMGC,CDK,CDK9,CMGC,CDK,CDK9,HGNC:1780
ENSG00000176444,CLK2,CLK2,P49760,1196,CDC like kinase 2 [Source:HGNC Symbol;Acc:HGNC:2069],CMGC,CLK,"",CMGC,CLK,"",HGNC:2069
ENSG00000185532,PRKG1,PRKG1,Q13976,5592,protein kinase cGMP-dependent 1 [Source:HGNC Symbol;Acc:HGNC:9414],,,,,,,HGNC:9414
ENSG00000165059,PRKACG,PRKACG,P22612,5568,protein kinase cAMP-activated catalytic subunit gamma [Source:HGNC Symbol;Acc:HGNC:9382],,,,,,,HGNC:9382
ENSG00000117020,AKT3,AKT3,Q9Y243,10000,AKT serine/threonine kinase 3 [Source:HGNC Symbol;Acc:HGNC:393],AGC,AKT,"",AGC,AKT,"",HGNC:393
ENSG00000169302,STK32A,STK32A,Q8WU08,202374,serine/threonine kinase 32A [Source:HGNC Symbol;Acc:HGNC:28317],,,,,,,HGNC:28317
ENSG00000102572,STK24,STK24,Q9Y6E0,8428,serine/threonine kinase 24 [Source:HGNC Symbol;Acc:HGNC:11403],,,,,,,HGNC:11403
ENSG00000160469,BRSK1,BRSK1,Q8TDC3,84446,BR serine/threonine kinase 1 [Source:HGNC Symbol;Acc:HGNC:18994],CAMK,CAMKL,BRSK,CAMK,CAMKL,BRSK,HGNC:18994
ENSG00000160396,HIPK4,HIPK4,Q8NE63,147746,homeodomain interacting protein kinase 4 [Source:HGNC Symbol;Acc:HGNC:19007],CMGC,DYRK,HIPK,CMGC,DYRK,HIPK,HGNC:19007
ENSG00000030304,MUSK,MUSK,O15146,4593,muscle associated receptor tyrosine kinase [Source:HGNC Symbol;Acc:HGNC:7525],TK,Musk,"",TK,Musk,"",HGNC:7525
ENSG00000185386,MAPK11,MAPK11,Q15759,5600,mitogen-activated protein kinase 11 [Source:HGNC Symbol;Acc:HGNC:6873],,,,,,,HGNC:6873
ENSG00000102096,PIM2,PIM2,Q9P1W9,11040,"Pim-2 proto-oncogene, serine/threonine kinase [Source:HGNC Symbol;Acc:HGNC:8987]",CAMK,PIM,"",CAMK,PIM,"",HGNC:8987
ENSG00000111837,MAK,MAK,P20794,4117,male germ cell associated kinase [Source:HGNC Symbol;Acc:HGNC:6816],CMGC,RCK,"",CMGC,RCK,"",HGNC:6816
ENSG00000183049,CAMK1D,CAMK1D,Q8IU85,57118,calcium/calmodulin dependent protein kinase ID [Source:HGNC Symbol;Acc:HGNC:19341],CAMK,CAMK1,"",CAMK,CAMK1,"",HGNC:19341
ENSG00000112144,CILK1,CILK1,Q9UPZ9,22858,ciliogenesis associated kinase 1 [Source:HGNC Symbol;Acc:HGNC:21219],,,,,,,HGNC:21219
ENSG00000184304,PRKD1,PRKD1,Q15139,5587,protein kinase D1 [Source:HGNC Symbol;Acc:HGNC:9407],,,,,,,HGNC:9407
ENSG00000254598,CSNK2A3,CSNK2A3,Q8NEV1,283106,casein kinase 2 alpha 3 [Source:HGNC Symbol;Acc:HGNC:2458],,,,,,,HGNC:2458
ENSG00000105723,GSK3A,GSK3A,"",2931,glycogen synthase kinase 3 alpha [Source:HGNC Symbol;Acc:HGNC:4616],CMGC,GSK,"",CMGC,GSK,"",HGNC:4616
ENSG00000069020,MAST4,MAST4,O15021,375449,microtubule associated serine/threonine kinase family member 4 [Source:HGNC Symbol;Acc:HGNC:19037],AGC,MAST,"",AGC,MAST,"",HGNC:19037
ENSG00000132356,PRKAA1,PRKAA1,Q13131,5562,protein kinase AMP-activated catalytic subunit alpha 1 [Source:HGNC Symbol;Acc:HGNC:9376],,,,,,,HGNC:9376
ENSG00000126583,PRKCG,PRKCG,"",5582,protein kinase C gamma [Source:HGNC Symbol;Acc:HGNC:9402],,,,,,,HGNC:9402
ENSG00000006837,CDKL3,CDKL3,Q8IVW4,51265,cyclin dependent kinase like 3 [Source:HGNC Symbol;Acc:HGNC:15483],CMGC,CDKL,"",CMGC,CDKL,"",HGNC:15483
ENSG00000134058,CDK7,CDK7,"",1022,cyclin dependent kinase 7 [Source:HGNC Symbol;Acc:HGNC:1778],CMGC,CDK,CDK7,CMGC,CDK,CDK7,HGNC:1778
ENSG00000142235,LMTK3,LMTK3,"",114783,lemur tyrosine kinase 3 [Source:HGNC Symbol;Acc:HGNC:19295],,,,,,,HGNC:19295
ENSG00000173334,TRIB1,TRIB1,Q96RU8,10221,tribbles pseudokinase 1 [Source:HGNC Symbol;Acc:HGNC:16891],,,,,,,HGNC:16891
ENSG00000141639,MAPK4,MAPK4,P31152,5596,mitogen-activated protein kinase 4 [Source:HGNC Symbol;Acc:HGNC:6878],,,,,,,HGNC:6878
ENSG00000038382,TRIO,TRIO,O75962,7204,trio Rho guanine nucleotide exchange factor [Source:HGNC Symbol;Acc:HGNC:12303],CAMK,Trio,"",CAMK,Trio,"",HGNC:12303
ENSG00000212122,TSSK1B,TSSK1B,Q9BXA7,83942,testis specific serine kinase 1B [Source:HGNC Symbol;Acc:HGNC:14968],,,,,,,HGNC:14968
ENSG00000113712,CSNK1A1,CSNK1A1,P48729,1452,casein kinase 1 alpha 1 [Source:HGNC Symbol;Acc:HGNC:2451],,,,,,,HGNC:2451
ENSG00000123572,NRK,NRK,Q7Z2Y5,203447,Nik related kinase [Source:HGNC Symbol;Acc:HGNC:25391],,,,,,,HGNC:25391
ENSG00000105639,JAK3,JAK3,P52333,3718,Janus kinase 3 [Source:HGNC Symbol;Acc:HGNC:6193],TK,JakA,"",TK,JakA,"",HGNC:6193
ENSG00000181085,MAPK15,MAPK15,Q8TD08,225689,mitogen-activated protein kinase 15 [Source:HGNC Symbol;Acc:HGNC:24667],,,,,,,HGNC:24667
ENSG00000176105,YES1,YES1,"",7525,"YES proto-oncogene 1, Src family tyrosine kinase [Source:HGNC Symbol;Acc:HGNC:12841]",,,,,,,HGNC:12841
ENSG00000105613,MAST1,MAST1,"",22983,microtubule associated serine/threonine kinase 1 [Source:HGNC Symbol;Acc:HGNC:19034],AGC,MAST,"",AGC,MAST,"",HGNC:19034
ENSG00000101109,STK4,STK4,Q13043,6789,serine/threonine kinase 4 [Source:HGNC Symbol;Acc:HGNC:11408],,,,,,,HGNC:11408
ENSG00000074590,NUAK1,NUAK1,O60285,9891,NUAK family kinase 1 [Source:HGNC Symbol;Acc:HGNC:14311],CAMK,CAMKL,NuaK,CAMK,CAMKL,NuaK,HGNC:14311
ENSG00000154237,LRRK1,LRRK1,Q38SD2,79705,leucine rich repeat kinase 1 [Source:HGNC Symbol;Acc:HGNC:18608],TKL,LRRK,"",TKL,LRRK,"",HGNC:18608
ENSG00000027075,PRKCH,PRKCH,"",5583,protein kinase C eta [Source:HGNC Symbol;Acc:HGNC:9403],,,,,,,HGNC:9403
ENSG00000123374,CDK2,CDK2,"",1017,cyclin dependent kinase 2 [Source:HGNC Symbol;Acc:HGNC:1771],CMGC,CDK,CDC2,CMGC,CDK,CDC2,HGNC:1771
ENSG00000072133,RPS6KA6,RPS6KA6,Q9UK32,27330,ribosomal protein S6 kinase A6 [Source:HGNC Symbol;Acc:HGNC:10435],,,,,,,HGNC:10435
ENSG00000146216,TTBK1,TTBK1,Q5TCY1,84630,tau tubulin kinase 1 [Source:HGNC Symbol;Acc:HGNC:19140],CK1,TTBK,"",CK1,TTBK,"",HGNC:19140
ENSG00000171094,ALK,ALK,"",238,ALK receptor tyrosine kinase [Source:HGNC Symbol;Acc:HGNC:427],TK,Alk,"",TK,Alk,"",HGNC:427
ENSG00000160145,KALRN,KALRN,"",8997,kalirin RhoGEF kinase [Source:HGNC Symbol;Acc:HGNC:4814],,,,,,,HGNC:4814
ENSG00000010219,DYRK4,DYRK4,"",8798,dual specificity tyrosine phosphorylation regulated kinase 4 [Source:HGNC Symbol;Acc:HGNC:3095],CMGC,DYRK,Dyrk2,CMGC,DYRK,Dyrk2,HGNC:3095
ENSG00000178093,TSSK6,TSSK6,Q9BXA6,83983,testis specific serine kinase 6 [Source:HGNC Symbol;Acc:HGNC:30410],,,,,,,HGNC:30410
ENSG00000196632,WNK3,WNK3,Q9BYP7,65267,WNK lysine deficient protein kinase 3 [Source:HGNC Symbol;Acc:HGNC:14543],Other,Wnk,"",Other,Wnk,"",HGNC:14543
ENSG00000114124,GRK7,GRK7,Q8WTQ7,131890,G protein-coupled receptor kinase 7 [Source:HGNC Symbol;Acc:HGNC:17031],,,,,,,HGNC:17031
ENSG00000100077,GRK3,GRK3,P35626,157,G protein-coupled receptor kinase 3 [Source:HGNC Symbol;Acc:HGNC:290],,,,,,,HGNC:290
ENSG00000071909,MYO3B,MYO3B,Q8WXR4,140469,myosin IIIB [Source:HGNC Symbol;Acc:HGNC:15576],STE,STE20,NinaC,STE,STE20,NinaC,HGNC:15576
ENSG00000188130,MAPK12,MAPK12,P53778,6300,mitogen-activated protein kinase 12 [Source:HGNC Symbol;Acc:HGNC:6874],,,,,,,HGNC:6874
ENSG00000072195,SPEG,SPEG,Q15772,10290,striated muscle enriched protein kinase [Source:HGNC Symbol;Acc:HGNC:16901],CAMK,Trio,"",CAMK,Trio,"",HGNC:16901
ENSG00000134602,STK26,STK26,"",51765,serine/threonine kinase 26 [Source:HGNC Symbol;Acc:HGNC:18174],,,,,,,HGNC:18174
ENSG00000171435,KSR2,KSR2,Q6VAB6,283455,kinase suppressor of ras 2 [Source:HGNC Symbol;Acc:HGNC:18610],TKL,RAF,"",TKL,RAF,"",HGNC:18610
ENSG00000080224,EPHA6,EPHA6,"",285220,EPH receptor A6 [Source:HGNC Symbol;Acc:HGNC:19296],TK,Eph,"",TK,Eph,"",HGNC:19296
ENSG00000138395,CDK15,CDK15,Q96Q40,65061,cyclin dependent kinase 15 [Source:HGNC Symbol;Acc:HGNC:14434],,,,,,,HGNC:14434
ENSG00000150457,LATS2,LATS2,Q9NRM7,26524,large tumor suppressor kinase 2 [Source:HGNC Symbol;Acc:HGNC:6515],AGC,NDR,"",AGC,NDR,"",HGNC:6515
ENSG00000170209,ANKK1,ANKK1,Q8NFD2,255239,ankyrin repeat and kinase domain containing 1 [Source:HGNC Symbol;Acc:HGNC:21027],,,,,,,HGNC:21027
ENSG00000185189,NRBP2,NRBP2,Q9NSY0,340371,nuclear receptor binding protein 2 [Source:HGNC Symbol;Acc:HGNC:19339],Other,NRBP,"",Other,NRBP,"",HGNC:19339
ENSG00000137332,,DDR1,Q08345,780,discoidin domain receptor tyrosine kinase 1 [Source:HGNC Symbol;Acc:HGNC:2730],TK,DDR,"",TK,DDR,"",
ENSG00000089022,MAPKAPK5,MAPKAPK5,Q8IW41,8550,MAPK activated protein kinase 5 [Source:HGNC Symbol;Acc:HGNC:6889],CAMK,MAPKAPK,MAPKAPK,CAMK,MAPKAPK,MAPKAPK,HGNC:6889
ENSG00000136098,NEK3,NEK3,"",4752,NIMA related kinase 3 [Source:HGNC Symbol;Acc:HGNC:7746],Other,NEK,"",Other,NEK,"",HGNC:7746
ENSG00000172071,EIF2AK3,EIF2AK3,"",9451,eukaryotic translation initiation factor 2 alpha kinase 3 [Source:HGNC Symbol;Acc:HGNC:3255],,,,,,,HGNC:3255
ENSG00000071575,TRIB2,TRIB2,Q92519,28951,tribbles pseudokinase 2 [Source:HGNC Symbol;Acc:HGNC:30809],,,,,,,HGNC:30809
ENSG00000168078,PBK,PBK,Q96KB5,55872,PDZ binding kinase [Source:HGNC Symbol;Acc:HGNC:18282],Other,TOPK,"",Other,TOPK,"",HGNC:18282
ENSG00000142731,PLK4,PLK4,O00444,10733,polo like kinase 4 [Source:HGNC Symbol;Acc:HGNC:11397],Other,PLK,"",Other,PLK,"",HGNC:11397
ENSG00000204217,BMPR2,BMPR2,Q13873,659,bone morphogenetic protein receptor type 2 [Source:HGNC Symbol;Acc:HGNC:1078],TKL,STKR,Type2,TKL,STKR,Type2,HGNC:1078
ENSG00000070886,EPHA8,EPHA8,P29322,2046,EPH receptor A8 [Source:HGNC Symbol;Acc:HGNC:3391],TK,Eph,"",TK,Eph,"",HGNC:3391
ENSG00000148053,NTRK2,NTRK2,Q16620,4915,neurotrophic receptor tyrosine kinase 2 [Source:HGNC Symbol;Acc:HGNC:8032],,,,,,,HGNC:8032
ENSG00000072062,PRKACA,PRKACA,"",5566,protein kinase cAMP-activated catalytic subunit alpha [Source:HGNC Symbol;Acc:HGNC:9380],,,,,,,HGNC:9380
ENSG00000152953,STK32B,STK32B,Q9NY57,55351,serine/threonine kinase 32B [Source:HGNC Symbol;Acc:HGNC:14217],,,,,,,HGNC:14217
ENSG00000138756,BMP2K,BMP2K,Q9NSY1,55589,BMP2 inducible kinase [Source:HGNC Symbol;Acc:HGNC:18041],,,,,,,HGNC:18041
ENSG00000027644,INSRR,INSRR,P14616,3645,insulin receptor related receptor [Source:HGNC Symbol;Acc:HGNC:6093],,,,,,,HGNC:6093
ENSG00000080823,MOK,MOK,"",5891,MOK protein kinase [Source:HGNC Symbol;Acc:HGNC:9833],CMGC,RCK,"",CMGC,RCK,"",HGNC:9833
ENSG00000162526,TSSK3,TSSK3,Q96PN8,81629,testis specific serine kinase 3 [Source:HGNC Symbol;Acc:HGNC:15473],CAMK,TSSK,"",CAMK,TSSK,"",HGNC:15473
ENSG00000176601,MAP3K19,MAP3K19,Q56UN5,80122,mitogen-activated protein kinase kinase kinase 19 [Source:HGNC Symbol;Acc:HGNC:26249],,,,,,,HGNC:26249
ENSG00000102010,BMX,BMX,P51813,660,BMX non-receptor tyrosine kinase [Source:HGNC Symbol;Acc:HGNC:1079],TK,Tec,"",TK,Tec,"",HGNC:1079
ENSG00000133216,EPHB2,EPHB2,P29323,2048,EPH receptor B2 [Source:HGNC Symbol;Acc:HGNC:3393],TK,Eph,"",TK,Eph,"",HGNC:3393
ENSG00000197168,NEK5,NEK5,"",341676,NIMA related kinase 5 [Source:HGNC Symbol;Acc:HGNC:7748],Other,NEK,"",Other,NEK,"",HGNC:7748
ENSG00000107643,MAPK8,MAPK8,P45983,5599,mitogen-activated protein kinase 8 [Source:HGNC Symbol;Acc:HGNC:6881],,,,,,,HGNC:6881
ENSG00000165238,WNK2,WNK2,Q9Y3S1,65268,WNK lysine deficient protein kinase 2 [Source:HGNC Symbol;Acc:HGNC:14542],Other,Wnk,"",Other,Wnk,"",HGNC:14542
ENSG00000259030,FPGT-TNNI3K,FPGT-TNNI3K,"",100526835,FPGT-TNNI3K readthrough [Source:HGNC Symbol;Acc:HGNC:42952],,,,,,,HGNC:42952
ENSG00000154358,OBSCN,OBSCN,"",84033,"obscurin, cytoskeletal calmodulin and titin-interacting RhoGEF [Source:HGNC Symbol;Acc:HGNC:15719]",CAMK,Trio,"",CAMK,Trio,"",HGNC:15719
ENSG00000145242,EPHA5,EPHA5,P54756,2044,EPH receptor A5 [Source:HGNC Symbol;Acc:HGNC:3389],TK,Eph,"",TK,Eph,"",HGNC:3389
ENSG00000128881,TTBK2,TTBK2,Q6IQ55,146057,tau tubulin kinase 2 [Source:HGNC Symbol;Acc:HGNC:19141],CK1,TTBK,"",CK1,TTBK,"",HGNC:19141
ENSG00000070808,CAMK2A,CAMK2A,Q9UQM7,815,calcium/calmodulin dependent protein kinase II alpha [Source:HGNC Symbol;Acc:HGNC:1460],CAMK,CAMK2,"",CAMK,CAMK2,"",HGNC:1460
ENSG00000214102,WEE2,WEE2,P0C1S8,494551,WEE2 oocyte meiosis inhibiting kinase [Source:HGNC Symbol;Acc:HGNC:19684],,,,,,,HGNC:19684
ENSG00000184216,IRAK1,IRAK1,P51617,3654,interleukin 1 receptor associated kinase 1 [Source:HGNC Symbol;Acc:HGNC:6112],TKL,IRAK,"",TKL,IRAK,"",HGNC:6112
ENSG00000143479,DYRK3,DYRK3,O43781,8444,dual specificity tyrosine phosphorylation regulated kinase 3 [Source:HGNC Symbol;Acc:HGNC:3094],CMGC,DYRK,Dyrk2,CMGC,DYRK,Dyrk2,HGNC:3094
ENSG00000213341,CHUK,CHUK,O15111,1147,component of inhibitor of nuclear factor kappa B kinase complex [Source:HGNC Symbol;Acc:HGNC:1974],,,,,,,HGNC:1974
ENSG00000006432,MAP3K9,MAP3K9,P80192,4293,mitogen-activated protein kinase kinase kinase 9 [Source:HGNC Symbol;Acc:HGNC:6861],,,,,,,HGNC:6861
ENSG00000106123,EPHB6,EPHB6,"",2051,EPH receptor B6 [Source:HGNC Symbol;Acc:HGNC:3396],TK,Eph,"",TK,Eph,"",HGNC:3396
ENSG00000113263,ITK,ITK,Q08881,3702,IL2 inducible T cell kinase [Source:HGNC Symbol;Acc:HGNC:6171],TK,Tec,"",TK,Tec,"",HGNC:6171
ENSG00000010671,BTK,BTK,Q06187,695,Bruton tyrosine kinase [Source:HGNC Symbol;Acc:HGNC:1133],TK,Tec,"",TK,Tec,"",HGNC:1133
ENSG00000198752,CDC42BPB,CDC42BPB,"",9578,CDC42 binding protein kinase beta [Source:HGNC Symbol;Acc:HGNC:1738],,,,,,,HGNC:1738
ENSG00000185483,ROR1,ROR1,Q01973,4919,receptor tyrosine kinase like orphan receptor 1 [Source:HGNC Symbol;Acc:HGNC:10256],TK,Ror,"",TK,Ror,"",HGNC:10256
ENSG00000178568,ERBB4,ERBB4,Q15303,2066,erb-b2 receptor tyrosine kinase 4 [Source:HGNC Symbol;Acc:HGNC:3432],,,,,,,HGNC:3432
ENSG00000099308,MAST3,MAST3,"",23031,microtubule associated serine/threonine kinase 3 [Source:HGNC Symbol;Acc:HGNC:19036],AGC,MAST,"",AGC,MAST,"",HGNC:19036
ENSG00000097007,ABL1,ABL1,P00519,25,"ABL proto-oncogene 1, non-receptor tyrosine kinase [Source:HGNC Symbol;Acc:HGNC:76]",,,,,,,HGNC:76
ENSG00000101266,CSNK2A1,CSNK2A1,P68400,1457,casein kinase 2 alpha 1 [Source:HGNC Symbol;Acc:HGNC:2457],,,,,,,HGNC:2457
ENSG00000132518,GUCY2D,GUCY2D,Q02846,3000,"guanylate cyclase 2D, retinal [Source:HGNC Symbol;Acc:HGNC:4689]",,,,,,,HGNC:4689
ENSG00000171105,INSR,INSR,P06213,3643,insulin receptor [Source:HGNC Symbol;Acc:HGNC:6091],TK,InsR,"",TK,InsR,"",HGNC:6091
ENSG00000128052,KDR,KDR,P35968,3791,kinase insert domain receptor [Source:HGNC Symbol;Acc:HGNC:6307],TK,VEGFR,"",TK,VEGFR,"",HGNC:6307
ENSG00000104312,RIPK2,RIPK2,O43353,8767,receptor interacting serine/threonine kinase 2 [Source:HGNC Symbol;Acc:HGNC:10020],TKL,RIPK,"",TKL,RIPK,"",HGNC:10020
ENSG00000095777,MYO3A,MYO3A,Q8NEV4,53904,myosin IIIA [Source:HGNC Symbol;Acc:HGNC:7601],STE,STE20,NinaC,STE,STE20,NinaC,HGNC:7601
ENSG00000183765,CHEK2,CHEK2,"",11200,checkpoint kinase 2 [Source:HGNC Symbol;Acc:HGNC:16627],,,,,,,HGNC:16627
ENSG00000169032,MAP2K1,MAP2K1,"",5604,mitogen-activated protein kinase kinase 1 [Source:HGNC Symbol;Acc:HGNC:6840],STE,STE7,"",STE,STE7,"",HGNC:6840
ENSG00000100490,CDKL1,CDKL1,Q00532,8814,cyclin dependent kinase like 1 [Source:HGNC Symbol;Acc:HGNC:1781],CMGC,CDKL,"",CMGC,CDKL,"",HGNC:1781
ENSG00000077264,PAK3,PAK3,O75914,5063,p21 (RAC1) activated kinase 3 [Source:HGNC Symbol;Acc:HGNC:8592],STE,STE20,PAKA,STE,STE20,PAKA,HGNC:8592
ENSG00000160447,PKN3,PKN3,Q6P5Z2,29941,protein kinase N3 [Source:HGNC Symbol;Acc:HGNC:17999],AGC,PKN,"",AGC,PKN,"",HGNC:17999
ENSG00000188322,SBK1,SBK1,"",388228,SH3 domain binding kinase 1 [Source:HGNC Symbol;Acc:HGNC:17699],,,,,,,HGNC:17699
ENSG00000178607,ERN1,ERN1,"",2081,endoplasmic reticulum to nucleus signaling 1 [Source:HGNC Symbol;Acc:HGNC:3449],,,,,,,HGNC:3449
ENSG00000155657,TTN,TTN,"",7273,titin [Source:HGNC Symbol;Acc:HGNC:12403],CAMK,MLCK,"",CAMK,MLCK,"",HGNC:12403
ENSG00000072786,STK10,STK10,O94804,6793,serine/threonine kinase 10 [Source:HGNC Symbol;Acc:HGNC:11388],,,,,,,HGNC:11388
ENSG00000157404,KIT,KIT,"",3815,"KIT proto-oncogene, receptor tyrosine kinase [Source:HGNC Symbol;Acc:HGNC:6342]",TK,PDGFR,"",TK,PDGFR,"",HGNC:6342
ENSG00000167601,AXL,AXL,P30530,558,AXL receptor tyrosine kinase [Source:HGNC Symbol;Acc:HGNC:905],TK,Axl,"",TK,Axl,"",HGNC:905
ENSG00000185900,POMK,POMK,Q9H5K3,84197,protein O-mannose kinase [Source:HGNC Symbol;Acc:HGNC:26267],,,,,,,HGNC:26267
ENSG00000172939,OXSR1,OXSR1,"",9943,oxidative stress responsive kinase 1 [Source:HGNC Symbol;Acc:HGNC:8508],,,,,,,HGNC:8508
ENSG00000180815,MAP3K15,MAP3K15,Q6ZN16,389840,mitogen-activated protein kinase kinase kinase 15 [Source:HGNC Symbol;Acc:HGNC:31689],,,,,,,HGNC:31689
ENSG00000111816,FRK,FRK,P42685,2444,fyn related Src family tyrosine kinase [Source:HGNC Symbol;Acc:HGNC:3955],TK,Src,"",TK,Src,"",HGNC:3955
ENSG00000137601,NEK1,NEK1,Q96PY6,4750,NIMA related kinase 1 [Source:HGNC Symbol;Acc:HGNC:7744],Other,NEK,"",Other,NEK,"",HGNC:7744
ENSG00000113240,CLK4,CLK4,Q9HAZ1,57396,CDC like kinase 4 [Source:HGNC Symbol;Acc:HGNC:13659],CMGC,CLK,"",CMGC,CLK,"",HGNC:13659
ENSG00000099875,MKNK2,MKNK2,"",2872,MAPK interacting serine/threonine kinase 2 [Source:HGNC Symbol;Acc:HGNC:7111],,,,,,,HGNC:7111
ENSG00000165731,RET,RET,"",5979,ret proto-oncogene [Source:HGNC Symbol;Acc:HGNC:9967],TK,Ret,"",TK,Ret,"",HGNC:9967
ENSG00000163545,NUAK2,NUAK2,Q9H093,81788,NUAK family kinase 2 [Source:HGNC Symbol;Acc:HGNC:29558],CAMK,CAMKL,NuaK,CAMK,CAMKL,NuaK,HGNC:29558
ENSG00000177602,HASPIN,HASPIN,Q8TF76,83903,histone H3 associated protein kinase [Source:HGNC Symbol;Acc:HGNC:19682],Other,Haspin,"",Other,Haspin,"",HGNC:19682
ENSG00000159792,PSKH1,PSKH1,P11801,5681,protein serine kinase H1 [Source:HGNC Symbol;Acc:HGNC:9529],CAMK,PSK,"",CAMK,PSK,"",HGNC:9529
ENSG00000119638,NEK9,NEK9,Q8TD19,91754,NIMA related kinase 9 [Source:HGNC Symbol;Acc:HGNC:18591],Other,NEK,"",Other,NEK,"",HGNC:18591
ENSG00000143322,ABL2,ABL2,P42684,27,"ABL proto-oncogene 2, non-receptor tyrosine kinase [Source:HGNC Symbol;Acc:HGNC:77]",,,,,,,HGNC:77
ENSG00000066468,FGFR2,FGFR2,P21802,2263,fibroblast growth factor receptor 2 [Source:HGNC Symbol;Acc:HGNC:3689],TK,FGFR,"",TK,FGFR,"",HGNC:3689
ENSG00000012983,MAP4K5,MAP4K5,Q9Y4K4,11183,mitogen-activated protein kinase kinase kinase kinase 5 [Source:HGNC Symbol;Acc:HGNC:6867],,,,,,,HGNC:6867
ENSG00000105146,AURKC,AURKC,Q9UQB9,6795,aurora kinase C [Source:HGNC Symbol;Acc:HGNC:11391],,,,,,,HGNC:11391
ENSG00000078061,ARAF,ARAF,P10398,369,"A-Raf proto-oncogene, serine/threonine kinase [Source:HGNC Symbol;Acc:HGNC:646]",TKL,RAF,"",TKL,RAF,"",HGNC:646
ENSG00000082701,GSK3B,GSK3B,P49841,2932,glycogen synthase kinase 3 beta [Source:HGNC Symbol;Acc:HGNC:4617],CMGC,GSK,"",CMGC,GSK,"",HGNC:4617
ENSG00000007264,MATK,MATK,P42679,4145,megakaryocyte-associated tyrosine kinase [Source:HGNC Symbol;Acc:HGNC:6906],,,,,,,HGNC:6906
ENSG00000196335,STK31,STK31,Q9BXU1,56164,serine/threonine kinase 31 [Source:HGNC Symbol;Acc:HGNC:11407],,,,,,,HGNC:11407
ENSG00000072518,MARK2,MARK2,"",2011,microtubule affinity regulating kinase 2 [Source:HGNC Symbol;Acc:HGNC:3332],CAMK,CAMKL,MARK,CAMK,CAMKL,MARK,HGNC:3332
ENSG00000100784,RPS6KA5,RPS6KA5,O75582,9252,ribosomal protein S6 kinase A5 [Source:HGNC Symbol;Acc:HGNC:10434],,,,,,,HGNC:10434
ENSG00000007047,MARK4,MARK4,"",57787,microtubule affinity regulating kinase 4 [Source:HGNC Symbol;Acc:HGNC:13538],CAMK,CAMKL,MARK,CAMK,CAMKL,MARK,HGNC:13538
ENSG00000092445,TYRO3,TYRO3,"",7301,TYRO3 protein tyrosine kinase [Source:HGNC Symbol;Acc:HGNC:12446],TK,Axl,"",TK,Axl,"",HGNC:12446
ENSG00000101213,PTK6,PTK6,Q13882,5753,protein tyrosine kinase 6 [Source:HGNC Symbol;Acc:HGNC:9617],,,,,,,HGNC:9617
ENSG00000131023,LATS1,LATS1,O95835,9113,large tumor suppressor kinase 1 [Source:HGNC Symbol;Acc:HGNC:6514],AGC,NDR,"",AGC,NDR,"",HGNC:6514
ENSG00000138769,CDKL2,CDKL2,Q92772,8999,cyclin dependent kinase like 2 [Source:HGNC Symbol;Acc:HGNC:1782],CMGC,CDKL,"",CMGC,CDKL,"",HGNC:1782
ENSG00000177189,RPS6KA3,RPS6KA3,P51812,6197,ribosomal protein S6 kinase A3 [Source:HGNC Symbol;Acc:HGNC:10432],,,,,,,HGNC:10432
ENSG00000135503,ACVR1B,ACVR1B,P36896,91,activin A receptor type 1B [Source:HGNC Symbol;Acc:HGNC:172],,,,,,,HGNC:172
ENSG00000183943,PRKX,PRKX,P51817,5613,protein kinase cAMP-dependent X-linked catalytic subunit [Source:HGNC Symbol;Acc:HGNC:9441],AGC,PKA,"",AGC,PKA,"",HGNC:9441
ENSG00000165304,MELK,MELK,Q14680,9833,maternal embryonic leucine zipper kinase [Source:HGNC Symbol;Acc:HGNC:16870],CAMK,CAMKL,MELK,CAMK,CAMKL,MELK,HGNC:16870
ENSG00000127334,DYRK2,DYRK2,Q92630,8445,dual specificity tyrosine phosphorylation regulated kinase 2 [Source:HGNC Symbol;Acc:HGNC:3093],CMGC,DYRK,Dyrk2,CMGC,DYRK,Dyrk2,HGNC:3093
ENSG00000149554,CHEK1,CHEK1,O14757,1111,checkpoint kinase 1 [Source:HGNC Symbol;Acc:HGNC:1925],,,,,,,HGNC:1925
ENSG00000120156,TEK,TEK,Q02763,7010,TEK receptor tyrosine kinase [Source:HGNC Symbol;Acc:HGNC:11724],,,,,,,HGNC:11724
ENSG00000169398,PTK2,PTK2,Q05397,5747,protein tyrosine kinase 2 [Source:HGNC Symbol;Acc:HGNC:9611],,,,,,,HGNC:9611
ENSG00000135333,EPHA7,EPHA7,Q15375,2045,EPH receptor A7 [Source:HGNC Symbol;Acc:HGNC:3390],TK,Eph,"",TK,Eph,"",HGNC:3390
ENSG00000135446,CDK4,CDK4,P11802,1019,cyclin dependent kinase 4 [Source:HGNC Symbol;Acc:HGNC:1773],CMGC,CDK,CDK4,CMGC,CDK,CDK4,HGNC:1773
ENSG00000104814,MAP4K1,MAP4K1,Q92918,11184,mitogen-activated protein kinase kinase kinase kinase 1 [Source:HGNC Symbol;Acc:HGNC:6863],,,,,,,HGNC:6863
ENSG00000166483,WEE1,WEE1,P30291,7465,WEE1 G2 checkpoint kinase [Source:HGNC Symbol;Acc:HGNC:12761],Other,WEE,"",Other,WEE,"",HGNC:12761
ENSG00000114739,ACVR2B,ACVR2B,Q13705,93,activin A receptor type 2B [Source:HGNC Symbol;Acc:HGNC:174],,,,,,,HGNC:174
ENSG00000107779,BMPR1A,BMPR1A,"",657,bone morphogenetic protein receptor type 1A [Source:HGNC Symbol;Acc:HGNC:1076],TKL,STKR,Type1,TKL,STKR,Type1,HGNC:1076
ENSG00000198873,GRK5,GRK5,P34947,2869,G protein-coupled receptor kinase 5 [Source:HGNC Symbol;Acc:HGNC:4544],,,,,,,HGNC:4544
ENSG00000110422,HIPK3,HIPK3,Q9H422,10114,homeodomain interacting protein kinase 3 [Source:HGNC Symbol;Acc:HGNC:4915],CMGC,DYRK,HIPK,CMGC,DYRK,HIPK,HGNC:4915
ENSG00000163673,DCLK3,DCLK3,"",85443,doublecortin like kinase 3 [Source:HGNC Symbol;Acc:HGNC:19005],,,,,,,HGNC:19005
ENSG00000101349,PAK5,PAK5,Q9P286,57144,p21 (RAC1) activated kinase 5 [Source:HGNC Symbol;Acc:HGNC:15916],STE,STE20,PAKB,STE,STE20,PAKB,HGNC:15916
ENSG00000101049,SGK2,SGK2,Q9HBY8,10110,serum/glucocorticoid regulated kinase 2 [Source:HGNC Symbol;Acc:HGNC:13900],AGC,SGK,"",AGC,SGK,"",HGNC:13900
ENSG00000035664,DAPK2,DAPK2,Q9UIK4,23604,death associated protein kinase 2 [Source:HGNC Symbol;Acc:HGNC:2675],CAMK,DAPK,"",CAMK,DAPK,"",HGNC:2675
ENSG00000170312,CDK1,CDK1,"",983,cyclin dependent kinase 1 [Source:HGNC Symbol;Acc:HGNC:1722],,,,,,,HGNC:1722
ENSG00000044524,EPHA3,EPHA3,P29320,2042,EPH receptor A3 [Source:HGNC Symbol;Acc:HGNC:3387],TK,Eph,"",TK,Eph,"",HGNC:3387
ENSG00000065361,ERBB3,ERBB3,P21860,2065,erb-b2 receptor tyrosine kinase 3 [Source:HGNC Symbol;Acc:HGNC:3431],,,,,,,HGNC:3431
ENSG00000112742,TTK,TTK,P33981,7272,TTK protein kinase [Source:HGNC Symbol;Acc:HGNC:12401],Other,TTK,"",Other,TTK,"",HGNC:12401
ENSG00000130822,PNCK,PNCK,Q6P2M8,139728,pregnancy up-regulated nonubiquitous CaM kinase [Source:HGNC Symbol;Acc:HGNC:13415],,,,,,,HGNC:13415
ENSG00000122966,CIT,CIT,O14578,11113,citron rho-interacting serine/threonine kinase [Source:HGNC Symbol;Acc:HGNC:1985],,,,,,,HGNC:1985
ENSG00000141068,KSR1,KSR1,"",8844,kinase suppressor of ras 1 [Source:HGNC Symbol;Acc:HGNC:6465],TKL,RAF,"",TKL,RAF,"",HGNC:6465
ENSG00000182541,LIMK2,LIMK2,"",3985,LIM domain kinase 2 [Source:HGNC Symbol;Acc:HGNC:6614],TKL,LISK,LIMK,TKL,LISK,LIMK,HGNC:6614
ENSG00000082146,STRADB,STRADB,"",55437,STE20 related adaptor beta [Source:HGNC Symbol;Acc:HGNC:13205],,,,,,,HGNC:13205
ENSG00000060237,WNK1,WNK1,Q9H4A3,65125,WNK lysine deficient protein kinase 1 [Source:HGNC Symbol;Acc:HGNC:14540],Other,Wnk,"",Other,Wnk,"",HGNC:14540
ENSG00000105287,PRKD2,PRKD2,Q9BZL6,25865,protein kinase D2 [Source:HGNC Symbol;Acc:HGNC:17293],,,,,,,HGNC:17293
ENSG00000205111,CDKL4,CDKL4,"",344387,cyclin dependent kinase like 4 [Source:HGNC Symbol;Acc:HGNC:19287],CMGC,CDKL,"",CMGC,CDKL,"",HGNC:19287
ENSG00000147044,CASK,CASK,"",8573,calcium/calmodulin dependent serine protein kinase [Source:HGNC Symbol;Acc:HGNC:1497],CAMK,CASK,"",CAMK,CASK,"",HGNC:1497
ENSG00000171132,PRKCE,PRKCE,Q02156,5581,protein kinase C epsilon [Source:HGNC Symbol;Acc:HGNC:9401],,,,,,,HGNC:9401
ENSG00000130758,MAP3K10,MAP3K10,Q02779,4294,mitogen-activated protein kinase kinase kinase 10 [Source:HGNC Symbol;Acc:HGNC:6849],,,,,,,HGNC:6849
ENSG00000065613,SLK,SLK,Q9H2G2,9748,STE20 like kinase [Source:HGNC Symbol;Acc:HGNC:11088],STE,STE20,SLK,STE,STE20,SLK,HGNC:11088
ENSG00000100030,MAPK1,MAPK1,P28482,5594,mitogen-activated protein kinase 1 [Source:HGNC Symbol;Acc:HGNC:6871],,,,,,,HGNC:6871
ENSG00000134398,ERN2,ERN2,Q76MJ5,10595,endoplasmic reticulum to nucleus signaling 2 [Source:HGNC Symbol;Acc:HGNC:16942],,,,,,,HGNC:16942
ENSG00000145949,MYLK4,MYLK4,"",340156,myosin light chain kinase family member 4 [Source:HGNC Symbol;Acc:HGNC:27972],,,,,,,HGNC:27972
ENSG00000132155,RAF1,RAF1,"",5894,"Raf-1 proto-oncogene, serine/threonine kinase [Source:HGNC Symbol;Acc:HGNC:9829]",TKL,RAF,"",TKL,RAF,"",HGNC:9829
ENSG00000118046,STK11,STK11,"",6794,serine/threonine kinase 11 [Source:HGNC Symbol;Acc:HGNC:11389],,,,,,,HGNC:11389
ENSG00000184343,SRPK3,SRPK3,Q9UPE1,26576,SRSF protein kinase 3 [Source:HGNC Symbol;Acc:HGNC:11402],,,,,,,HGNC:11402
ENSG00000135341,MAP3K7,MAP3K7,O43318,6885,mitogen-activated protein kinase kinase kinase 7 [Source:HGNC Symbol;Acc:HGNC:6859],STE,STE11,"",STE,STE11,"",HGNC:6859
ENSG00000198355,PIM3,PIM3,Q86V86,415116,"Pim-3 proto-oncogene, serine/threonine kinase [Source:HGNC Symbol;Acc:HGNC:19310]",CAMK,PIM,"",CAMK,PIM,"",HGNC:19310
ENSG00000169118,CSNK1G1,CSNK1G1,Q9HCP0,53944,casein kinase 1 gamma 1 [Source:HGNC Symbol;Acc:HGNC:2454],,,,,,,HGNC:2454
ENSG00000177453,NIM1K,NIM1K,Q8IY84,167359,NIM1 serine/threonine protein kinase [Source:HGNC Symbol;Acc:HGNC:28646],,,,,,,HGNC:28646
ENSG00000169967,MAP3K2,MAP3K2,Q9Y2U5,10746,mitogen-activated protein kinase kinase kinase 2 [Source:HGNC Symbol;Acc:HGNC:6854],STE,STE11,"",STE,STE11,"",HGNC:6854
ENSG00000104205,SGK3,SGK3,Q96BR1,23678,serum/glucocorticoid regulated kinase family member 3 [Source:HGNC Symbol;Acc:HGNC:10812],AGC,SGK,"",AGC,SGK,"",HGNC:10812
ENSG00000163513,TGFBR2,TGFBR2,"",7048,transforming growth factor beta receptor 2 [Source:HGNC Symbol;Acc:HGNC:11773],TKL,STKR,Type2,TKL,STKR,Type2,HGNC:11773
ENSG00000138669,PRKG2,PRKG2,Q13237,5593,protein kinase cGMP-dependent 2 [Source:HGNC Symbol;Acc:HGNC:9416],,,,,,,HGNC:9416
ENSG00000171219,CDC42BPG,CDC42BPG,Q6DT37,55561,CDC42 binding protein kinase gamma [Source:HGNC Symbol;Acc:HGNC:29829],,,,,,,HGNC:29829
ENSG00000137193,PIM1,PIM1,P11309,5292,"Pim-1 proto-oncogene, serine/threonine kinase [Source:HGNC Symbol;Acc:HGNC:8986]",CAMK,PIM,"",CAMK,PIM,"",HGNC:8986
ENSG00000149930,TAOK2,TAOK2,Q9UL54,9344,TAO kinase 2 [Source:HGNC Symbol;Acc:HGNC:16835],,,,,,,HGNC:16835
ENSG00000177169,ULK1,ULK1,O75385,8408,unc-51 like autophagy activating kinase 1 [Source:HGNC Symbol;Acc:HGNC:12558],Other,ULK,"",Other,ULK,"",HGNC:12558
ENSG00000116106,EPHA4,EPHA4,P54764,2043,EPH receptor A4 [Source:HGNC Symbol;Acc:HGNC:3388],TK,Eph,"",TK,Eph,"",HGNC:3388
ENSG00000170145,SIK2,SIK2,Q9H0K1,23235,salt inducible kinase 2 [Source:HGNC Symbol;Acc:HGNC:21680],,,,,,,HGNC:21680
ENSG00000101306,MYLK2,MYLK2,Q9H1R3,85366,myosin light chain kinase 2 [Source:HGNC Symbol;Acc:HGNC:16243],,,,,,,HGNC:16243
ENSG00000118515,SGK1,SGK1,O00141,6446,serum/glucocorticoid regulated kinase 1 [Source:HGNC Symbol;Acc:HGNC:10810],,,,,,,HGNC:10810
ENSG00000050748,MAPK9,MAPK9,P45984,5601,mitogen-activated protein kinase 9 [Source:HGNC Symbol;Acc:HGNC:6886],,,,,,,HGNC:6886
ENSG00000115977,AAK1,AAK1,Q2M2I8,22848,AP2 associated kinase 1 [Source:HGNC Symbol;Acc:HGNC:19679],Other,NAK,"",Other,NAK,"",HGNC:19679
ENSG00000146648,EGFR,EGFR,P00533,1956,epidermal growth factor receptor [Source:HGNC Symbol;Acc:HGNC:3236],TK,EGFR,"",TK,EGFR,"",HGNC:3236
ENSG00000213923,CSNK1E,CSNK1E,P49674,1454,casein kinase 1 epsilon [Source:HGNC Symbol;Acc:HGNC:2453],,,,,,,HGNC:2453
ENSG00000064393,HIPK2,HIPK2,Q9H2X6,28996,homeodomain interacting protein kinase 2 [Source:HGNC Symbol;Acc:HGNC:14402],CMGC,DYRK,HIPK,CMGC,DYRK,HIPK,HGNC:14402
ENSG00000106683,LIMK1,LIMK1,"",3984,LIM domain kinase 1 [Source:HGNC Symbol;Acc:HGNC:6613],TKL,LISK,LIMK,TKL,LISK,LIMK,HGNC:6613
ENSG00000156345,CDK20,CDK20,Q8IZL9,23552,cyclin dependent kinase 20 [Source:HGNC Symbol;Acc:HGNC:21420],,,,,,,HGNC:21420
ENSG00000087586,AURKA,AURKA,O14965,6790,aurora kinase A [Source:HGNC Symbol;Acc:HGNC:11393],,,,,,,HGNC:11393
ENSG00000123612,ACVR1C,ACVR1C,Q8NER5,130399,activin A receptor type 1C [Source:HGNC Symbol;Acc:HGNC:18123],,,,,,,HGNC:18123
ENSG00000173327,MAP3K11,MAP3K11,Q16584,4296,mitogen-activated protein kinase kinase kinase 11 [Source:HGNC Symbol;Acc:HGNC:6850],,,,,,,HGNC:6850
ENSG00000166851,PLK1,PLK1,P53350,5347,polo like kinase 1 [Source:HGNC Symbol;Acc:HGNC:9077],Other,PLK,"",Other,PLK,"",HGNC:9077
ENSG00000125834,STK35,STK35,Q8TDR2,140901,serine/threonine kinase 35 [Source:HGNC Symbol;Acc:HGNC:16254],,,,,,,HGNC:16254
ENSG00000101255,TRIB3,TRIB3,Q96RU7,57761,tribbles pseudokinase 3 [Source:HGNC Symbol;Acc:HGNC:16228],,,,,,,HGNC:16228
ENSG00000103653,CSK,CSK,P41240,1445,C-terminal Src kinase [Source:HGNC Symbol;Acc:HGNC:2444],TK,Csk,"",TK,Csk,"",HGNC:2444
ENSG00000095015,MAP3K1,MAP3K1,Q13233,4214,mitogen-activated protein kinase kinase kinase 1 [Source:HGNC Symbol;Acc:HGNC:6848],STE,STE11,"",STE,STE11,"",HGNC:6848
ENSG00000137764,MAP2K5,MAP2K5,Q13163,5607,mitogen-activated protein kinase kinase 5 [Source:HGNC Symbol;Acc:HGNC:6845],STE,STE7,"",STE,STE7,"",HGNC:6845
ENSG00000123143,PKN1,PKN1,Q16512,5585,protein kinase N1 [Source:HGNC Symbol;Acc:HGNC:9405],AGC,PKN,"",AGC,PKN,"",HGNC:9405
ENSG00000145349,CAMK2D,CAMK2D,Q13557,817,calcium/calmodulin dependent protein kinase II delta [Source:HGNC Symbol;Acc:HGNC:1462],CAMK,CAMK2,"",CAMK,CAMK2,"",HGNC:1462
ENSG00000115661,STK16,STK16,O75716,8576,serine/threonine kinase 16 [Source:HGNC Symbol;Acc:HGNC:11394],,,,,,,HGNC:11394
ENSG00000141551,CSNK1D,CSNK1D,"",1453,casein kinase 1 delta [Source:HGNC Symbol;Acc:HGNC:2452],,,,,,,HGNC:2452
ENSG00000105053,VRK3,VRK3,Q8IV63,51231,VRK serine/threonine kinase 3 [Source:HGNC Symbol;Acc:HGNC:18996],CK1,VRK,"",CK1,VRK,"",HGNC:18996
ENSG00000183317,EPHA10,EPHA10,"",284656,EPH receptor A10 [Source:HGNC Symbol;Acc:HGNC:19987],TK,Eph,"",TK,Eph,"",HGNC:19987
ENSG00000181409,AATK,AATK,"",9625,apoptosis associated tyrosine kinase [Source:HGNC Symbol;Acc:HGNC:21],,,,,,,HGNC:21
ENSG00000085511,MAP3K4,MAP3K4,Q9Y6R4,4216,mitogen-activated protein kinase kinase kinase 4 [Source:HGNC Symbol;Acc:HGNC:6856],STE,STE11,"",STE,STE11,"",HGNC:6856
ENSG00000175634,RPS6KB2,RPS6KB2,"",6199,ribosomal protein S6 kinase B2 [Source:HGNC Symbol;Acc:HGNC:10437],,,,,,,HGNC:10437
ENSG00000126562,WNK4,WNK4,Q96J92,65266,WNK lysine deficient protein kinase 4 [Source:HGNC Symbol;Acc:HGNC:14544],Other,Wnk,"",Other,Wnk,"",HGNC:14544
ENSG00000063761,ADCK1,ADCK1,"",57143,aarF domain containing kinase 1 [Source:HGNC Symbol;Acc:HGNC:19038],Atypical,ABC1,ABC1-B,Atypical,ABC1,ABC1-B,HGNC:19038
ENSG00000167524,RSKR,RSKR,"",124923,ribosomal protein S6 kinase related [Source:HGNC Symbol;Acc:HGNC:26314],,,,,,,HGNC:26314
ENSG00000081320,STK17B,STK17B,O94768,9262,serine/threonine kinase 17b [Source:HGNC Symbol;Acc:HGNC:11396],,,,,,,HGNC:11396
ENSG00000126934,MAP2K2,MAP2K2,P36507,5605,mitogen-activated protein kinase kinase 2 [Source:HGNC Symbol;Acc:HGNC:6842],STE,STE7,"",STE,STE7,"",HGNC:6842
ENSG00000127564,PKMYT1,PKMYT1,"",9088,"protein kinase, membrane associated tyrosine/threonine 1 [Source:HGNC Symbol;Acc:HGNC:29650]",,,,,,,HGNC:29650
ENSG00000140538,NTRK3,NTRK3,Q16288,4916,neurotrophic receptor tyrosine kinase 3 [Source:HGNC Symbol;Acc:HGNC:8033],,,,,,,HGNC:8033
ENSG00000139567,ACVRL1,ACVRL1,P37023,94,activin A receptor like type 1 [Source:HGNC Symbol;Acc:HGNC:175],,,,,,,HGNC:175
ENSG00000114904,NEK4,NEK4,P51957,6787,NIMA related kinase 4 [Source:HGNC Symbol;Acc:HGNC:11399],Other,NEK,"",Other,NEK,"",HGNC:11399
ENSG00000062524,LTK,LTK,P29376,4058,leukocyte receptor tyrosine kinase [Source:HGNC Symbol;Acc:HGNC:6721],TK,Alk,"",TK,Alk,"",HGNC:6721
ENSG00000164715,LMTK2,LMTK2,Q8IWU2,22853,lemur tyrosine kinase 2 [Source:HGNC Symbol;Acc:HGNC:17880],,,,,,,HGNC:17880
ENSG00000164078,MST1R,MST1R,Q04912,4486,macrophage stimulating 1 receptor [Source:HGNC Symbol;Acc:HGNC:7381],,,,,,,HGNC:7381
ENSG00000162409,PRKAA2,PRKAA2,P54646,5563,protein kinase AMP-activated catalytic subunit alpha 2 [Source:HGNC Symbol;Acc:HGNC:9377],,,,,,,HGNC:9377
ENSG00000069956,MAPK6,MAPK6,Q16659,5597,mitogen-activated protein kinase 6 [Source:HGNC Symbol;Acc:HGNC:6879],,,,,,,HGNC:6879
ENSG00000168297,PXK,PXK,"",54899,PX domain containing serine/threonine kinase like [Source:HGNC Symbol;Acc:HGNC:23326],,,,,,,HGNC:23326
ENSG00000120899,PTK2B,PTK2B,Q14289,2185,protein tyrosine kinase 2 beta [Source:HGNC Symbol;Acc:HGNC:9612],,,,,,,HGNC:9612
ENSG00000169679,BUB1,BUB1,O43683,699,BUB1 mitotic checkpoint serine/threonine kinase [Source:HGNC Symbol;Acc:HGNC:1148],Other,BUB,"",Other,BUB,"",HGNC:1148
ENSG00000135250,SRPK2,SRPK2,"",6733,SRSF protein kinase 2 [Source:HGNC Symbol;Acc:HGNC:11306],CMGC,SRPK,"",CMGC,SRPK,"",HGNC:11306
ENSG00000104936,DMPK,DMPK,Q09013,1760,DM1 protein kinase [Source:HGNC Symbol;Acc:HGNC:2933],,,,,,,HGNC:2933
ENSG00000104365,IKBKB,IKBKB,O14920,3551,inhibitor of nuclear factor kappa B kinase subunit beta [Source:HGNC Symbol;Acc:HGNC:5960],,,,,,,HGNC:5960
ENSG00000163491,NEK10,NEK10,"",152110,NIMA related kinase 10 [Source:HGNC Symbol;Acc:HGNC:18592],Other,NEK,"",Other,NEK,"",HGNC:18592
ENSG00000113721,PDGFRB,PDGFRB,P09619,5159,platelet derived growth factor receptor beta [Source:HGNC Symbol;Acc:HGNC:8804],TK,PDGFR,"",TK,PDGFR,"",HGNC:8804
ENSG00000110931,CAMKK2,CAMKK2,Q96RR4,10645,calcium/calmodulin dependent protein kinase kinase 2 [Source:HGNC Symbol;Acc:HGNC:1470],Other,CAMKK,Meta,Other,CAMKK,Meta,HGNC:1470
ENSG00000109339,MAPK10,MAPK10,"",5602,mitogen-activated protein kinase 10 [Source:HGNC Symbol;Acc:HGNC:6872],,,,,,,HGNC:6872
ENSG00000137843,PAK6,PAK6,Q9NQU5,56924,p21 (RAC1) activated kinase 6 [Source:HGNC Symbol;Acc:HGNC:16061],STE,STE20,PAKB,STE,STE20,PAKB,HGNC:16061
ENSG00000185324,CDK10,CDK10,"",8558,cyclin dependent kinase 10 [Source:HGNC Symbol;Acc:HGNC:1770],CMGC,CDK,CDK10,CMGC,CDK,CDK10,HGNC:1770
ENSG00000168067,MAP4K2,MAP4K2,Q12851,5871,mitogen-activated protein kinase kinase kinase kinase 2 [Source:HGNC Symbol;Acc:HGNC:6864],,,,,,,HGNC:6864
ENSG00000128829,EIF2AK4,EIF2AK4,Q9P2K8,440275,eukaryotic translation initiation factor 2 alpha kinase 4 [Source:HGNC Symbol;Acc:HGNC:19687],,,,,,,HGNC:19687
ENSG00000163785,RYK,RYK,P34925,6259,receptor like tyrosine kinase [Source:HGNC Symbol;Acc:HGNC:10481],TK,Ryk,"",TK,Ryk,"",HGNC:10481
ENSG00000102225,CDK16,CDK16,Q00536,5127,cyclin dependent kinase 16 [Source:HGNC Symbol;Acc:HGNC:8749],,,,,,,HGNC:8749
ENSG00000105221,AKT2,AKT2,P31751,208,AKT serine/threonine kinase 2 [Source:HGNC Symbol;Acc:HGNC:392],AGC,AKT,"",AGC,AKT,"",HGNC:392
ENSG00000115687,PASK,PASK,Q96RG2,23178,PAS domain containing serine/threonine kinase [Source:HGNC Symbol;Acc:HGNC:17270],CAMK,CAMKL,PASK,CAMK,CAMKL,PASK,HGNC:17270
ENSG00000142875,PRKACB,PRKACB,P22694,5567,protein kinase cAMP-activated catalytic subunit beta [Source:HGNC Symbol;Acc:HGNC:9381],,,,,,,HGNC:9381
ENSG00000160551,TAOK1,TAOK1,Q7L7X3,57551,TAO kinase 1 [Source:HGNC Symbol;Acc:HGNC:29259],,,,,,,HGNC:29259
ENSG00000121101,TEX14,TEX14,Q8IWB6,56155,"testis expressed 14, intercellular bridge forming factor [Source:HGNC Symbol;Acc:HGNC:11737]",,,,,,,HGNC:11737
ENSG00000115825,PRKD3,PRKD3,O94806,23683,protein kinase D3 [Source:HGNC Symbol;Acc:HGNC:9408],,,,,,,HGNC:9408
ENSG00000133275,CSNK1G2,CSNK1G2,P78368,1455,casein kinase 1 gamma 2 [Source:HGNC Symbol;Acc:HGNC:2455],,,,,,,HGNC:2455
ENSG00000198055,GRK6,GRK6,"",2870,G protein-coupled receptor kinase 6 [Source:HGNC Symbol;Acc:HGNC:4545],,,,,,,HGNC:4545
ENSG00000196730,DAPK1,DAPK1,P53355,1612,death associated protein kinase 1 [Source:HGNC Symbol;Acc:HGNC:2674],CAMK,DAPK,"",CAMK,DAPK,"",HGNC:2674
ENSG00000112062,MAPK14,MAPK14,"",1432,mitogen-activated protein kinase 14 [Source:HGNC Symbol;Acc:HGNC:6876],,,,,,,HGNC:6876
ENSG00000167258,CDK12,CDK12,Q9NYV4,51755,cyclin dependent kinase 12 [Source:HGNC Symbol;Acc:HGNC:24224],,,,,,,HGNC:24224
ENSG00000058404,CAMK2B,CAMK2B,Q13554,816,calcium/calmodulin dependent protein kinase II beta [Source:HGNC Symbol;Acc:HGNC:1461],CAMK,CAMK2,"",CAMK,CAMK2,"",HGNC:1461
ENSG00000142208,AKT1,AKT1,P31749,207,AKT serine/threonine kinase 1 [Source:HGNC Symbol;Acc:HGNC:391],AGC,AKT,"",AGC,AKT,"",HGNC:391
ENSG00000117650,NEK2,NEK2,P51955,4751,NIMA related kinase 2 [Source:HGNC Symbol;Acc:HGNC:7745],Other,NEK,"",Other,NEK,"",HGNC:7745
ENSG00000166484,MAPK7,MAPK7,Q13164,5598,mitogen-activated protein kinase 7 [Source:HGNC Symbol;Acc:HGNC:6880],,,,,,,HGNC:6880
ENSG00000157764,BRAF,BRAF,"",673,"B-Raf proto-oncogene, serine/threonine kinase [Source:HGNC Symbol;Acc:HGNC:1097]",TKL,RAF,"",TKL,RAF,"",HGNC:1097
ENSG00000108984,MAP2K6,MAP2K6,P52564,5608,mitogen-activated protein kinase kinase 6 [Source:HGNC Symbol;Acc:HGNC:6846],STE,STE7,"",STE,STE7,"",HGNC:6846
ENSG00000152495,CAMK4,CAMK4,"",814,calcium/calmodulin dependent protein kinase IV [Source:HGNC Symbol;Acc:HGNC:1464],CAMK,CAMK1,"",CAMK,CAMK1,"",HGNC:1464
ENSG00000097046,CDC7,CDC7,O00311,8317,cell division cycle 7 [Source:HGNC Symbol;Acc:HGNC:1745],Other,CDC7,"",Other,CDC7,"",HGNC:1745
ENSG00000037280,FLT4,FLT4,P35916,2324,fms related receptor tyrosine kinase 4 [Source:HGNC Symbol;Acc:HGNC:3767],TK,VEGFR,"",TK,VEGFR,"",HGNC:3767
ENSG00000163558,PRKCI,PRKCI,P41743,5584,protein kinase C iota [Source:HGNC Symbol;Acc:HGNC:9404],,,,,,,HGNC:9404
ENSG00000178999,AURKB,AURKB,Q96GD4,9212,aurora kinase B [Source:HGNC Symbol;Acc:HGNC:11390],,,,,,,HGNC:11390
ENSG00000198208,RPS6KL1,RPS6KL1,Q9Y6S9,83694,ribosomal protein S6 kinase like 1 [Source:HGNC Symbol;Acc:HGNC:20222],,,,,,,HGNC:20222
ENSG00000090376,IRAK3,IRAK3,Q9Y616,11213,interleukin 1 receptor associated kinase 3 [Source:HGNC Symbol;Acc:HGNC:17020],TKL,IRAK,"",TKL,IRAK,"",HGNC:17020
ENSG00000077782,FGFR1,FGFR1,P11362,2260,fibroblast growth factor receptor 1 [Source:HGNC Symbol;Acc:HGNC:3688],TK,FGFR,"",TK,FGFR,"",HGNC:3688
ENSG00000182511,FES,FES,P07332,2242,"FES proto-oncogene, tyrosine kinase [Source:HGNC Symbol;Acc:HGNC:3657]",TK,Fer,"",TK,Fer,"",HGNC:3657
ENSG00000096063,SRPK1,SRPK1,Q96SB4,6732,SRSF protein kinase 1 [Source:HGNC Symbol;Acc:HGNC:11305],CMGC,SRPK,"",CMGC,SRPK,"",HGNC:11305
ENSG00000143674,MAP3K21,MAP3K21,Q5TCX8,84451,mitogen-activated protein kinase kinase kinase 21 [Source:HGNC Symbol;Acc:HGNC:29798],,,,,,,HGNC:29798
ENSG00000154310,TNIK,TNIK,Q9UKE5,23043,TRAF2 and NCK interacting kinase [Source:HGNC Symbol;Acc:HGNC:30765],,,,,,,HGNC:30765
ENSG00000142627,EPHA2,EPHA2,P29317,1969,EPH receptor A2 [Source:HGNC Symbol;Acc:HGNC:3386],TK,Eph,"",TK,Eph,"",HGNC:3386
ENSG00000096968,JAK2,JAK2,"",3717,Janus kinase 2 [Source:HGNC Symbol;Acc:HGNC:6192],TK,JakA,"",TK,JakA,"",HGNC:6192
ENSG00000065675,PRKCQ,PRKCQ,Q04759,5588,protein kinase C theta [Source:HGNC Symbol;Acc:HGNC:9410],,,,,,,HGNC:9410
ENSG00000250506,CDK3,CDK3,Q00526,1018,cyclin dependent kinase 3 [Source:HGNC Symbol;Acc:HGNC:1772],CMGC,CDK,CDC2,CMGC,CDK,CDC2,HGNC:1772
ENSG00000112739,PRP4K,PRP4K,Q13523,8899,pre-mRNA processing factor kinase PRP4K [Source:HGNC Symbol;Acc:HGNC:17346],,,,,,,HGNC:17346
ENSG00000076984,MAP2K7,MAP2K7,O14733,5609,mitogen-activated protein kinase kinase 7 [Source:HGNC Symbol;Acc:HGNC:6847],STE,STE7,"",STE,STE7,"",HGNC:6847
ENSG00000170390,DCLK2,DCLK2,Q8N568,166614,doublecortin like kinase 2 [Source:HGNC Symbol;Acc:HGNC:19002],,,,,,,HGNC:19002
ENSG00000197442,MAP3K5,MAP3K5,Q99683,4217,mitogen-activated protein kinase kinase kinase 5 [Source:HGNC Symbol;Acc:HGNC:6857],STE,STE11,"",STE,STE11,"",HGNC:6857
ENSG00000065559,MAP2K4,MAP2K4,P45985,6416,mitogen-activated protein kinase kinase 4 [Source:HGNC Symbol;Acc:HGNC:6844],STE,STE7,"",STE,STE7,"",HGNC:6844
ENSG00000165752,STK32C,STK32C,Q86UX6,282974,serine/threonine kinase 32C [Source:HGNC Symbol;Acc:HGNC:21332],,,,,,,HGNC:21332
ENSG00000169071,ROR2,ROR2,"",4920,receptor tyrosine kinase like orphan receptor 2 [Source:HGNC Symbol;Acc:HGNC:10257],TK,Ror,"",TK,Ror,"",HGNC:10257
ENSG00000159899,NPR2,NPR2,P20594,4882,natriuretic peptide receptor 2 [Source:HGNC Symbol;Acc:HGNC:7944],,,,,,,HGNC:7944
ENSG00000156711,MAPK13,MAPK13,O15264,5603,mitogen-activated protein kinase 13 [Source:HGNC Symbol;Acc:HGNC:6875],,,,,,,HGNC:6875
ENSG00000139625,MAP3K12,MAP3K12,Q12852,7786,mitogen-activated protein kinase kinase kinase 12 [Source:HGNC Symbol;Acc:HGNC:6851],,,,,,,HGNC:6851
ENSG00000231274,SBK3,SBK3,"",100130827,SH3 domain binding kinase family member 3 [Source:HGNC Symbol;Acc:HGNC:44121],,,,,,,HGNC:44121
ENSG00000155111,CDK19,CDK19,Q9BWU1,23097,cyclin dependent kinase 19 [Source:HGNC Symbol;Acc:HGNC:19338],,,,,,,HGNC:19338
ENSG00000254087,LYN,LYN,P07948,4067,"LYN proto-oncogene, Src family tyrosine kinase [Source:HGNC Symbol;Acc:HGNC:6735]",TK,Src,"",TK,Src,"",HGNC:6735
ENSG00000135605,TEC,TEC,P42680,7006,tec protein tyrosine kinase [Source:HGNC Symbol;Acc:HGNC:11719],TK,Tec,"",TK,Tec,"",HGNC:11719
ENSG00000115694,STK25,STK25,O00506,10494,serine/threonine kinase 25 [Source:HGNC Symbol;Acc:HGNC:11404],,,,,,,HGNC:11404
ENSG00000068078,FGFR3,FGFR3,P22607,2261,fibroblast growth factor receptor 3 [Source:HGNC Symbol;Acc:HGNC:3690],TK,FGFR,"",TK,FGFR,"",HGNC:3690
ENSG00000140474,ULK3,ULK3,Q6PHR2,25989,unc-51 like kinase 3 [Source:HGNC Symbol;Acc:HGNC:19703],Other,ULK,"",Other,ULK,"",HGNC:19703
ENSG00000151422,FER,FER,P16591,2241,FER tyrosine kinase [Source:HGNC Symbol;Acc:HGNC:3655],TK,Fer,"",TK,Fer,"",HGNC:3655
ENSG00000138696,BMPR1B,BMPR1B,O00238,658,bone morphogenetic protein receptor type 1B [Source:HGNC Symbol;Acc:HGNC:1077],TKL,STKR,Type1,TKL,STKR,Type1,HGNC:1077
ENSG00000100749,VRK1,VRK1,"",7443,VRK serine/threonine kinase 1 [Source:HGNC Symbol;Acc:HGNC:12718],CK1,VRK,"",CK1,VRK,"",HGNC:12718
ENSG00000173517,PEAK1,PEAK1,Q9H792,79834,pseudopodium enriched atypical kinase 1 [Source:HGNC Symbol;Acc:HGNC:29431],,,,,,,HGNC:29431
ENSG00000167657,DAPK3,DAPK3,O43293,1613,death associated protein kinase 3 [Source:HGNC Symbol;Acc:HGNC:2676],CAMK,DAPK,"",CAMK,DAPK,"",HGNC:2676
ENSG00000188906,LRRK2,LRRK2,Q5S007,120892,leucine rich repeat kinase 2 [Source:HGNC Symbol;Acc:HGNC:18618],TKL,LRRK,"",TKL,LRRK,"",HGNC:18618
ENSG00000086015,MAST2,MAST2,Q6P0Q8,23139,microtubule associated serine/threonine kinase 2 [Source:HGNC Symbol;Acc:HGNC:19035],AGC,MAST,"",AGC,MAST,"",HGNC:19035
ENSG00000134853,PDGFRA,PDGFRA,P16234,5156,platelet derived growth factor receptor alpha [Source:HGNC Symbol;Acc:HGNC:8803],TK,PDGFR,"",TK,PDGFR,"",HGNC:8803
ENSG00000163932,PRKCD,PRKCD,Q05655,5580,protein kinase C delta [Source:HGNC Symbol;Acc:HGNC:9399],,,,,,,HGNC:9399
ENSG00000047936,ROS1,ROS1,P08922,6098,"ROS proto-oncogene 1, receptor tyrosine kinase [Source:HGNC Symbol;Acc:HGNC:10261]",,,,,,,HGNC:10261
ENSG00000178950,GAK,GAK,O14976,2580,cyclin G associated kinase [Source:HGNC Symbol;Acc:HGNC:4113],Other,NAK,"",Other,NAK,"",HGNC:4113
ENSG00000105397,TYK2,TYK2,P29597,7297,tyrosine kinase 2 [Source:HGNC Symbol;Acc:HGNC:12440],TK,JakA,"",TK,JakA,"",HGNC:12440
ENSG00000104375,STK3,STK3,Q13188,6788,serine/threonine kinase 3 [Source:HGNC Symbol;Acc:HGNC:11406],,,,,,,HGNC:11406
ENSG00000121989,ACVR2A,ACVR2A,P27037,92,activin A receptor type 2A [Source:HGNC Symbol;Acc:HGNC:173],,,,,,,HGNC:173
ENSG00000136021,SCYL2,SCYL2,"",55681,SCY1 like pseudokinase 2 [Source:HGNC Symbol;Acc:HGNC:19286],Other,SCY1,"",Other,SCY1,"",HGNC:19286
ENSG00000073803,MAP3K13,MAP3K13,O43283,9175,mitogen-activated protein kinase kinase kinase 13 [Source:HGNC Symbol;Acc:HGNC:6852],,,,,,,HGNC:6852
ENSG00000179335,CLK3,CLK3,P49761,1198,CDC like kinase 3 [Source:HGNC Symbol;Acc:HGNC:2071],CMGC,CLK,"",CMGC,CLK,"",HGNC:2071
ENSG00000182578,CSF1R,CSF1R,P07333,1436,colony stimulating factor 1 receptor [Source:HGNC Symbol;Acc:HGNC:2433],,,,,,,HGNC:2433
ENSG00000075413,MARK3,MARK3,"",4140,microtubule affinity regulating kinase 3 [Source:HGNC Symbol;Acc:HGNC:6897],CAMK,CAMKL,MARK,CAMK,CAMKL,MARK,HGNC:6897
ENSG00000074966,TXK,TXK,"",7294,TXK tyrosine kinase [Source:HGNC Symbol;Acc:HGNC:12434],TK,Tec,"",TK,Tec,"",HGNC:12434
ENSG00000185988,PLK5,PLK5,Q496M5,126520,polo like kinase 5 (inactive) [Source:HGNC Symbol;Acc:HGNC:27001],,,,,,,HGNC:27001
ENSG00000173020,GRK2,GRK2,P25098,156,G protein-coupled receptor kinase 2 [Source:HGNC Symbol;Acc:HGNC:289],,,,,,,HGNC:289
ENSG00000160867,FGFR4,FGFR4,"",2264,fibroblast growth factor receptor 4 [Source:HGNC Symbol;Acc:HGNC:3691],TK,FGFR,"",TK,FGFR,"",HGNC:3691
ENSG00000083290,ULK2,ULK2,Q8IYT8,9706,unc-51 like autophagy activating kinase 2 [Source:HGNC Symbol;Acc:HGNC:13480],Other,ULK,"",Other,ULK,"",HGNC:13480
ENSG00000164076,CAMKV,CAMKV,Q8NCB2,79012,CaM kinase like vesicle associated [Source:HGNC Symbol;Acc:HGNC:28788],,,,,,,HGNC:28788
ENSG00000164543,STK17A,STK17A,Q9UEE5,9263,serine/threonine kinase 17a [Source:HGNC Symbol;Acc:HGNC:11395],,,,,,,HGNC:11395
ENSG00000166333,ILK,ILK,Q13418,3611,integrin linked kinase [Source:HGNC Symbol;Acc:HGNC:6040],TKL,MLK,ILK,TKL,MLK,ILK,HGNC:6040
ENSG00000163349,HIPK1,HIPK1,Q86Z02,204851,homeodomain interacting protein kinase 1 [Source:HGNC Symbol;Acc:HGNC:19006],CMGC,DYRK,HIPK,CMGC,DYRK,HIPK,HGNC:19006
ENSG00000008118,CAMK1G,CAMK1G,"",57172,calcium/calmodulin dependent protein kinase IG [Source:HGNC Symbol;Acc:HGNC:14585],CAMK,CAMK1,"",CAMK,CAMK1,"",HGNC:14585
ENSG00000151292,CSNK1G3,CSNK1G3,Q9Y6M4,1456,casein kinase 1 gamma 3 [Source:HGNC Symbol;Acc:HGNC:2456],,,,,,,HGNC:2456
ENSG00000105976,MET,MET,P08581,4233,"MET proto-oncogene, receptor tyrosine kinase [Source:HGNC Symbol;Acc:HGNC:7029]",TK,Met,"",TK,Met,"",HGNC:7029
ENSG00000165025,SYK,SYK,P43405,6850,spleen associated tyrosine kinase [Source:HGNC Symbol;Acc:HGNC:11491],TK,Syk,"",TK,Syk,"",HGNC:11491
ENSG00000070770,CSNK2A2,CSNK2A2,"",1459,casein kinase 2 alpha 2 [Source:HGNC Symbol;Acc:HGNC:2459],,,,,,,HGNC:2459
ENSG00000107140,TESK1,TESK1,Q15569,7016,testis associated actin remodelling kinase 1 [Source:HGNC Symbol;Acc:HGNC:11731],TKL,LISK,TESK,TKL,LISK,TESK,HGNC:11731
ENSG00000134318,ROCK2,ROCK2,O75116,9475,Rho associated coiled-coil containing protein kinase 2 [Source:HGNC Symbol;Acc:HGNC:10252],AGC,DMPK,ROCK,AGC,DMPK,ROCK,HGNC:10252
ENSG00000248333,CDK11B,CDK11B,P21127,984,cyclin dependent kinase 11B [Source:HGNC Symbol;Acc:HGNC:1729],,,,,,,HGNC:1729
ENSG00000106799,TGFBR1,TGFBR1,"",7046,transforming growth factor beta receptor 1 [Source:HGNC Symbol;Acc:HGNC:11772],TKL,STKR,Type1,TKL,STKR,Type1,HGNC:11772
ENSG00000168038,ULK4,ULK4,Q96C45,54986,unc-51 like kinase 4 [Source:HGNC Symbol;Acc:HGNC:15784],Other,ULK,"",Other,ULK,"",HGNC:15784
ENSG00000119408,NEK6,NEK6,Q9HC98,10783,NIMA related kinase 6 [Source:HGNC Symbol;Acc:HGNC:7749],Other,NEK,"",Other,NEK,"",HGNC:7749
ENSG00000115170,ACVR1,ACVR1,Q04771,90,activin A receptor type 1 [Source:HGNC Symbol;Acc:HGNC:171],,,,,,,HGNC:171
ENSG00000008128,CDK11A,CDK11A,Q9UQ88,728642,cyclin dependent kinase 11A [Source:HGNC Symbol;Acc:HGNC:1730],,,,,,,HGNC:1730
ENSG00000060140,STYK1,STYK1,Q6J9G0,55359,serine/threonine/tyrosine kinase 1 [Source:HGNC Symbol;Acc:HGNC:18889],,,,,,,HGNC:18889
ENSG00000133597,ADCK2,ADCK2,"",90956,aarF domain containing kinase 2 [Source:HGNC Symbol;Acc:HGNC:19039],Atypical,ABC1,ABC1-C,Atypical,ABC1,ABC1-C,HGNC:19039
ENSG00000198001,IRAK4,IRAK4,Q9NWZ3,51135,interleukin 1 receptor associated kinase 4 [Source:HGNC Symbol;Acc:HGNC:17967],TKL,IRAK,"",TKL,IRAK,"",HGNC:17967
ENSG00000160584,SIK3,SIK3,"",23387,SIK family kinase 3 [Source:HGNC Symbol;Acc:HGNC:29165],,,,,,,HGNC:29165
ENSG00000148660,CAMK2G,CAMK2G,Q13555,818,calcium/calmodulin dependent protein kinase II gamma [Source:HGNC Symbol;Acc:HGNC:1463],CAMK,CAMK2,"",CAMK,CAMK2,"",HGNC:1463
ENSG00000130669,PAK4,PAK4,O96013,10298,p21 (RAC1) activated kinase 4 [Source:HGNC Symbol;Acc:HGNC:16059],STE,STE20,PAKB,STE,STE20,PAKB,HGNC:16059
ENSG00000140992,PDPK1,PDPK1,O15530,5170,3-phosphoinositide dependent protein kinase 1 [Source:HGNC Symbol;Acc:HGNC:8816],,,,,,,HGNC:8816
ENSG00000187550,SBK2,SBK2,P0C263,646643,SH3 domain binding kinase family member 2 [Source:HGNC Symbol;Acc:HGNC:34416],,,,,,,HGNC:34416
ENSG00000156873,PHKG2,PHKG2,"",5261,phosphorylase kinase catalytic subunit gamma 2 [Source:HGNC Symbol;Acc:HGNC:8931],CAMK,PHK,"",CAMK,PHK,"",HGNC:8931
ENSG00000010810,FYN,FYN,P06241,2534,"FYN proto-oncogene, Src family tyrosine kinase [Source:HGNC Symbol;Acc:HGNC:4037]",TK,Src,"",TK,Src,"",HGNC:4037
ENSG00000071242,RPS6KA2,RPS6KA2,Q15349,6196,ribosomal protein S6 kinase A2 [Source:HGNC Symbol;Acc:HGNC:10431],,,,,,,HGNC:10431
ENSG00000125388,GRK4,GRK4,P32298,2868,G protein-coupled receptor kinase 4 [Source:HGNC Symbol;Acc:HGNC:4543],,,,,,,HGNC:4543
ENSG00000145348,TBCK,TBCK,Q8TEA7,93627,TBC1 domain containing kinase [Source:HGNC Symbol;Acc:HGNC:28261],Other,TBCK,"",Other,TBCK,"",HGNC:28261
ENSG00000137275,RIPK1,RIPK1,Q13546,8737,receptor interacting serine/threonine kinase 1 [Source:HGNC Symbol;Acc:HGNC:10019],TKL,RIPK,"",TKL,RIPK,"",HGNC:10019
ENSG00000034152,MAP2K3,MAP2K3,P46734,5606,mitogen-activated protein kinase kinase 3 [Source:HGNC Symbol;Acc:HGNC:6843],STE,STE7,"",STE,STE7,"",HGNC:6843
ENSG00000175087,PDIK1L,PDIK1L,Q8N165,149420,PDLIM1 interacting kinase 1 like [Source:HGNC Symbol;Acc:HGNC:18981],,,,,,,HGNC:18981
ENSG00000145632,PLK2,PLK2,Q9NYY3,10769,polo like kinase 2 [Source:HGNC Symbol;Acc:HGNC:19699],Other,PLK,"",Other,PLK,"",HGNC:19699
ENSG00000163788,SNRK,SNRK,Q9NRH2,54861,SNF related kinase [Source:HGNC Symbol;Acc:HGNC:30598],CAMK,CAMKL,SNRK,CAMK,CAMKL,SNRK,HGNC:30598
ENSG00000196455,PIK3R4,PIK3R4,Q99570,30849,phosphoinositide-3-kinase regulatory subunit 4 [Source:HGNC Symbol;Acc:HGNC:8982],Other,VPS15,"",Other,VPS15,"",HGNC:8982
ENSG00000120539,MASTL,MASTL,Q96GX5,84930,microtubule associated serine/threonine kinase like [Source:HGNC Symbol;Acc:HGNC:19042],AGC,MAST,"",AGC,MAST,"",HGNC:19042
ENSG00000117266,CDK18,CDK18,Q07002,5129,cyclin dependent kinase 18 [Source:HGNC Symbol;Acc:HGNC:8751],,,,,,,HGNC:8751
ENSG00000173846,PLK3,PLK3,Q9H4B4,1263,polo like kinase 3 [Source:HGNC Symbol;Acc:HGNC:2154],Other,PLK,"",Other,PLK,"",HGNC:2154
ENSG00000168404,MLKL,MLKL,Q8NB16,197259,mixed lineage kinase domain like pseudokinase [Source:HGNC Symbol;Acc:HGNC:26617],TKL,TKL-Unique,"",TKL,TKL-Unique,"",HGNC:26617
ENSG00000013441,CLK1,CLK1,P49759,1195,CDC like kinase 1 [Source:HGNC Symbol;Acc:HGNC:2068],CMGC,CLK,"",CMGC,CLK,"",HGNC:2068
ENSG00000107968,MAP3K8,MAP3K8,P41279,1326,mitogen-activated protein kinase kinase kinase 8 [Source:HGNC Symbol;Acc:HGNC:6860],STE,STE11,"",STE,STE11,"",HGNC:6860
ENSG00000149269,PAK1,PAK1,"",5058,p21 (RAC1) activated kinase 1 [Source:HGNC Symbol;Acc:HGNC:8590],STE,STE20,PAKA,STE,STE20,PAKA,HGNC:8590
ENSG00000211455,STK38L,STK38L,"",23012,serine/threonine kinase 38 like [Source:HGNC Symbol;Acc:HGNC:17848],,,,,,,HGNC:17848
ENSG00000112079,STK38,STK38,"",11329,serine/threonine kinase 38 [Source:HGNC Symbol;Acc:HGNC:17847],,,,,,,HGNC:17847
ENSG00000162889,MAPKAPK2,MAPKAPK2,P49137,9261,MAPK activated protein kinase 2 [Source:HGNC Symbol;Acc:HGNC:6887],CAMK,MAPKAPK,MAPKAPK,CAMK,MAPKAPK,MAPKAPK,HGNC:6887
ENSG00000112655,PTK7,PTK7,Q13308,5754,protein tyrosine kinase 7 (inactive) [Source:HGNC Symbol;Acc:HGNC:9618],,,,,,,HGNC:9618
ENSG00000055332,EIF2AK2,EIF2AK2,"",5610,eukaryotic translation initiation factor 2 alpha kinase 2 [Source:HGNC Symbol;Acc:HGNC:9437],,,,,,,HGNC:9437
ENSG00000182580,EPHB3,EPHB3,P54753,2049,EPH receptor B3 [Source:HGNC Symbol;Acc:HGNC:3394],TK,Eph,"",TK,Eph,"",HGNC:3394
ENSG00000166501,PRKCB,PRKCB,P05771,5579,protein kinase C beta [Source:HGNC Symbol;Acc:HGNC:9395],,,,,,,HGNC:9395
ENSG00000263528,IKBKE,IKBKE,Q14164,9641,inhibitor of nuclear factor kappa B kinase subunit epsilon [Source:HGNC Symbol;Acc:HGNC:14552],,,,,,,HGNC:14552
ENSG00000087095,NLK,NLK,Q9UBE8,51701,nemo like kinase [Source:HGNC Symbol;Acc:HGNC:29858],CMGC,MAPK,nmo,CMGC,MAPK,nmo,HGNC:29858
ENSG00000135409,AMHR2,AMHR2,Q16671,269,anti-Mullerian hormone receptor type 2 [Source:HGNC Symbol;Acc:HGNC:465],,,,,,,HGNC:465
ENSG00000059758,CDK17,CDK17,Q00537,5128,cyclin dependent kinase 17 [Source:HGNC Symbol;Acc:HGNC:8750],,,,,,,HGNC:8750
ENSG00000180370,PAK2,PAK2,Q13177,5062,p21 (RAC1) activated kinase 2 [Source:HGNC Symbol;Acc:HGNC:8591],STE,STE20,PAKA,STE,STE20,PAKA,HGNC:8591
ENSG00000158828,PINK1,PINK1,Q9BXM7,65018,PTEN induced kinase 1 [Source:HGNC Symbol;Acc:HGNC:14581],Other,NKF2,"",Other,NKF2,"",HGNC:14581
ENSG00000266173,STRADA,STRADA,"",92335,STE20 related adaptor alpha [Source:HGNC Symbol;Acc:HGNC:30172],,,,,,,HGNC:30172
ENSG00000102882,MAPK3,MAPK3,P27361,5595,mitogen-activated protein kinase 3 [Source:HGNC Symbol;Acc:HGNC:6877],,,,,,,HGNC:6877
ENSG00000105810,CDK6,CDK6,Q00534,1021,cyclin dependent kinase 6 [Source:HGNC Symbol;Acc:HGNC:1777],CMGC,CDK,CDK4,CMGC,CDK,CDK4,HGNC:1777
ENSG00000116783,TNNI3K,TNNI3K,Q59H18,51086,TNNI3 interacting kinase [Source:HGNC Symbol;Acc:HGNC:19661],,,,,,,HGNC:19661
ENSG00000058091,CDK14,CDK14,"",5218,cyclin dependent kinase 14 [Source:HGNC Symbol;Acc:HGNC:8883],,,,,,,HGNC:8883
ENSG00000198648,STK39,STK39,Q9UEW8,27347,serine/threonine kinase 39 [Source:HGNC Symbol;Acc:HGNC:17717],,,,,,,HGNC:17717
ENSG00000134072,CAMK1,CAMK1,Q14012,8536,calcium/calmodulin dependent protein kinase I [Source:HGNC Symbol;Acc:HGNC:1459],,,,,,,HGNC:1459
ENSG00000135828,RNASEL,RNASEL,Q05823,6041,ribonuclease L [Source:HGNC Symbol;Acc:HGNC:10050],Other,Other-Unique,"",Other,Other-Unique,"",HGNC:10050
ENSG00000153208,MERTK,MERTK,Q12866,10461,"MER proto-oncogene, tyrosine kinase [Source:HGNC Symbol;Acc:HGNC:7027]",,,,,,,HGNC:7027
ENSG00000116141,MARK1,MARK1,Q9P0L2,4139,microtubule affinity regulating kinase 1 [Source:HGNC Symbol;Acc:HGNC:6896],CAMK,CAMKL,MARK,CAMK,CAMKL,MARK,HGNC:6896
ENSG00000004660,CAMKK1,CAMKK1,"",84254,calcium/calmodulin dependent protein kinase kinase 1 [Source:HGNC Symbol;Acc:HGNC:1469],Other,CAMKK,Meta,Other,CAMKK,Meta,HGNC:1469
ENSG00000135090,TAOK3,TAOK3,Q9H2K8,51347,TAO kinase 3 [Source:HGNC Symbol;Acc:HGNC:18133],,,,,,,HGNC:18133
ENSG00000162878,PKDCC,PKDCC,Q504Y2,91461,"protein kinase domain containing, cytoplasmic [Source:HGNC Symbol;Acc:HGNC:25123]",,,,,,,HGNC:25123
ENSG00000061938,TNK2,TNK2,"",10188,tyrosine kinase non receptor 2 [Source:HGNC Symbol;Acc:HGNC:19297],,,,,,,HGNC:19297
ENSG00000140795,MYLK3,MYLK3,Q32MK0,91807,myosin light chain kinase 3 [Source:HGNC Symbol;Acc:HGNC:29826],,,,,,,HGNC:29826
ENSG00000141736,ERBB2,ERBB2,P04626,2064,erb-b2 receptor tyrosine kinase 2 [Source:HGNC Symbol;Acc:HGNC:3430],,,,,,,HGNC:3430
ENSG00000183735,TBK1,TBK1,"",29110,TANK binding kinase 1 [Source:HGNC Symbol;Acc:HGNC:11584],Other,IKK,"",Other,IKK,"",HGNC:11584
ENSG00000154229,PRKCA,PRKCA,P17252,5578,protein kinase C alpha [Source:HGNC Symbol;Acc:HGNC:9393],,,,,,,HGNC:9393
ENSG00000163482,STK36,STK36,Q9NRP7,27148,serine/threonine kinase 36 [Source:HGNC Symbol;Acc:HGNC:17209],,,,,,,HGNC:17209
ENSG00000070019,GUCY2C,GUCY2C,P25092,2984,guanylate cyclase 2C [Source:HGNC Symbol;Acc:HGNC:4688],,,,,,,HGNC:4688
ENSG00000130413,STK33,STK33,Q9BYT3,65975,serine/threonine kinase 33 [Source:HGNC Symbol;Acc:HGNC:14568],CAMK,CAMK-Unique,"",CAMK,CAMK-Unique,"",HGNC:14568
ENSG00000115216,NRBP1,NRBP1,Q9UHY1,29959,nuclear receptor binding protein 1 [Source:HGNC Symbol;Acc:HGNC:7993],Other,NRBP,"",Other,NRBP,"",HGNC:7993
ENSG00000108443,RPS6KB1,RPS6KB1,P23443,6198,ribosomal protein S6 kinase B1 [Source:HGNC Symbol;Acc:HGNC:10436],,,,,,,HGNC:10436
ENSG00000141503,MINK1,MINK1,Q8N4C8,50488,misshapen like kinase 1 [Source:HGNC Symbol;Acc:HGNC:17565],,,,,,,HGNC:17565
ENSG00000164776,PHKG1,PHKG1,Q16816,5260,phosphorylase kinase catalytic subunit gamma 1 [Source:HGNC Symbol;Acc:HGNC:8930],CAMK,PHK,"",CAMK,PHK,"",HGNC:8930
ENSG00000065883,CDK13,CDK13,Q14004,8621,cyclin dependent kinase 13 [Source:HGNC Symbol;Acc:HGNC:1733],,,,,,,HGNC:1733
ENSG00000164885,CDK5,CDK5,Q00535,1020,cyclin dependent kinase 5 [Source:HGNC Symbol;Acc:HGNC:1774],CMGC,CDK,CDK5,CMGC,CDK,CDK5,HGNC:1774
ENSG00000146872,TLK2,TLK2,"",11011,tousled like kinase 2 [Source:HGNC Symbol;Acc:HGNC:11842],Other,TLK,"",Other,TLK,"",HGNC:11842
ENSG00000198909,MAP3K3,MAP3K3,Q99759,4215,mitogen-activated protein kinase kinase kinase 3 [Source:HGNC Symbol;Acc:HGNC:6855],STE,STE11,"",STE,STE11,"",HGNC:6855
ENSG00000152332,UHMK1,UHMK1,Q8TAS1,127933,U2AF homology motif kinase 1 [Source:HGNC Symbol;Acc:HGNC:19683],,,,,,,HGNC:19683
ENSG00000162302,RPS6KA4,RPS6KA4,"",8986,ribosomal protein S6 kinase A4 [Source:HGNC Symbol;Acc:HGNC:10433],,,,,,,HGNC:10433
ENSG00000086232,EIF2AK1,EIF2AK1,Q9BQI3,27102,eukaryotic translation initiation factor 2 alpha kinase 1 [Source:HGNC Symbol;Acc:HGNC:24921],,,,,,,HGNC:24921
ENSG00000114738,MAPKAPK3,MAPKAPK3,Q16644,7867,MAPK activated protein kinase 3 [Source:HGNC Symbol;Acc:HGNC:6888],CAMK,MAPKAPK,MAPKAPK,CAMK,MAPKAPK,MAPKAPK,HGNC:6888
ENSG00000142186,SCYL1,SCYL1,"",57410,SCY1 like pseudokinase 1 [Source:HGNC Symbol;Acc:HGNC:14372],Other,SCY1,"",Other,SCY1,"",HGNC:14372
ENSG00000196411,EPHB4,EPHB4,"",2050,EPH receptor B4 [Source:HGNC Symbol;Acc:HGNC:3395],TK,Eph,"",TK,Eph,"",HGNC:3395
ENSG00000154928,EPHB1,EPHB1,P54762,2047,EPH receptor B1 [Source:HGNC Symbol;Acc:HGNC:3392],TK,Eph,"",TK,Eph,"",HGNC:3392
ENSG00000070759,TESK2,TESK2,Q96S53,10420,testis associated actin remodelling kinase 2 [Source:HGNC Symbol;Acc:HGNC:11732],TKL,LISK,TESK,TKL,LISK,TESK,HGNC:11732
ENSG00000134070,IRAK2,IRAK2,O43187,3656,interleukin 1 receptor associated kinase 2 [Source:HGNC Symbol;Acc:HGNC:6113],TKL,IRAK,"",TKL,IRAK,"",HGNC:6113
ENSG00000065534,MYLK,MYLK,Q15746,4638,myosin light chain kinase [Source:HGNC Symbol;Acc:HGNC:7590],,,,,,,HGNC:7590
ENSG00000011566,MAP4K3,MAP4K3,Q8IVH8,8491,mitogen-activated protein kinase kinase kinase kinase 3 [Source:HGNC Symbol;Acc:HGNC:6865],,,,,,,HGNC:6865
ENSG00000160602,NEK8,NEK8,"",284086,NIMA related kinase 8 [Source:HGNC Symbol;Acc:HGNC:13387],Other,NEK,"",Other,NEK,"",HGNC:13387
ENSG00000114670,NEK11,NEK11,"",79858,NIMA related kinase 11 [Source:HGNC Symbol;Acc:HGNC:18593],Other,NEK,"",Other,NEK,"",HGNC:18593
ENSG00000065243,PKN2,PKN2,Q16513,5586,protein kinase N2 [Source:HGNC Symbol;Acc:HGNC:9406],AGC,PKN,"",AGC,PKN,"",HGNC:9406
ENSG00000006062,MAP3K14,MAP3K14,Q99558,9020,mitogen-activated protein kinase kinase kinase 14 [Source:HGNC Symbol;Acc:HGNC:6853],,,,,,,HGNC:6853
ENSG00000142733,MAP3K6,MAP3K6,O95382,9064,mitogen-activated protein kinase kinase kinase 6 [Source:HGNC Symbol;Acc:HGNC:6858],STE,STE11,"",STE,STE11,"",HGNC:6858
ENSG00000169418,NPR1,NPR1,P16066,4881,natriuretic peptide receptor 1 [Source:HGNC Symbol;Acc:HGNC:7943],,,,,,,HGNC:7943
ENSG00000196182,STK40,STK40,Q8N2I9,83931,serine/threonine kinase 40 [Source:HGNC Symbol;Acc:HGNC:21373],,,,,,,HGNC:21373
ENSG00000198400,NTRK1,NTRK1,"",4914,neurotrophic receptor tyrosine kinase 1 [Source:HGNC Symbol;Acc:HGNC:8031],,,,,,,HGNC:8031
ENSG00000133059,DSTYK,DSTYK,Q6XUX3,25778,dual serine/threonine and tyrosine protein kinase [Source:HGNC Symbol;Acc:HGNC:29043],,,,,,,HGNC:29043
ENSG00000091436,MAP3K20,MAP3K20,Q9NYL2,51776,mitogen-activated protein kinase kinase kinase 20 [Source:HGNC Symbol;Acc:HGNC:17797],,,,,,,HGNC:17797
ENSG00000198586,TLK1,TLK1,Q9UKI8,9874,tousled like kinase 1 [Source:HGNC Symbol;Acc:HGNC:11841],Other,TLK,"",Other,TLK,"",HGNC:11841
ENSG00000182866,LCK,LCK,"",3932,"LCK proto-oncogene, Src family tyrosine kinase [Source:HGNC Symbol;Acc:HGNC:6524]",TK,Src,"",TK,Src,"",HGNC:6524
ENSG00000151414,NEK7,NEK7,Q8TDX7,140609,NIMA related kinase 7 [Source:HGNC Symbol;Acc:HGNC:13386],Other,NEK,"",Other,NEK,"",HGNC:13386
ENSG00000028116,VRK2,VRK2,Q86Y07,7444,VRK serine/threonine kinase 2 [Source:HGNC Symbol;Acc:HGNC:12719],CK1,VRK,"",CK1,VRK,"",HGNC:12719
ENSG00000136643,RPS6KC1,RPS6KC1,Q96S38,26750,ribosomal protein S6 kinase C1 [Source:HGNC Symbol;Acc:HGNC:10439],,,,,,,HGNC:10439
ENSG00000143776,CDC42BPA,CDC42BPA,Q5VT25,8476,CDC42 binding protein kinase alpha [Source:HGNC Symbol;Acc:HGNC:1737],,,,,,,HGNC:1737
ENSG00000071054,MAP4K4,MAP4K4,"",9448,mitogen-activated protein kinase kinase kinase kinase 4 [Source:HGNC Symbol;Acc:HGNC:6866],,,,,,,HGNC:6866
ENSG00000066056,TIE1,TIE1,P35590,7075,tyrosine kinase with immunoglobulin like and EGF like domains 1 [Source:HGNC Symbol;Acc:HGNC:11809],TK,Tie,"",TK,Tie,"",HGNC:11809
ENSG00000067606,PRKCZ,PRKCZ,Q05513,5590,protein kinase C zeta [Source:HGNC Symbol;Acc:HGNC:9412],,,,,,,HGNC:9412
ENSG00000000457,SCYL3,SCYL3,Q8IZE3,57147,SCY1 like pseudokinase 3 [Source:HGNC Symbol;Acc:HGNC:19285],Other,SCY1,"",Other,SCY1,"",HGNC:19285
ENSG00000162733,DDR2,DDR2,Q16832,4921,discoidin domain receptor tyrosine kinase 2 [Source:HGNC Symbol;Acc:HGNC:2731],TK,DDR,"",TK,DDR,"",HGNC:2731
ENSG00000079277,MKNK1,MKNK1,"",8569,MAPK interacting serine/threonine kinase 1 [Source:HGNC Symbol;Acc:HGNC:7110],,,,,,,HGNC:7110
ENSG00000000938,FGR,FGR,P09769,2268,"FGR proto-oncogene, Src family tyrosine kinase [Source:HGNC Symbol;Acc:HGNC:3697]",TK,Src,"",TK,Src,"",HGNC:3697
ENSG00000162434,JAK1,JAK1,P23458,3716,Janus kinase 1 [Source:HGNC Symbol;Acc:HGNC:6190],TK,JakA,"",TK,JakA,"",HGNC:6190
